ImagePath,Label
135_6_982_378_0.806.png,11
135_6_982_378_0.806.png,2
135_6_982_378_0.806.png,9
135_6_982_378_0.806.png,10
135_6_982_378_0.806.png,15
135_6_982_378_0.806.png,14
135_6_982_378_0.806.png,12
135_6_982_378_0.806.png,4
135_6_982_378_0.806.png,5
135_6_982_378_0.806.png,7
135_6_982_378_0.806.png,18
135_6_982_378_0.806.png,22
135_6_982_378_0.806.png,12
135_6_982_378_0.806.png,17
135_6_982_378_0.806.png,3
135_6_982_378_0.806.png,5
135_6_982_378_0.806.png,19
135_6_982_378_0.806.png,21
135_6_982_378_0.806.png,7
135_6_982_378_0.806.png,3
135_6_982_378_0.806.png,9
135_6_982_378_0.806.png,18
135_6_982_378_0.806.png,23
135_6_982_378_0.806.png,1
135_6_982_378_0.806.png,16
135_6_982_378_0.806.png,15
135_6_982_378_0.806.png,1
135_6_982_378_0.806.png,19
135_6_982_378_0.806.png,22
135_6_982_378_0.806.png,8
135_6_982_378_0.806.png,13
135_6_982_378_0.806.png,11
135_6_982_378_0.806.png,20
135_6_982_378_0.806.png,20
135_6_982_378_0.806.png,2
135_6_982_378_0.806.png,13
135_6_982_378_0.806.png,10
135_6_982_378_0.806.png,24
135_6_982_378_0.806.png,14
135_6_982_378_0.806.png,8
135_6_982_378_0.806.png,16
135_6_982_378_0.806.png,4
135_6_982_378_0.806.png,17
135_6_982_378_0.806.png,6
135_6_982_378_0.806.png,21
151_4_786_411_0.774.png,22
151_4_786_411_0.774.png,2
151_4_786_411_0.774.png,21
151_4_786_411_0.774.png,20
151_4_786_411_0.774.png,4
151_4_786_411_0.774.png,3
151_4_786_411_0.774.png,7
151_4_786_411_0.774.png,22
151_4_786_411_0.774.png,14
151_4_786_411_0.774.png,1
151_4_786_411_0.774.png,7
151_4_786_411_0.774.png,19
151_4_786_411_0.774.png,1
151_4_786_411_0.774.png,11
151_4_786_411_0.774.png,18
151_4_786_411_0.774.png,5
151_4_786_411_0.774.png,13
151_4_786_411_0.774.png,6
151_4_786_411_0.774.png,13
151_4_786_411_0.774.png,17
151_4_786_411_0.774.png,17
151_4_786_411_0.774.png,10
151_4_786_411_0.774.png,10
151_4_786_411_0.774.png,9
151_4_786_411_0.774.png,12
151_4_786_411_0.774.png,16
151_4_786_411_0.774.png,2
151_4_786_411_0.774.png,16
151_4_786_411_0.774.png,24
151_4_786_411_0.774.png,6
151_4_786_411_0.774.png,12
152_1_835_411_0.786.png,6
152_1_835_411_0.786.png,1
152_1_835_411_0.786.png,14
152_1_835_411_0.786.png,10
152_1_835_411_0.786.png,12
152_1_835_411_0.786.png,17
152_1_835_411_0.786.png,6
152_1_835_411_0.786.png,9
152_1_835_411_0.786.png,4
152_1_835_411_0.786.png,18
152_1_835_411_0.786.png,20
152_1_835_411_0.786.png,7
152_1_835_411_0.786.png,22
152_1_835_411_0.786.png,3
152_1_835_411_0.786.png,16
152_1_835_411_0.786.png,18
152_1_835_411_0.786.png,7
152_1_835_411_0.786.png,22
152_1_835_411_0.786.png,3
152_1_835_411_0.786.png,13
152_1_835_411_0.786.png,13
152_1_835_411_0.786.png,15
152_1_835_411_0.786.png,14
152_1_835_411_0.786.png,4
152_1_835_411_0.786.png,11
152_1_835_411_0.786.png,12
152_1_835_411_0.786.png,21
152_1_835_411_0.786.png,15
152_1_835_411_0.786.png,5
152_1_835_411_0.786.png,8
152_1_835_411_0.786.png,23
152_1_835_411_0.786.png,5
152_1_835_411_0.786.png,24
152_1_835_411_0.786.png,20
152_1_835_411_0.786.png,2
152_1_835_411_0.786.png,17
152_1_835_411_0.786.png,8
152_1_835_411_0.786.png,11
152_1_835_411_0.786.png,2
152_1_835_411_0.786.png,21
152_1_835_411_0.786.png,10
152_1_835_411_0.786.png,16
152_1_835_411_0.786.png,1
62_2_345_279_0.701.png,13
62_2_345_279_0.701.png,23
62_2_345_279_0.701.png,15
62_2_345_279_0.701.png,6
62_2_345_279_0.701.png,7
62_2_345_279_0.701.png,10
62_2_345_279_0.701.png,21
62_2_345_279_0.701.png,24
62_2_345_279_0.701.png,3
62_2_345_279_0.701.png,4
62_2_345_279_0.701.png,14
62_2_345_279_0.701.png,22
62_2_345_279_0.701.png,8
62_2_345_279_0.701.png,18
62_2_345_279_0.701.png,17
62_2_345_279_0.701.png,1
62_2_345_279_0.701.png,12
62_2_345_279_0.701.png,2
62_2_345_279_0.701.png,3
62_2_345_279_0.701.png,21
62_2_345_279_0.701.png,14
62_2_345_279_0.701.png,22
62_2_345_279_0.701.png,20
62_2_345_279_0.701.png,4
62_2_345_279_0.701.png,9
62_2_345_279_0.701.png,1
62_2_345_279_0.701.png,16
62_2_345_279_0.701.png,5
62_2_345_279_0.701.png,8
62_2_345_279_0.701.png,16
62_2_345_279_0.701.png,2
62_2_345_279_0.701.png,15
62_2_345_279_0.701.png,20
62_2_345_279_0.701.png,11
62_2_345_279_0.701.png,9
62_2_345_279_0.701.png,19
62_2_345_279_0.701.png,17
62_2_345_279_0.701.png,12
62_2_345_279_0.701.png,13
62_2_345_279_0.701.png,5
62_2_345_279_0.701.png,10
62_2_345_279_0.701.png,7
62_2_345_279_0.701.png,18
62_2_345_279_0.701.png,19
62_2_345_279_0.701.png,11
62_2_345_279_0.701.png,6
63_3_394_279_0.814.png,16
63_3_394_279_0.814.png,18
63_3_394_279_0.814.png,3
63_3_394_279_0.814.png,12
63_3_394_279_0.814.png,21
63_3_394_279_0.814.png,2
63_3_394_279_0.814.png,21
63_3_394_279_0.814.png,22
63_3_394_279_0.814.png,8
63_3_394_279_0.814.png,14
63_3_394_279_0.814.png,9
63_3_394_279_0.814.png,13
63_3_394_279_0.814.png,11
63_3_394_279_0.814.png,9
63_3_394_279_0.814.png,10
63_3_394_279_0.814.png,22
63_3_394_279_0.814.png,8
63_3_394_279_0.814.png,16
63_3_394_279_0.814.png,7
63_3_394_279_0.814.png,4
63_3_394_279_0.814.png,11
63_3_394_279_0.814.png,13
63_3_394_279_0.814.png,7
63_3_394_279_0.814.png,6
63_3_394_279_0.814.png,23
63_3_394_279_0.814.png,5
63_3_394_279_0.814.png,17
63_3_394_279_0.814.png,20
63_3_394_279_0.814.png,10
63_3_394_279_0.814.png,20
63_3_394_279_0.814.png,3
63_3_394_279_0.814.png,17
63_3_394_279_0.814.png,18
63_3_394_279_0.814.png,2
63_3_394_279_0.814.png,19
63_3_394_279_0.814.png,6
63_3_394_279_0.814.png,12
63_3_394_279_0.814.png,1
63_3_394_279_0.814.png,14
63_3_394_279_0.814.png,5
63_3_394_279_0.814.png,15
63_3_394_279_0.814.png,19
63_3_394_279_0.814.png,1
63_3_394_279_0.814.png,15
63_3_394_279_0.814.png,4
63_3_394_279_0.814.png,24
218_5_1129_510_0.594.png,7
218_5_1129_510_0.594.png,8
218_5_1129_510_0.594.png,19
218_5_1129_510_0.594.png,6
218_5_1129_510_0.594.png,6
218_5_1129_510_0.594.png,3
218_5_1129_510_0.594.png,4
218_5_1129_510_0.594.png,12
218_5_1129_510_0.594.png,22
218_5_1129_510_0.594.png,16
218_5_1129_510_0.594.png,2
218_5_1129_510_0.594.png,8
218_5_1129_510_0.594.png,5
218_5_1129_510_0.594.png,7
218_5_1129_510_0.594.png,20
218_5_1129_510_0.594.png,13
218_5_1129_510_0.594.png,15
218_5_1129_510_0.594.png,14
218_5_1129_510_0.594.png,10
218_5_1129_510_0.594.png,2
218_5_1129_510_0.594.png,15
218_5_1129_510_0.594.png,10
218_5_1129_510_0.594.png,23
218_5_1129_510_0.594.png,13
218_5_1129_510_0.594.png,1
218_5_1129_510_0.594.png,11
218_5_1129_510_0.594.png,11
218_5_1129_510_0.594.png,18
218_5_1129_510_0.594.png,9
218_5_1129_510_0.594.png,4
218_5_1129_510_0.594.png,1
218_5_1129_510_0.594.png,9
218_5_1129_510_0.594.png,3
218_5_1129_510_0.594.png,24
218_5_1129_510_0.594.png,16
218_5_1129_510_0.594.png,12
218_5_1129_510_0.594.png,21
218_5_1129_510_0.594.png,5
218_5_1129_510_0.594.png,17
218_5_1129_510_0.594.png,17
218_5_1129_510_0.594.png,20
218_5_1129_510_0.594.png,19
218_5_1129_510_0.594.png,21
218_5_1129_510_0.594.png,14
218_5_1129_510_0.594.png,22
224_2_443_543_0.618.png,12
224_2_443_543_0.618.png,1
224_2_443_543_0.618.png,5
224_2_443_543_0.618.png,4
224_2_443_543_0.618.png,19
224_2_443_543_0.618.png,6
224_2_443_543_0.618.png,22
224_2_443_543_0.618.png,2
224_2_443_543_0.618.png,15
224_2_443_543_0.618.png,18
224_2_443_543_0.618.png,14
224_2_443_543_0.618.png,17
224_2_443_543_0.618.png,20
224_2_443_543_0.618.png,4
224_2_443_543_0.618.png,20
224_2_443_543_0.618.png,13
224_2_443_543_0.618.png,17
224_2_443_543_0.618.png,21
224_2_443_543_0.618.png,7
224_2_443_543_0.618.png,23
224_2_443_543_0.618.png,7
224_2_443_543_0.618.png,2
224_2_443_543_0.618.png,8
224_2_443_543_0.618.png,6
224_2_443_543_0.618.png,14
224_2_443_543_0.618.png,9
224_2_443_543_0.618.png,24
224_2_443_543_0.618.png,18
224_2_443_543_0.618.png,21
224_2_443_543_0.618.png,3
224_2_443_543_0.618.png,1
224_2_443_543_0.618.png,11
224_2_443_543_0.618.png,16
224_2_443_543_0.618.png,12
224_2_443_543_0.618.png,15
224_2_443_543_0.618.png,11
224_2_443_543_0.618.png,19
224_2_443_543_0.618.png,3
224_2_443_543_0.618.png,5
224_2_443_543_0.618.png,16
224_2_443_543_0.618.png,22
224_2_443_543_0.618.png,10
224_2_443_543_0.618.png,10
224_2_443_543_0.618.png,8
97_1_1080_312_0.840.png,7
97_1_1080_312_0.840.png,7
97_1_1080_312_0.840.png,20
97_1_1080_312_0.840.png,9
97_1_1080_312_0.840.png,1
97_1_1080_312_0.840.png,11
97_1_1080_312_0.840.png,16
97_1_1080_312_0.840.png,18
97_1_1080_312_0.840.png,8
97_1_1080_312_0.840.png,12
97_1_1080_312_0.840.png,5
97_1_1080_312_0.840.png,21
97_1_1080_312_0.840.png,4
97_1_1080_312_0.840.png,22
97_1_1080_312_0.840.png,15
97_1_1080_312_0.840.png,5
97_1_1080_312_0.840.png,10
97_1_1080_312_0.840.png,1
97_1_1080_312_0.840.png,12
97_1_1080_312_0.840.png,18
97_1_1080_312_0.840.png,2
97_1_1080_312_0.840.png,15
97_1_1080_312_0.840.png,16
97_1_1080_312_0.840.png,17
97_1_1080_312_0.840.png,6
97_1_1080_312_0.840.png,14
97_1_1080_312_0.840.png,10
97_1_1080_312_0.840.png,8
97_1_1080_312_0.840.png,2
97_1_1080_312_0.840.png,16
97_1_1080_312_0.840.png,9
97_1_1080_312_0.840.png,21
97_1_1080_312_0.840.png,13
97_1_1080_312_0.840.png,17
97_1_1080_312_0.840.png,3
97_1_1080_312_0.840.png,3
97_1_1080_312_0.840.png,14
97_1_1080_312_0.840.png,11
97_1_1080_312_0.840.png,6
97_1_1080_312_0.840.png,4
97_1_1080_312_0.840.png,19
97_1_1080_312_0.840.png,24
97_1_1080_312_0.840.png,13
97_1_1080_312_0.840.png,20
28_3_639_213_0.456.png,15
28_3_639_213_0.456.png,7
28_3_639_213_0.456.png,14
28_3_639_213_0.456.png,20
28_3_639_213_0.456.png,12
28_3_639_213_0.456.png,13
28_3_639_213_0.456.png,14
28_3_639_213_0.456.png,17
28_3_639_213_0.456.png,6
28_3_639_213_0.456.png,3
28_3_639_213_0.456.png,18
28_3_639_213_0.456.png,2
28_3_639_213_0.456.png,22
28_3_639_213_0.456.png,9
28_3_639_213_0.456.png,19
28_3_639_213_0.456.png,4
28_3_639_213_0.456.png,13
28_3_639_213_0.456.png,11
28_3_639_213_0.456.png,1
28_3_639_213_0.456.png,23
28_3_639_213_0.456.png,21
28_3_639_213_0.456.png,8
28_3_639_213_0.456.png,18
28_3_639_213_0.456.png,5
28_3_639_213_0.456.png,1
28_3_639_213_0.456.png,12
28_3_639_213_0.456.png,24
28_3_639_213_0.456.png,19
28_3_639_213_0.456.png,10
28_3_639_213_0.456.png,9
28_3_639_213_0.456.png,16
28_3_639_213_0.456.png,2
28_3_639_213_0.456.png,10
28_3_639_213_0.456.png,4
28_3_639_213_0.456.png,20
28_3_639_213_0.456.png,11
28_3_639_213_0.456.png,5
28_3_639_213_0.456.png,8
28_3_639_213_0.456.png,6
28_3_639_213_0.456.png,18
28_3_639_213_0.456.png,3
28_3_639_213_0.456.png,16
28_3_639_213_0.456.png,21
28_3_639_213_0.456.png,22
181_1_296_477_0.681.png,13
181_1_296_477_0.681.png,2
181_1_296_477_0.681.png,20
181_1_296_477_0.681.png,17
181_1_296_477_0.681.png,24
181_1_296_477_0.681.png,2
181_1_296_477_0.681.png,5
181_1_296_477_0.681.png,12
181_1_296_477_0.681.png,22
181_1_296_477_0.681.png,4
181_1_296_477_0.681.png,6
181_1_296_477_0.681.png,19
181_1_296_477_0.681.png,16
181_1_296_477_0.681.png,8
181_1_296_477_0.681.png,8
181_1_296_477_0.681.png,15
181_1_296_477_0.681.png,10
181_1_296_477_0.681.png,12
181_1_296_477_0.681.png,18
181_1_296_477_0.681.png,11
181_1_296_477_0.681.png,14
181_1_296_477_0.681.png,13
181_1_296_477_0.681.png,12
181_1_296_477_0.681.png,20
181_1_296_477_0.681.png,3
181_1_296_477_0.681.png,7
181_1_296_477_0.681.png,17
181_1_296_477_0.681.png,1
181_1_296_477_0.681.png,16
181_1_296_477_0.681.png,10
181_1_296_477_0.681.png,19
181_1_296_477_0.681.png,22
181_1_296_477_0.681.png,5
181_1_296_477_0.681.png,11
181_1_296_477_0.681.png,23
181_1_296_477_0.681.png,7
181_1_296_477_0.681.png,18
181_1_296_477_0.681.png,6
181_1_296_477_0.681.png,21
181_1_296_477_0.681.png,17
181_1_296_477_0.681.png,17
181_1_296_477_0.681.png,3
181_1_296_477_0.681.png,1
181_1_296_477_0.681.png,12
181_1_296_477_0.681.png,4
203_1_394_510_0.460.png,8
203_1_394_510_0.460.png,11
203_1_394_510_0.460.png,21
203_1_394_510_0.460.png,16
203_1_394_510_0.460.png,5
203_1_394_510_0.460.png,18
203_1_394_510_0.460.png,20
203_1_394_510_0.460.png,2
203_1_394_510_0.460.png,14
203_1_394_510_0.460.png,23
203_1_394_510_0.460.png,22
203_1_394_510_0.460.png,19
203_1_394_510_0.460.png,1
203_1_394_510_0.460.png,7
203_1_394_510_0.460.png,1
203_1_394_510_0.460.png,3
203_1_394_510_0.460.png,2
203_1_394_510_0.460.png,22
203_1_394_510_0.460.png,13
203_1_394_510_0.460.png,16
203_1_394_510_0.460.png,10
203_1_394_510_0.460.png,10
203_1_394_510_0.460.png,21
203_1_394_510_0.460.png,12
203_1_394_510_0.460.png,17
203_1_394_510_0.460.png,4
203_1_394_510_0.460.png,9
203_1_394_510_0.460.png,14
203_1_394_510_0.460.png,12
203_1_394_510_0.460.png,5
203_1_394_510_0.460.png,19
203_1_394_510_0.460.png,4
203_1_394_510_0.460.png,15
203_1_394_510_0.460.png,8
203_1_394_510_0.460.png,3
203_1_394_510_0.460.png,18
203_1_394_510_0.460.png,6
203_1_394_510_0.460.png,20
203_1_394_510_0.460.png,9
203_1_394_510_0.460.png,17
203_1_394_510_0.460.png,24
203_1_394_510_0.460.png,11
203_1_394_510_0.460.png,15
203_1_394_510_0.460.png,6
203_1_394_510_0.460.png,7
203_1_394_510_0.460.png,13
189_4_688_477_0.922.png,21
189_4_688_477_0.922.png,9
189_4_688_477_0.922.png,8
189_4_688_477_0.922.png,1
189_4_688_477_0.922.png,1
189_4_688_477_0.922.png,12
189_4_688_477_0.922.png,12
189_4_688_477_0.922.png,7
189_4_688_477_0.922.png,13
189_4_688_477_0.922.png,11
189_4_688_477_0.922.png,10
189_4_688_477_0.922.png,23
189_4_688_477_0.922.png,11
189_4_688_477_0.922.png,6
189_4_688_477_0.922.png,15
189_4_688_477_0.922.png,10
189_4_688_477_0.922.png,8
189_4_688_477_0.922.png,7
189_4_688_477_0.922.png,1
189_4_688_477_0.922.png,24
189_4_688_477_0.922.png,5
189_4_688_477_0.922.png,9
189_4_688_477_0.922.png,20
189_4_688_477_0.922.png,16
189_4_688_477_0.922.png,9
189_4_688_477_0.922.png,13
189_4_688_477_0.922.png,22
189_4_688_477_0.922.png,10
189_4_688_477_0.922.png,1
189_4_688_477_0.922.png,11
189_4_688_477_0.922.png,7
189_4_688_477_0.922.png,6
189_4_688_477_0.922.png,14
189_4_688_477_0.922.png,18
189_4_688_477_0.922.png,10
189_4_688_477_0.922.png,20
189_4_688_477_0.922.png,21
189_4_688_477_0.922.png,18
189_4_688_477_0.922.png,9
189_4_688_477_0.922.png,7
189_4_688_477_0.922.png,3
189_4_688_477_0.922.png,19
189_4_688_477_0.922.png,3
189_4_688_477_0.922.png,18
189_4_688_477_0.922.png,13
189_4_688_477_0.922.png,24
189_4_688_477_0.922.png,16
189_4_688_477_0.922.png,6
189_4_688_477_0.922.png,2
189_4_688_477_0.922.png,2
189_4_688_477_0.922.png,8
189_4_688_477_0.922.png,21
189_4_688_477_0.922.png,22
189_4_688_477_0.922.png,18
189_4_688_477_0.922.png,17
189_4_688_477_0.922.png,5
189_4_688_477_0.922.png,3
189_4_688_477_0.922.png,12
189_4_688_477_0.922.png,19
189_4_688_477_0.922.png,20
189_4_688_477_0.922.png,4
189_4_688_477_0.922.png,23
189_4_688_477_0.922.png,12
189_4_688_477_0.922.png,5
189_4_688_477_0.922.png,20
189_4_688_477_0.922.png,16
189_4_688_477_0.922.png,4
189_4_688_477_0.922.png,21
189_4_688_477_0.922.png,13
189_4_688_477_0.922.png,15
189_4_688_477_0.922.png,14
189_4_688_477_0.922.png,22
189_4_688_477_0.922.png,4
189_4_688_477_0.922.png,15
189_4_688_477_0.922.png,22
189_4_688_477_0.922.png,17
189_4_688_477_0.922.png,19
189_4_688_477_0.922.png,5
189_4_688_477_0.922.png,14
189_4_688_477_0.922.png,4
189_4_688_477_0.922.png,17
189_4_688_477_0.922.png,3
189_4_688_477_0.922.png,2
189_4_688_477_0.922.png,19
189_4_688_477_0.922.png,18
189_4_688_477_0.922.png,2
205_2_492_510_0.910.png,19
205_2_492_510_0.910.png,17
205_2_492_510_0.910.png,13
205_2_492_510_0.910.png,10
205_2_492_510_0.910.png,17
205_2_492_510_0.910.png,7
205_2_492_510_0.910.png,15
205_2_492_510_0.910.png,11
205_2_492_510_0.910.png,19
205_2_492_510_0.910.png,18
205_2_492_510_0.910.png,23
205_2_492_510_0.910.png,2
205_2_492_510_0.910.png,14
205_2_492_510_0.910.png,1
205_2_492_510_0.910.png,11
205_2_492_510_0.910.png,21
205_2_492_510_0.910.png,13
205_2_492_510_0.910.png,12
205_2_492_510_0.910.png,12
205_2_492_510_0.910.png,15
205_2_492_510_0.910.png,18
205_2_492_510_0.910.png,9
205_2_492_510_0.910.png,7
205_2_492_510_0.910.png,4
205_2_492_510_0.910.png,20
205_2_492_510_0.910.png,6
205_2_492_510_0.910.png,21
205_2_492_510_0.910.png,16
205_2_492_510_0.910.png,5
205_2_492_510_0.910.png,4
205_2_492_510_0.910.png,10
205_2_492_510_0.910.png,14
205_2_492_510_0.910.png,3
205_2_492_510_0.910.png,6
205_2_492_510_0.910.png,5
205_2_492_510_0.910.png,20
205_2_492_510_0.910.png,16
205_2_492_510_0.910.png,4
205_2_492_510_0.910.png,1
205_2_492_510_0.910.png,22
205_2_492_510_0.910.png,4
205_2_492_510_0.910.png,2
205_2_492_510_0.910.png,9
205_2_492_510_0.910.png,3
205_2_492_510_0.910.png,22
185_1_492_477_0.820.png,3
185_1_492_477_0.820.png,22
185_1_492_477_0.820.png,20
185_1_492_477_0.820.png,18
185_1_492_477_0.820.png,21
185_1_492_477_0.820.png,3
185_1_492_477_0.820.png,4
185_1_492_477_0.820.png,8
185_1_492_477_0.820.png,4
185_1_492_477_0.820.png,10
185_1_492_477_0.820.png,15
185_1_492_477_0.820.png,20
185_1_492_477_0.820.png,17
185_1_492_477_0.820.png,13
185_1_492_477_0.820.png,14
185_1_492_477_0.820.png,1
185_1_492_477_0.820.png,19
185_1_492_477_0.820.png,6
185_1_492_477_0.820.png,6
185_1_492_477_0.820.png,16
185_1_492_477_0.820.png,13
185_1_492_477_0.820.png,22
185_1_492_477_0.820.png,15
185_1_492_477_0.820.png,17
185_1_492_477_0.820.png,10
185_1_492_477_0.820.png,5
185_1_492_477_0.820.png,7
185_1_492_477_0.820.png,22
185_1_492_477_0.820.png,5
185_1_492_477_0.820.png,14
185_1_492_477_0.820.png,18
185_1_492_477_0.820.png,19
185_1_492_477_0.820.png,24
185_1_492_477_0.820.png,11
185_1_492_477_0.820.png,9
185_1_492_477_0.820.png,1
185_1_492_477_0.820.png,11
185_1_492_477_0.820.png,2
185_1_492_477_0.820.png,12
185_1_492_477_0.820.png,23
185_1_492_477_0.820.png,12
185_1_492_477_0.820.png,9
185_1_492_477_0.820.png,2
185_1_492_477_0.820.png,7
185_1_492_477_0.820.png,8
185_1_492_477_0.820.png,16
201_4_296_510_0.788.png,2
201_4_296_510_0.788.png,21
201_4_296_510_0.788.png,14
201_4_296_510_0.788.png,21
201_4_296_510_0.788.png,13
201_4_296_510_0.788.png,23
201_4_296_510_0.788.png,6
201_4_296_510_0.788.png,8
201_4_296_510_0.788.png,14
201_4_296_510_0.788.png,22
201_4_296_510_0.788.png,16
201_4_296_510_0.788.png,18
201_4_296_510_0.788.png,19
201_4_296_510_0.788.png,15
201_4_296_510_0.788.png,17
201_4_296_510_0.788.png,7
201_4_296_510_0.788.png,20
201_4_296_510_0.788.png,8
201_4_296_510_0.788.png,15
201_4_296_510_0.788.png,19
201_4_296_510_0.788.png,11
201_4_296_510_0.788.png,11
201_4_296_510_0.788.png,2
201_4_296_510_0.788.png,9
201_4_296_510_0.788.png,1
201_4_296_510_0.788.png,12
201_4_296_510_0.788.png,22
201_4_296_510_0.788.png,4
201_4_296_510_0.788.png,1
201_4_296_510_0.788.png,10
201_4_296_510_0.788.png,12
201_4_296_510_0.788.png,10
201_4_296_510_0.788.png,18
201_4_296_510_0.788.png,3
201_4_296_510_0.788.png,5
201_4_296_510_0.788.png,20
201_4_296_510_0.788.png,13
201_4_296_510_0.788.png,17
201_4_296_510_0.788.png,20
201_4_296_510_0.788.png,9
201_4_296_510_0.788.png,6
201_4_296_510_0.788.png,16
201_4_296_510_0.788.png,4
201_4_296_510_0.788.png,5
201_4_296_510_0.788.png,24
201_4_296_510_0.788.png,3
101_1_296_345_0.791.png,15
101_1_296_345_0.791.png,6
101_1_296_345_0.791.png,1
101_1_296_345_0.791.png,10
101_1_296_345_0.791.png,12
101_1_296_345_0.791.png,2
101_1_296_345_0.791.png,5
101_1_296_345_0.791.png,16
101_1_296_345_0.791.png,19
101_1_296_345_0.791.png,1
101_1_296_345_0.791.png,6
101_1_296_345_0.791.png,14
101_1_296_345_0.791.png,14
101_1_296_345_0.791.png,2
101_1_296_345_0.791.png,8
101_1_296_345_0.791.png,17
101_1_296_345_0.791.png,20
101_1_296_345_0.791.png,9
101_1_296_345_0.791.png,24
101_1_296_345_0.791.png,22
101_1_296_345_0.791.png,12
101_1_296_345_0.791.png,8
101_1_296_345_0.791.png,21
101_1_296_345_0.791.png,19
101_1_296_345_0.791.png,7
101_1_296_345_0.791.png,4
101_1_296_345_0.791.png,21
101_1_296_345_0.791.png,5
101_1_296_345_0.791.png,13
101_1_296_345_0.791.png,20
101_1_296_345_0.791.png,18
101_1_296_345_0.791.png,3
101_1_296_345_0.791.png,4
101_1_296_345_0.791.png,3
101_1_296_345_0.791.png,17
101_1_296_345_0.791.png,15
101_1_296_345_0.791.png,9
101_1_296_345_0.791.png,18
101_1_296_345_0.791.png,7
101_1_296_345_0.791.png,16
101_1_296_345_0.791.png,23
101_1_296_345_0.791.png,22
101_1_296_345_0.791.png,11
101_1_296_345_0.791.png,11
101_1_296_345_0.791.png,10
125_4_492_378_0.588.png,6
125_4_492_378_0.588.png,13
125_4_492_378_0.588.png,6
125_4_492_378_0.588.png,10
125_4_492_378_0.588.png,4
125_4_492_378_0.588.png,11
125_4_492_378_0.588.png,7
125_4_492_378_0.588.png,15
125_4_492_378_0.588.png,19
125_4_492_378_0.588.png,9
125_4_492_378_0.588.png,13
125_4_492_378_0.588.png,12
125_4_492_378_0.588.png,14
125_4_492_378_0.588.png,18
125_4_492_378_0.588.png,18
125_4_492_378_0.588.png,12
125_4_492_378_0.588.png,10
125_4_492_378_0.588.png,15
125_4_492_378_0.588.png,1
125_4_492_378_0.588.png,17
125_4_492_378_0.588.png,14
125_4_492_378_0.588.png,20
125_4_492_378_0.588.png,7
125_4_492_378_0.588.png,3
125_4_492_378_0.588.png,2
125_4_492_378_0.588.png,24
125_4_492_378_0.588.png,16
125_4_492_378_0.588.png,3
125_4_492_378_0.588.png,22
125_4_492_378_0.588.png,8
125_4_492_378_0.588.png,23
125_4_492_378_0.588.png,19
125_4_492_378_0.588.png,17
125_4_492_378_0.588.png,21
125_4_492_378_0.588.png,5
125_4_492_378_0.588.png,9
125_4_492_378_0.588.png,5
125_4_492_378_0.588.png,1
125_4_492_378_0.588.png,11
125_4_492_378_0.588.png,8
125_4_492_378_0.588.png,20
125_4_492_378_0.588.png,16
125_4_492_378_0.588.png,21
125_4_492_378_0.588.png,2
125_4_492_378_0.588.png,4
110_2_737_345_0.515.png,5
110_2_737_345_0.515.png,18
110_2_737_345_0.515.png,5
110_2_737_345_0.515.png,15
110_2_737_345_0.515.png,2
110_2_737_345_0.515.png,8
110_2_737_345_0.515.png,1
110_2_737_345_0.515.png,10
110_2_737_345_0.515.png,19
110_2_737_345_0.515.png,9
110_2_737_345_0.515.png,17
110_2_737_345_0.515.png,2
110_2_737_345_0.515.png,16
110_2_737_345_0.515.png,3
110_2_737_345_0.515.png,22
110_2_737_345_0.515.png,9
110_2_737_345_0.515.png,8
110_2_737_345_0.515.png,18
110_2_737_345_0.515.png,13
110_2_737_345_0.515.png,19
110_2_737_345_0.515.png,10
110_2_737_345_0.515.png,14
110_2_737_345_0.515.png,20
110_2_737_345_0.515.png,23
110_2_737_345_0.515.png,4
110_2_737_345_0.515.png,7
110_2_737_345_0.515.png,11
110_2_737_345_0.515.png,7
110_2_737_345_0.515.png,21
110_2_737_345_0.515.png,6
110_2_737_345_0.515.png,6
110_2_737_345_0.515.png,11
110_2_737_345_0.515.png,15
110_2_737_345_0.515.png,24
110_2_737_345_0.515.png,17
110_2_737_345_0.515.png,12
110_2_737_345_0.515.png,1
110_2_737_345_0.515.png,4
110_2_737_345_0.515.png,14
110_2_737_345_0.515.png,16
102_3_345_345_0.851.png,9
102_3_345_345_0.851.png,22
102_3_345_345_0.851.png,16
102_3_345_345_0.851.png,7
102_3_345_345_0.851.png,9
102_3_345_345_0.851.png,7
102_3_345_345_0.851.png,10
102_3_345_345_0.851.png,6
102_3_345_345_0.851.png,20
102_3_345_345_0.851.png,4
102_3_345_345_0.851.png,15
102_3_345_345_0.851.png,16
102_3_345_345_0.851.png,17
102_3_345_345_0.851.png,17
102_3_345_345_0.851.png,6
102_3_345_345_0.851.png,2
102_3_345_345_0.851.png,20
102_3_345_345_0.851.png,19
102_3_345_345_0.851.png,1
102_3_345_345_0.851.png,18
102_3_345_345_0.851.png,10
102_3_345_345_0.851.png,3
102_3_345_345_0.851.png,14
102_3_345_345_0.851.png,12
102_3_345_345_0.851.png,8
102_3_345_345_0.851.png,5
102_3_345_345_0.851.png,15
102_3_345_345_0.851.png,3
102_3_345_345_0.851.png,21
102_3_345_345_0.851.png,21
102_3_345_345_0.851.png,13
102_3_345_345_0.851.png,23
102_3_345_345_0.851.png,12
102_3_345_345_0.851.png,19
102_3_345_345_0.851.png,2
102_3_345_345_0.851.png,1
102_3_345_345_0.851.png,5
102_3_345_345_0.851.png,24
102_3_345_345_0.851.png,11
102_3_345_345_0.851.png,8
138_8_1129_378_0.885.png,24
138_8_1129_378_0.885.png,16
138_8_1129_378_0.885.png,15
138_8_1129_378_0.885.png,11
138_8_1129_378_0.885.png,5
138_8_1129_378_0.885.png,10
138_8_1129_378_0.885.png,23
138_8_1129_378_0.885.png,5
138_8_1129_378_0.885.png,4
138_8_1129_378_0.885.png,22
138_8_1129_378_0.885.png,9
138_8_1129_378_0.885.png,1
138_8_1129_378_0.885.png,14
138_8_1129_378_0.885.png,4
138_8_1129_378_0.885.png,13
138_8_1129_378_0.885.png,6
138_8_1129_378_0.885.png,11
138_8_1129_378_0.885.png,15
138_8_1129_378_0.885.png,13
138_8_1129_378_0.885.png,7
138_8_1129_378_0.885.png,14
138_8_1129_378_0.885.png,16
138_8_1129_378_0.885.png,3
138_8_1129_378_0.885.png,1
138_8_1129_378_0.885.png,6
138_8_1129_378_0.885.png,18
138_8_1129_378_0.885.png,9
138_8_1129_378_0.885.png,21
138_8_1129_378_0.885.png,20
138_8_1129_378_0.885.png,19
138_8_1129_378_0.885.png,20
138_8_1129_378_0.885.png,12
138_8_1129_378_0.885.png,12
138_8_1129_378_0.885.png,18
138_8_1129_378_0.885.png,8
138_8_1129_378_0.885.png,3
138_8_1129_378_0.885.png,22
138_8_1129_378_0.885.png,17
138_8_1129_378_0.885.png,17
138_8_1129_378_0.885.png,2
138_8_1129_378_0.885.png,10
138_8_1129_378_0.885.png,21
138_8_1129_378_0.885.png,19
138_8_1129_378_0.885.png,8
138_8_1129_378_0.885.png,2
138_8_1129_378_0.885.png,7
97_1_1080_312_0.928.png,22
97_1_1080_312_0.928.png,5
97_1_1080_312_0.928.png,7
97_1_1080_312_0.928.png,16
97_1_1080_312_0.928.png,5
97_1_1080_312_0.928.png,11
97_1_1080_312_0.928.png,21
97_1_1080_312_0.928.png,16
97_1_1080_312_0.928.png,14
97_1_1080_312_0.928.png,12
97_1_1080_312_0.928.png,4
97_1_1080_312_0.928.png,22
97_1_1080_312_0.928.png,6
97_1_1080_312_0.928.png,13
97_1_1080_312_0.928.png,1
97_1_1080_312_0.928.png,15
97_1_1080_312_0.928.png,1
97_1_1080_312_0.928.png,2
97_1_1080_312_0.928.png,18
97_1_1080_312_0.928.png,23
97_1_1080_312_0.928.png,2
97_1_1080_312_0.928.png,24
97_1_1080_312_0.928.png,14
97_1_1080_312_0.928.png,20
97_1_1080_312_0.928.png,7
97_1_1080_312_0.928.png,8
97_1_1080_312_0.928.png,13
97_1_1080_312_0.928.png,11
97_1_1080_312_0.928.png,19
97_1_1080_312_0.928.png,19
97_1_1080_312_0.928.png,9
97_1_1080_312_0.928.png,15
97_1_1080_312_0.928.png,10
97_1_1080_312_0.928.png,4
97_1_1080_312_0.928.png,18
97_1_1080_312_0.928.png,3
97_1_1080_312_0.928.png,6
97_1_1080_312_0.928.png,10
97_1_1080_312_0.928.png,8
97_1_1080_312_0.928.png,12
97_1_1080_312_0.928.png,3
97_1_1080_312_0.928.png,21
97_1_1080_312_0.928.png,9
97_1_1080_312_0.928.png,17
272_1_835_609_0.700.png,24
272_1_835_609_0.700.png,4
272_1_835_609_0.700.png,17
272_1_835_609_0.700.png,22
272_1_835_609_0.700.png,15
272_1_835_609_0.700.png,16
272_1_835_609_0.700.png,1
272_1_835_609_0.700.png,15
272_1_835_609_0.700.png,12
272_1_835_609_0.700.png,5
272_1_835_609_0.700.png,3
272_1_835_609_0.700.png,19
272_1_835_609_0.700.png,6
272_1_835_609_0.700.png,9
272_1_835_609_0.700.png,4
272_1_835_609_0.700.png,23
272_1_835_609_0.700.png,11
272_1_835_609_0.700.png,13
272_1_835_609_0.700.png,12
272_1_835_609_0.700.png,6
272_1_835_609_0.700.png,1
272_1_835_609_0.700.png,7
272_1_835_609_0.700.png,13
272_1_835_609_0.700.png,11
272_1_835_609_0.700.png,18
272_1_835_609_0.700.png,18
272_1_835_609_0.700.png,21
272_1_835_609_0.700.png,14
272_1_835_609_0.700.png,2
272_1_835_609_0.700.png,10
272_1_835_609_0.700.png,19
272_1_835_609_0.700.png,3
272_1_835_609_0.700.png,14
272_1_835_609_0.700.png,14
272_1_835_609_0.700.png,5
272_1_835_609_0.700.png,8
272_1_835_609_0.700.png,7
272_1_835_609_0.700.png,21
272_1_835_609_0.700.png,20
272_1_835_609_0.700.png,8
272_1_835_609_0.700.png,16
272_1_835_609_0.700.png,9
272_1_835_609_0.700.png,10
272_1_835_609_0.700.png,2
272_1_835_609_0.700.png,22
225_1_492_543_0.451.png,22
225_1_492_543_0.451.png,20
225_1_492_543_0.451.png,11
225_1_492_543_0.451.png,4
225_1_492_543_0.451.png,24
225_1_492_543_0.451.png,14
225_1_492_543_0.451.png,13
225_1_492_543_0.451.png,4
225_1_492_543_0.451.png,6
225_1_492_543_0.451.png,11
225_1_492_543_0.451.png,17
225_1_492_543_0.451.png,18
225_1_492_543_0.451.png,2
225_1_492_543_0.451.png,16
225_1_492_543_0.451.png,16
225_1_492_543_0.451.png,2
225_1_492_543_0.451.png,7
225_1_492_543_0.451.png,9
225_1_492_543_0.451.png,15
225_1_492_543_0.451.png,19
225_1_492_543_0.451.png,17
225_1_492_543_0.451.png,8
225_1_492_543_0.451.png,8
225_1_492_543_0.451.png,5
225_1_492_543_0.451.png,14
225_1_492_543_0.451.png,15
225_1_492_543_0.451.png,10
225_1_492_543_0.451.png,21
225_1_492_543_0.451.png,1
225_1_492_543_0.451.png,3
225_1_492_543_0.451.png,1
225_1_492_543_0.451.png,5
225_1_492_543_0.451.png,18
225_1_492_543_0.451.png,23
225_1_492_543_0.451.png,13
225_1_492_543_0.451.png,7
225_1_492_543_0.451.png,12
225_1_492_543_0.451.png,12
225_1_492_543_0.451.png,19
225_1_492_543_0.451.png,22
225_1_492_543_0.451.png,21
225_1_492_543_0.451.png,3
225_1_492_543_0.451.png,10
225_1_492_543_0.451.png,13
225_1_492_543_0.451.png,9
177_2_1080_444_0.457.png,13
177_2_1080_444_0.457.png,18
177_2_1080_444_0.457.png,16
177_2_1080_444_0.457.png,18
177_2_1080_444_0.457.png,15
177_2_1080_444_0.457.png,12
177_2_1080_444_0.457.png,21
177_2_1080_444_0.457.png,4
177_2_1080_444_0.457.png,10
177_2_1080_444_0.457.png,4
177_2_1080_444_0.457.png,6
177_2_1080_444_0.457.png,13
177_2_1080_444_0.457.png,1
177_2_1080_444_0.457.png,3
177_2_1080_444_0.457.png,15
177_2_1080_444_0.457.png,19
177_2_1080_444_0.457.png,24
177_2_1080_444_0.457.png,17
177_2_1080_444_0.457.png,2
177_2_1080_444_0.457.png,19
177_2_1080_444_0.457.png,3
177_2_1080_444_0.457.png,1
177_2_1080_444_0.457.png,14
177_2_1080_444_0.457.png,9
177_2_1080_444_0.457.png,12
103_6_394_345_0.451.png,10
103_6_394_345_0.451.png,11
103_6_394_345_0.451.png,10
103_6_394_345_0.451.png,22
103_6_394_345_0.451.png,17
103_6_394_345_0.451.png,18
103_6_394_345_0.451.png,7
103_6_394_345_0.451.png,1
103_6_394_345_0.451.png,14
103_6_394_345_0.451.png,9
103_6_394_345_0.451.png,8
103_6_394_345_0.451.png,4
103_6_394_345_0.451.png,6
103_6_394_345_0.451.png,5
103_6_394_345_0.451.png,6
103_6_394_345_0.451.png,12
103_6_394_345_0.451.png,9
103_6_394_345_0.451.png,18
103_6_394_345_0.451.png,1
103_6_394_345_0.451.png,8
103_6_394_345_0.451.png,17
103_6_394_345_0.451.png,3
103_6_394_345_0.451.png,5
103_6_394_345_0.451.png,11
103_6_394_345_0.451.png,16
103_6_394_345_0.451.png,21
103_6_394_345_0.451.png,2
103_6_394_345_0.451.png,4
103_6_394_345_0.451.png,12
103_6_394_345_0.451.png,16
103_6_394_345_0.451.png,21
103_6_394_345_0.451.png,14
103_6_394_345_0.451.png,3
103_6_394_345_0.451.png,15
103_6_394_345_0.451.png,19
103_6_394_345_0.451.png,2
103_6_394_345_0.451.png,23
103_6_394_345_0.451.png,22
103_6_394_345_0.451.png,20
103_6_394_345_0.451.png,7
103_6_394_345_0.451.png,15
103_6_394_345_0.451.png,20
103_6_394_345_0.451.png,13
103_6_394_345_0.451.png,24
103_6_394_345_0.451.png,19
113_6_884_345_0.829.png,11
113_6_884_345_0.829.png,6
113_6_884_345_0.829.png,9
113_6_884_345_0.829.png,3
113_6_884_345_0.829.png,12
113_6_884_345_0.829.png,16
113_6_884_345_0.829.png,7
113_6_884_345_0.829.png,3
113_6_884_345_0.829.png,6
113_6_884_345_0.829.png,17
113_6_884_345_0.829.png,20
113_6_884_345_0.829.png,21
113_6_884_345_0.829.png,2
113_6_884_345_0.829.png,14
113_6_884_345_0.829.png,10
113_6_884_345_0.829.png,4
113_6_884_345_0.829.png,8
113_6_884_345_0.829.png,19
113_6_884_345_0.829.png,21
113_6_884_345_0.829.png,22
113_6_884_345_0.829.png,12
113_6_884_345_0.829.png,16
113_6_884_345_0.829.png,15
113_6_884_345_0.829.png,18
113_6_884_345_0.829.png,20
113_6_884_345_0.829.png,2
113_6_884_345_0.829.png,10
113_6_884_345_0.829.png,17
113_6_884_345_0.829.png,7
113_6_884_345_0.829.png,8
113_6_884_345_0.829.png,1
113_6_884_345_0.829.png,11
113_6_884_345_0.829.png,22
113_6_884_345_0.829.png,1
113_6_884_345_0.829.png,14
113_6_884_345_0.829.png,15
113_6_884_345_0.829.png,18
113_6_884_345_0.829.png,5
113_6_884_345_0.829.png,5
113_6_884_345_0.829.png,13
113_6_884_345_0.829.png,23
113_6_884_345_0.829.png,19
113_6_884_345_0.829.png,13
113_6_884_345_0.829.png,24
113_6_884_345_0.829.png,4
113_6_884_345_0.829.png,9
270_3_737_609_0.692.png,6
270_3_737_609_0.692.png,20
270_3_737_609_0.692.png,1
270_3_737_609_0.692.png,24
270_3_737_609_0.692.png,18
270_3_737_609_0.692.png,14
270_3_737_609_0.692.png,12
270_3_737_609_0.692.png,20
270_3_737_609_0.692.png,17
270_3_737_609_0.692.png,17
270_3_737_609_0.692.png,11
270_3_737_609_0.692.png,4
270_3_737_609_0.692.png,2
270_3_737_609_0.692.png,7
270_3_737_609_0.692.png,21
270_3_737_609_0.692.png,8
270_3_737_609_0.692.png,6
270_3_737_609_0.692.png,7
270_3_737_609_0.692.png,12
270_3_737_609_0.692.png,18
270_3_737_609_0.692.png,23
270_3_737_609_0.692.png,10
270_3_737_609_0.692.png,22
270_3_737_609_0.692.png,10
270_3_737_609_0.692.png,14
270_3_737_609_0.692.png,19
270_3_737_609_0.692.png,15
270_3_737_609_0.692.png,11
270_3_737_609_0.692.png,5
270_3_737_609_0.692.png,22
270_3_737_609_0.692.png,4
270_3_737_609_0.692.png,21
270_3_737_609_0.692.png,16
270_3_737_609_0.692.png,2
270_3_737_609_0.692.png,3
270_3_737_609_0.692.png,15
270_3_737_609_0.692.png,16
270_3_737_609_0.692.png,9
270_3_737_609_0.692.png,5
270_3_737_609_0.692.png,9
270_3_737_609_0.692.png,13
270_3_737_609_0.692.png,13
270_3_737_609_0.692.png,1
270_3_737_609_0.692.png,8
248_2_639_576_0.924.png,3
248_2_639_576_0.924.png,12
248_2_639_576_0.924.png,12
248_2_639_576_0.924.png,4
248_2_639_576_0.924.png,18
248_2_639_576_0.924.png,24
248_2_639_576_0.924.png,19
248_2_639_576_0.924.png,4
248_2_639_576_0.924.png,5
248_2_639_576_0.924.png,22
248_2_639_576_0.924.png,22
248_2_639_576_0.924.png,15
248_2_639_576_0.924.png,10
248_2_639_576_0.924.png,1
248_2_639_576_0.924.png,13
248_2_639_576_0.924.png,20
248_2_639_576_0.924.png,5
248_2_639_576_0.924.png,10
248_2_639_576_0.924.png,3
248_2_639_576_0.924.png,6
248_2_639_576_0.924.png,2
248_2_639_576_0.924.png,16
248_2_639_576_0.924.png,13
248_2_639_576_0.924.png,21
248_2_639_576_0.924.png,7
248_2_639_576_0.924.png,8
248_2_639_576_0.924.png,17
248_2_639_576_0.924.png,17
248_2_639_576_0.924.png,23
248_2_639_576_0.924.png,11
248_2_639_576_0.924.png,15
248_2_639_576_0.924.png,9
248_2_639_576_0.924.png,6
248_2_639_576_0.924.png,14
248_2_639_576_0.924.png,14
248_2_639_576_0.924.png,7
248_2_639_576_0.924.png,21
248_2_639_576_0.924.png,20
248_2_639_576_0.924.png,11
248_2_639_576_0.924.png,19
248_2_639_576_0.924.png,9
248_2_639_576_0.924.png,2
248_2_639_576_0.924.png,8
248_2_639_576_0.924.png,1
248_2_639_576_0.924.png,16
252_1_835_576_0.620.png,18
252_1_835_576_0.620.png,21
252_1_835_576_0.620.png,16
252_1_835_576_0.620.png,8
252_1_835_576_0.620.png,11
252_1_835_576_0.620.png,22
252_1_835_576_0.620.png,13
252_1_835_576_0.620.png,11
252_1_835_576_0.620.png,1
252_1_835_576_0.620.png,13
252_1_835_576_0.620.png,20
252_1_835_576_0.620.png,7
252_1_835_576_0.620.png,13
252_1_835_576_0.620.png,6
252_1_835_576_0.620.png,17
252_1_835_576_0.620.png,24
252_1_835_576_0.620.png,3
252_1_835_576_0.620.png,3
252_1_835_576_0.620.png,9
252_1_835_576_0.620.png,19
252_1_835_576_0.620.png,8
252_1_835_576_0.620.png,10
252_1_835_576_0.620.png,5
252_1_835_576_0.620.png,23
252_1_835_576_0.620.png,12
252_1_835_576_0.620.png,14
252_1_835_576_0.620.png,20
252_1_835_576_0.620.png,22
252_1_835_576_0.620.png,17
252_1_835_576_0.620.png,4
252_1_835_576_0.620.png,21
252_1_835_576_0.620.png,9
252_1_835_576_0.620.png,13
252_1_835_576_0.620.png,15
252_1_835_576_0.620.png,5
252_1_835_576_0.620.png,16
252_1_835_576_0.620.png,10
252_1_835_576_0.620.png,6
252_1_835_576_0.620.png,12
252_1_835_576_0.620.png,2
252_1_835_576_0.620.png,7
252_1_835_576_0.620.png,18
252_1_835_576_0.620.png,4
252_1_835_576_0.620.png,2
252_1_835_576_0.620.png,19
252_1_835_576_0.620.png,1
0_2_247_180_0.787.png,21
0_2_247_180_0.787.png,4
0_2_247_180_0.787.png,8
0_2_247_180_0.787.png,19
0_2_247_180_0.787.png,2
0_2_247_180_0.787.png,15
0_2_247_180_0.787.png,10
0_2_247_180_0.787.png,21
0_2_247_180_0.787.png,14
0_2_247_180_0.787.png,18
0_2_247_180_0.787.png,9
0_2_247_180_0.787.png,17
0_2_247_180_0.787.png,20
0_2_247_180_0.787.png,1
0_2_247_180_0.787.png,10
0_2_247_180_0.787.png,22
0_2_247_180_0.787.png,12
0_2_247_180_0.787.png,23
0_2_247_180_0.787.png,8
0_2_247_180_0.787.png,22
0_2_247_180_0.787.png,13
0_2_247_180_0.787.png,11
0_2_247_180_0.787.png,11
0_2_247_180_0.787.png,5
0_2_247_180_0.787.png,7
0_2_247_180_0.787.png,18
0_2_247_180_0.787.png,2
0_2_247_180_0.787.png,15
0_2_247_180_0.787.png,24
0_2_247_180_0.787.png,12
0_2_247_180_0.787.png,4
0_2_247_180_0.787.png,14
0_2_247_180_0.787.png,6
0_2_247_180_0.787.png,16
0_2_247_180_0.787.png,5
0_2_247_180_0.787.png,7
0_2_247_180_0.787.png,6
0_2_247_180_0.787.png,9
0_2_247_180_0.787.png,20
0_2_247_180_0.787.png,17
0_2_247_180_0.787.png,3
0_2_247_180_0.787.png,13
0_2_247_180_0.787.png,1
0_2_247_180_0.787.png,3
237_1_1080_543_0.728.png,22
237_1_1080_543_0.728.png,24
237_1_1080_543_0.728.png,21
237_1_1080_543_0.728.png,6
237_1_1080_543_0.728.png,15
237_1_1080_543_0.728.png,1
237_1_1080_543_0.728.png,17
237_1_1080_543_0.728.png,16
237_1_1080_543_0.728.png,11
237_1_1080_543_0.728.png,23
237_1_1080_543_0.728.png,10
237_1_1080_543_0.728.png,15
237_1_1080_543_0.728.png,8
237_1_1080_543_0.728.png,3
237_1_1080_543_0.728.png,18
237_1_1080_543_0.728.png,14
237_1_1080_543_0.728.png,7
237_1_1080_543_0.728.png,9
237_1_1080_543_0.728.png,19
237_1_1080_543_0.728.png,9
237_1_1080_543_0.728.png,5
237_1_1080_543_0.728.png,7
237_1_1080_543_0.728.png,13
237_1_1080_543_0.728.png,2
237_1_1080_543_0.728.png,3
237_1_1080_543_0.728.png,11
237_1_1080_543_0.728.png,4
237_1_1080_543_0.728.png,2
237_1_1080_543_0.728.png,12
237_1_1080_543_0.728.png,14
237_1_1080_543_0.728.png,6
237_1_1080_543_0.728.png,20
237_1_1080_543_0.728.png,1
237_1_1080_543_0.728.png,12
237_1_1080_543_0.728.png,4
237_1_1080_543_0.728.png,10
237_1_1080_543_0.728.png,17
237_1_1080_543_0.728.png,16
237_1_1080_543_0.728.png,18
237_1_1080_543_0.728.png,5
237_1_1080_543_0.728.png,19
237_1_1080_543_0.728.png,8
237_1_1080_543_0.728.png,21
219_4_1178_510_0.635.png,23
219_4_1178_510_0.635.png,2
219_4_1178_510_0.635.png,14
219_4_1178_510_0.635.png,8
219_4_1178_510_0.635.png,12
219_4_1178_510_0.635.png,17
219_4_1178_510_0.635.png,8
219_4_1178_510_0.635.png,20
219_4_1178_510_0.635.png,13
219_4_1178_510_0.635.png,15
219_4_1178_510_0.635.png,1
219_4_1178_510_0.635.png,6
219_4_1178_510_0.635.png,5
219_4_1178_510_0.635.png,18
219_4_1178_510_0.635.png,19
219_4_1178_510_0.635.png,13
219_4_1178_510_0.635.png,14
219_4_1178_510_0.635.png,9
219_4_1178_510_0.635.png,17
219_4_1178_510_0.635.png,11
219_4_1178_510_0.635.png,7
219_4_1178_510_0.635.png,3
219_4_1178_510_0.635.png,1
219_4_1178_510_0.635.png,22
219_4_1178_510_0.635.png,4
219_4_1178_510_0.635.png,18
219_4_1178_510_0.635.png,4
219_4_1178_510_0.635.png,16
219_4_1178_510_0.635.png,20
219_4_1178_510_0.635.png,21
219_4_1178_510_0.635.png,3
219_4_1178_510_0.635.png,9
219_4_1178_510_0.635.png,19
219_4_1178_510_0.635.png,2
219_4_1178_510_0.635.png,24
219_4_1178_510_0.635.png,11
219_4_1178_510_0.635.png,10
219_4_1178_510_0.635.png,10
219_4_1178_510_0.635.png,7
219_4_1178_510_0.635.png,5
219_4_1178_510_0.635.png,12
219_4_1178_510_0.635.png,16
219_4_1178_510_0.635.png,21
219_4_1178_510_0.635.png,15
219_4_1178_510_0.635.png,6
174_2_933_444_0.732.png,9
174_2_933_444_0.732.png,18
174_2_933_444_0.732.png,8
174_2_933_444_0.732.png,12
174_2_933_444_0.732.png,19
174_2_933_444_0.732.png,11
174_2_933_444_0.732.png,6
174_2_933_444_0.732.png,5
174_2_933_444_0.732.png,2
174_2_933_444_0.732.png,10
174_2_933_444_0.732.png,4
174_2_933_444_0.732.png,6
174_2_933_444_0.732.png,12
174_2_933_444_0.732.png,4
174_2_933_444_0.732.png,17
174_2_933_444_0.732.png,13
174_2_933_444_0.732.png,16
174_2_933_444_0.732.png,7
174_2_933_444_0.732.png,24
174_2_933_444_0.732.png,10
174_2_933_444_0.732.png,15
174_2_933_444_0.732.png,17
174_2_933_444_0.732.png,20
174_2_933_444_0.732.png,22
174_2_933_444_0.732.png,19
174_2_933_444_0.732.png,23
174_2_933_444_0.732.png,11
174_2_933_444_0.732.png,18
174_2_933_444_0.732.png,1
174_2_933_444_0.732.png,14
174_2_933_444_0.732.png,2
174_2_933_444_0.732.png,7
174_2_933_444_0.732.png,3
174_2_933_444_0.732.png,14
174_2_933_444_0.732.png,1
174_2_933_444_0.732.png,21
174_2_933_444_0.732.png,13
174_2_933_444_0.732.png,5
174_2_933_444_0.732.png,20
174_2_933_444_0.732.png,16
174_2_933_444_0.732.png,9
174_2_933_444_0.732.png,3
174_2_933_444_0.732.png,15
174_2_933_444_0.732.png,8
174_2_933_444_0.732.png,21
174_2_933_444_0.732.png,22
237_1_1080_543_0.728.png,22
237_1_1080_543_0.728.png,24
237_1_1080_543_0.728.png,21
237_1_1080_543_0.728.png,6
237_1_1080_543_0.728.png,15
237_1_1080_543_0.728.png,11
237_1_1080_543_0.728.png,12
237_1_1080_543_0.728.png,4
237_1_1080_543_0.728.png,3
237_1_1080_543_0.728.png,5
237_1_1080_543_0.728.png,9
237_1_1080_543_0.728.png,19
237_1_1080_543_0.728.png,7
237_1_1080_543_0.728.png,13
237_1_1080_543_0.728.png,2
237_1_1080_543_0.728.png,14
237_1_1080_543_0.728.png,18
237_1_1080_543_0.728.png,7
237_1_1080_543_0.728.png,9
237_1_1080_543_0.728.png,2
237_1_1080_543_0.728.png,14
237_1_1080_543_0.728.png,6
237_1_1080_543_0.728.png,20
237_1_1080_543_0.728.png,1
237_1_1080_543_0.728.png,12
237_1_1080_543_0.728.png,4
237_1_1080_543_0.728.png,10
237_1_1080_543_0.728.png,17
237_1_1080_543_0.728.png,5
237_1_1080_543_0.728.png,16
237_1_1080_543_0.728.png,18
237_1_1080_543_0.728.png,15
237_1_1080_543_0.728.png,8
237_1_1080_543_0.728.png,3
237_1_1080_543_0.728.png,11
237_1_1080_543_0.728.png,10
237_1_1080_543_0.728.png,23
237_1_1080_543_0.728.png,16
237_1_1080_543_0.728.png,17
237_1_1080_543_0.728.png,1
237_1_1080_543_0.728.png,19
237_1_1080_543_0.728.png,8
237_1_1080_543_0.728.png,21
257_15_1080_576_0.883.png,10
257_15_1080_576_0.883.png,23
257_15_1080_576_0.883.png,9
257_15_1080_576_0.883.png,10
257_15_1080_576_0.883.png,1
257_15_1080_576_0.883.png,6
257_15_1080_576_0.883.png,22
257_15_1080_576_0.883.png,22
257_15_1080_576_0.883.png,8
257_15_1080_576_0.883.png,8
257_15_1080_576_0.883.png,18
257_15_1080_576_0.883.png,19
257_15_1080_576_0.883.png,16
257_15_1080_576_0.883.png,11
257_15_1080_576_0.883.png,21
257_15_1080_576_0.883.png,18
257_15_1080_576_0.883.png,2
257_15_1080_576_0.883.png,3
257_15_1080_576_0.883.png,7
257_15_1080_576_0.883.png,5
257_15_1080_576_0.883.png,21
257_15_1080_576_0.883.png,20
257_15_1080_576_0.883.png,14
257_15_1080_576_0.883.png,19
257_15_1080_576_0.883.png,20
257_15_1080_576_0.883.png,24
257_15_1080_576_0.883.png,13
257_15_1080_576_0.883.png,5
257_15_1080_576_0.883.png,3
257_15_1080_576_0.883.png,6
257_15_1080_576_0.883.png,11
257_15_1080_576_0.883.png,4
257_15_1080_576_0.883.png,16
257_15_1080_576_0.883.png,15
257_15_1080_576_0.883.png,4
257_15_1080_576_0.883.png,12
257_15_1080_576_0.883.png,1
257_15_1080_576_0.883.png,17
257_15_1080_576_0.883.png,13
257_15_1080_576_0.883.png,14
257_15_1080_576_0.883.png,17
257_15_1080_576_0.883.png,12
257_15_1080_576_0.883.png,7
257_15_1080_576_0.883.png,2
257_15_1080_576_0.883.png,15
257_15_1080_576_0.883.png,9
147_3_590_411_0.702.png,13
147_3_590_411_0.702.png,6
147_3_590_411_0.702.png,12
147_3_590_411_0.702.png,9
147_3_590_411_0.702.png,22
147_3_590_411_0.702.png,3
147_3_590_411_0.702.png,13
147_3_590_411_0.702.png,22
147_3_590_411_0.702.png,18
147_3_590_411_0.702.png,3
147_3_590_411_0.702.png,11
147_3_590_411_0.702.png,8
147_3_590_411_0.702.png,7
147_3_590_411_0.702.png,5
147_3_590_411_0.702.png,20
147_3_590_411_0.702.png,2
147_3_590_411_0.702.png,9
147_3_590_411_0.702.png,21
147_3_590_411_0.702.png,14
147_3_590_411_0.702.png,4
147_3_590_411_0.702.png,19
147_3_590_411_0.702.png,6
147_3_590_411_0.702.png,7
147_3_590_411_0.702.png,18
147_3_590_411_0.702.png,2
147_3_590_411_0.702.png,17
147_3_590_411_0.702.png,1
147_3_590_411_0.702.png,16
147_3_590_411_0.702.png,5
147_3_590_411_0.702.png,24
147_3_590_411_0.702.png,1
147_3_590_411_0.702.png,16
147_3_590_411_0.702.png,19
147_3_590_411_0.702.png,15
147_3_590_411_0.702.png,10
147_3_590_411_0.702.png,12
147_3_590_411_0.702.png,17
147_3_590_411_0.702.png,4
147_3_590_411_0.702.png,10
147_3_590_411_0.702.png,20
147_3_590_411_0.702.png,15
147_3_590_411_0.702.png,21
147_3_590_411_0.702.png,23
124_2_443_378_0.790.png,2
124_2_443_378_0.790.png,5
124_2_443_378_0.790.png,2
124_2_443_378_0.790.png,7
124_2_443_378_0.790.png,15
124_2_443_378_0.790.png,20
124_2_443_378_0.790.png,5
124_2_443_378_0.790.png,15
124_2_443_378_0.790.png,17
124_2_443_378_0.790.png,20
124_2_443_378_0.790.png,13
124_2_443_378_0.790.png,18
124_2_443_378_0.790.png,10
124_2_443_378_0.790.png,3
124_2_443_378_0.790.png,21
124_2_443_378_0.790.png,10
124_2_443_378_0.790.png,23
124_2_443_378_0.790.png,12
124_2_443_378_0.790.png,6
124_2_443_378_0.790.png,24
124_2_443_378_0.790.png,7
124_2_443_378_0.790.png,1
124_2_443_378_0.790.png,14
124_2_443_378_0.790.png,13
124_2_443_378_0.790.png,4
124_2_443_378_0.790.png,11
124_2_443_378_0.790.png,11
124_2_443_378_0.790.png,9
124_2_443_378_0.790.png,8
124_2_443_378_0.790.png,19
124_2_443_378_0.790.png,9
124_2_443_378_0.790.png,8
124_2_443_378_0.790.png,16
124_2_443_378_0.790.png,4
124_2_443_378_0.790.png,12
124_2_443_378_0.790.png,18
124_2_443_378_0.790.png,21
124_2_443_378_0.790.png,17
124_2_443_378_0.790.png,16
124_2_443_378_0.790.png,1
124_2_443_378_0.790.png,22
124_2_443_378_0.790.png,22
124_2_443_378_0.790.png,19
124_2_443_378_0.790.png,14
225_2_492_543_0.872.png,10
225_2_492_543_0.872.png,4
225_2_492_543_0.872.png,15
225_2_492_543_0.872.png,12
225_2_492_543_0.872.png,8
225_2_492_543_0.872.png,5
225_2_492_543_0.872.png,14
225_2_492_543_0.872.png,6
225_2_492_543_0.872.png,16
225_2_492_543_0.872.png,12
225_2_492_543_0.872.png,3
225_2_492_543_0.872.png,23
225_2_492_543_0.872.png,9
225_2_492_543_0.872.png,13
225_2_492_543_0.872.png,9
225_2_492_543_0.872.png,13
225_2_492_543_0.872.png,20
225_2_492_543_0.872.png,15
225_2_492_543_0.872.png,1
225_2_492_543_0.872.png,21
225_2_492_543_0.872.png,18
225_2_492_543_0.872.png,3
225_2_492_543_0.872.png,11
225_2_492_543_0.872.png,19
225_2_492_543_0.872.png,16
225_2_492_543_0.872.png,19
225_2_492_543_0.872.png,7
225_2_492_543_0.872.png,7
225_2_492_543_0.872.png,11
225_2_492_543_0.872.png,2
225_2_492_543_0.872.png,4
225_2_492_543_0.872.png,22
225_2_492_543_0.872.png,17
225_2_492_543_0.872.png,2
225_2_492_543_0.872.png,8
225_2_492_543_0.872.png,17
225_2_492_543_0.872.png,10
225_2_492_543_0.872.png,18
225_2_492_543_0.872.png,5
225_2_492_543_0.872.png,20
225_2_492_543_0.872.png,24
225_2_492_543_0.872.png,22
225_2_492_543_0.872.png,6
225_2_492_543_0.872.png,21
225_2_492_543_0.872.png,1
1_5_296_180_0.470.png,13
1_5_296_180_0.470.png,8
1_5_296_180_0.470.png,2
1_5_296_180_0.470.png,9
1_5_296_180_0.470.png,10
1_5_296_180_0.470.png,8
1_5_296_180_0.470.png,15
1_5_296_180_0.470.png,1
1_5_296_180_0.470.png,5
1_5_296_180_0.470.png,6
1_5_296_180_0.470.png,19
1_5_296_180_0.470.png,15
1_5_296_180_0.470.png,10
1_5_296_180_0.470.png,9
1_5_296_180_0.470.png,5
1_5_296_180_0.470.png,14
1_5_296_180_0.470.png,18
1_5_296_180_0.470.png,1
1_5_296_180_0.470.png,7
1_5_296_180_0.470.png,16
1_5_296_180_0.470.png,21
1_5_296_180_0.470.png,20
1_5_296_180_0.470.png,4
1_5_296_180_0.470.png,12
1_5_296_180_0.470.png,23
1_5_296_180_0.470.png,17
1_5_296_180_0.470.png,18
1_5_296_180_0.470.png,12
1_5_296_180_0.470.png,19
1_5_296_180_0.470.png,16
1_5_296_180_0.470.png,4
1_5_296_180_0.470.png,22
1_5_296_180_0.470.png,20
1_5_296_180_0.470.png,7
1_5_296_180_0.470.png,14
1_5_296_180_0.470.png,13
1_5_296_180_0.470.png,24
1_5_296_180_0.470.png,11
1_5_296_180_0.470.png,2
1_5_296_180_0.470.png,11
1_5_296_180_0.470.png,3
1_5_296_180_0.470.png,3
1_5_296_180_0.470.png,22
1_5_296_180_0.470.png,17
255_2_982_576_0.724.png,12
255_2_982_576_0.724.png,5
255_2_982_576_0.724.png,9
255_2_982_576_0.724.png,1
255_2_982_576_0.724.png,22
255_2_982_576_0.724.png,15
255_2_982_576_0.724.png,16
255_2_982_576_0.724.png,4
255_2_982_576_0.724.png,2
255_2_982_576_0.724.png,15
255_2_982_576_0.724.png,6
255_2_982_576_0.724.png,3
255_2_982_576_0.724.png,8
255_2_982_576_0.724.png,10
255_2_982_576_0.724.png,2
255_2_982_576_0.724.png,17
255_2_982_576_0.724.png,19
255_2_982_576_0.724.png,16
255_2_982_576_0.724.png,20
255_2_982_576_0.724.png,12
255_2_982_576_0.724.png,6
255_2_982_576_0.724.png,11
255_2_982_576_0.724.png,10
255_2_982_576_0.724.png,18
255_2_982_576_0.724.png,5
255_2_982_576_0.724.png,13
255_2_982_576_0.724.png,7
255_2_982_576_0.724.png,8
255_2_982_576_0.724.png,9
255_2_982_576_0.724.png,11
255_2_982_576_0.724.png,13
255_2_982_576_0.724.png,1
255_2_982_576_0.724.png,24
255_2_982_576_0.724.png,18
255_2_982_576_0.724.png,20
255_2_982_576_0.724.png,17
255_2_982_576_0.724.png,4
255_2_982_576_0.724.png,7
255_2_982_576_0.724.png,3
255_2_982_576_0.724.png,14
255_2_982_576_0.724.png,19
255_2_982_576_0.724.png,23
255_2_982_576_0.724.png,21
255_2_982_576_0.724.png,14
255_2_982_576_0.724.png,22
255_2_982_576_0.724.png,21
255_2_982_576_0.668.png,7
255_2_982_576_0.668.png,6
255_2_982_576_0.668.png,23
255_2_982_576_0.668.png,6
255_2_982_576_0.668.png,11
255_2_982_576_0.668.png,10
255_2_982_576_0.668.png,4
255_2_982_576_0.668.png,8
255_2_982_576_0.668.png,13
255_2_982_576_0.668.png,7
255_2_982_576_0.668.png,19
255_2_982_576_0.668.png,12
255_2_982_576_0.668.png,20
255_2_982_576_0.668.png,24
255_2_982_576_0.668.png,17
255_2_982_576_0.668.png,5
255_2_982_576_0.668.png,1
255_2_982_576_0.668.png,4
255_2_982_576_0.668.png,13
255_2_982_576_0.668.png,16
255_2_982_576_0.668.png,21
255_2_982_576_0.668.png,20
255_2_982_576_0.668.png,16
255_2_982_576_0.668.png,5
255_2_982_576_0.668.png,8
255_2_982_576_0.668.png,19
255_2_982_576_0.668.png,1
255_2_982_576_0.668.png,12
255_2_982_576_0.668.png,18
255_2_982_576_0.668.png,14
255_2_982_576_0.668.png,15
255_2_982_576_0.668.png,17
255_2_982_576_0.668.png,10
255_2_982_576_0.668.png,2
255_2_982_576_0.668.png,18
255_2_982_576_0.668.png,3
255_2_982_576_0.668.png,3
255_2_982_576_0.668.png,22
255_2_982_576_0.668.png,9
255_2_982_576_0.668.png,2
255_2_982_576_0.668.png,14
255_2_982_576_0.668.png,15
255_2_982_576_0.668.png,9
255_2_982_576_0.668.png,22
255_2_982_576_0.668.png,21
255_2_982_576_0.668.png,11
248_6_639_576_0.811.png,7
248_6_639_576_0.811.png,11
248_6_639_576_0.811.png,17
248_6_639_576_0.811.png,16
248_6_639_576_0.811.png,2
248_6_639_576_0.811.png,9
248_6_639_576_0.811.png,3
248_6_639_576_0.811.png,21
248_6_639_576_0.811.png,10
248_6_639_576_0.811.png,15
248_6_639_576_0.811.png,19
248_6_639_576_0.811.png,10
248_6_639_576_0.811.png,5
248_6_639_576_0.811.png,17
248_6_639_576_0.811.png,18
248_6_639_576_0.811.png,15
248_6_639_576_0.811.png,1
248_6_639_576_0.811.png,8
248_6_639_576_0.811.png,24
248_6_639_576_0.811.png,13
248_6_639_576_0.811.png,4
248_6_639_576_0.811.png,6
248_6_639_576_0.811.png,18
248_6_639_576_0.811.png,19
248_6_639_576_0.811.png,21
248_6_639_576_0.811.png,1
248_6_639_576_0.811.png,23
248_6_639_576_0.811.png,6
248_6_639_576_0.811.png,14
248_6_639_576_0.811.png,3
248_6_639_576_0.811.png,13
248_6_639_576_0.811.png,12
248_6_639_576_0.811.png,14
248_6_639_576_0.811.png,11
248_6_639_576_0.811.png,4
248_6_639_576_0.811.png,22
248_6_639_576_0.811.png,5
248_6_639_576_0.811.png,9
248_6_639_576_0.811.png,12
248_6_639_576_0.811.png,16
248_6_639_576_0.811.png,8
248_6_639_576_0.811.png,7
248_6_639_576_0.811.png,2
248_6_639_576_0.811.png,22
248_6_639_576_0.811.png,20
248_6_639_576_0.811.png,20
246_4_541_576_0.852.png,13
246_4_541_576_0.852.png,11
246_4_541_576_0.852.png,23
246_4_541_576_0.852.png,1
246_4_541_576_0.852.png,2
246_4_541_576_0.852.png,3
246_4_541_576_0.852.png,21
246_4_541_576_0.852.png,14
246_4_541_576_0.852.png,16
246_4_541_576_0.852.png,13
246_4_541_576_0.852.png,12
246_4_541_576_0.852.png,1
246_4_541_576_0.852.png,5
246_4_541_576_0.852.png,16
246_4_541_576_0.852.png,8
246_4_541_576_0.852.png,11
246_4_541_576_0.852.png,4
246_4_541_576_0.852.png,3
246_4_541_576_0.852.png,18
246_4_541_576_0.852.png,22
246_4_541_576_0.852.png,12
246_4_541_576_0.852.png,20
246_4_541_576_0.852.png,17
246_4_541_576_0.852.png,19
246_4_541_576_0.852.png,7
246_4_541_576_0.852.png,19
246_4_541_576_0.852.png,21
246_4_541_576_0.852.png,10
246_4_541_576_0.852.png,6
246_4_541_576_0.852.png,15
246_4_541_576_0.852.png,15
246_4_541_576_0.852.png,24
246_4_541_576_0.852.png,10
246_4_541_576_0.852.png,7
246_4_541_576_0.852.png,20
246_4_541_576_0.852.png,4
246_4_541_576_0.852.png,9
246_4_541_576_0.852.png,5
246_4_541_576_0.852.png,17
246_4_541_576_0.852.png,8
246_4_541_576_0.852.png,22
246_4_541_576_0.852.png,14
246_4_541_576_0.852.png,18
246_4_541_576_0.852.png,9
246_4_541_576_0.852.png,6
246_4_541_576_0.852.png,2
271_6_786_609_0.839.png,2
271_6_786_609_0.839.png,14
271_6_786_609_0.839.png,12
271_6_786_609_0.839.png,23
271_6_786_609_0.839.png,16
271_6_786_609_0.839.png,5
271_6_786_609_0.839.png,3
271_6_786_609_0.839.png,3
271_6_786_609_0.839.png,10
271_6_786_609_0.839.png,11
271_6_786_609_0.839.png,7
271_6_786_609_0.839.png,8
271_6_786_609_0.839.png,17
271_6_786_609_0.839.png,20
271_6_786_609_0.839.png,21
271_6_786_609_0.839.png,18
271_6_786_609_0.839.png,10
271_6_786_609_0.839.png,8
271_6_786_609_0.839.png,6
271_6_786_609_0.839.png,19
271_6_786_609_0.839.png,6
271_6_786_609_0.839.png,9
271_6_786_609_0.839.png,19
271_6_786_609_0.839.png,1
271_6_786_609_0.839.png,1
271_6_786_609_0.839.png,5
271_6_786_609_0.839.png,17
271_6_786_609_0.839.png,9
271_6_786_609_0.839.png,4
271_6_786_609_0.839.png,24
271_6_786_609_0.839.png,15
271_6_786_609_0.839.png,7
271_6_786_609_0.839.png,20
271_6_786_609_0.839.png,11
271_6_786_609_0.839.png,18
271_6_786_609_0.839.png,16
271_6_786_609_0.839.png,14
271_6_786_609_0.839.png,13
271_6_786_609_0.839.png,21
271_6_786_609_0.839.png,4
271_6_786_609_0.839.png,13
271_6_786_609_0.839.png,15
271_6_786_609_0.839.png,22
271_6_786_609_0.839.png,22
60_5_247_279_0.760.png,2
60_5_247_279_0.760.png,22
60_5_247_279_0.760.png,2
60_5_247_279_0.760.png,20
60_5_247_279_0.760.png,4
60_5_247_279_0.760.png,7
60_5_247_279_0.760.png,5
60_5_247_279_0.760.png,11
60_5_247_279_0.760.png,18
60_5_247_279_0.760.png,15
60_5_247_279_0.760.png,21
60_5_247_279_0.760.png,9
60_5_247_279_0.760.png,9
60_5_247_279_0.760.png,18
60_5_247_279_0.760.png,1
60_5_247_279_0.760.png,14
60_5_247_279_0.760.png,3
60_5_247_279_0.760.png,13
60_5_247_279_0.760.png,15
60_5_247_279_0.760.png,10
60_5_247_279_0.760.png,12
60_5_247_279_0.760.png,1
60_5_247_279_0.760.png,19
60_5_247_279_0.760.png,19
60_5_247_279_0.760.png,16
60_5_247_279_0.760.png,22
60_5_247_279_0.760.png,14
60_5_247_279_0.760.png,8
60_5_247_279_0.760.png,23
60_5_247_279_0.760.png,12
60_5_247_279_0.760.png,4
60_5_247_279_0.760.png,16
60_5_247_279_0.760.png,17
60_5_247_279_0.760.png,13
60_5_247_279_0.760.png,21
60_5_247_279_0.760.png,10
60_5_247_279_0.760.png,6
60_5_247_279_0.760.png,5
60_5_247_279_0.760.png,11
60_5_247_279_0.760.png,8
60_5_247_279_0.760.png,17
60_5_247_279_0.760.png,3
60_5_247_279_0.760.png,7
60_5_247_279_0.760.png,6
9_1_688_180_0.656.png,2
9_1_688_180_0.656.png,23
9_1_688_180_0.656.png,19
9_1_688_180_0.656.png,10
9_1_688_180_0.656.png,4
9_1_688_180_0.656.png,4
9_1_688_180_0.656.png,11
9_1_688_180_0.656.png,18
9_1_688_180_0.656.png,9
9_1_688_180_0.656.png,12
9_1_688_180_0.656.png,16
9_1_688_180_0.656.png,18
9_1_688_180_0.656.png,20
9_1_688_180_0.656.png,21
9_1_688_180_0.656.png,8
9_1_688_180_0.656.png,2
9_1_688_180_0.656.png,6
9_1_688_180_0.656.png,15
9_1_688_180_0.656.png,15
9_1_688_180_0.656.png,5
9_1_688_180_0.656.png,1
9_1_688_180_0.656.png,21
9_1_688_180_0.656.png,22
9_1_688_180_0.656.png,13
9_1_688_180_0.656.png,12
9_1_688_180_0.656.png,3
9_1_688_180_0.656.png,7
9_1_688_180_0.656.png,20
9_1_688_180_0.656.png,11
9_1_688_180_0.656.png,10
9_1_688_180_0.656.png,19
9_1_688_180_0.656.png,8
9_1_688_180_0.656.png,14
9_1_688_180_0.656.png,5
9_1_688_180_0.656.png,17
9_1_688_180_0.656.png,7
9_1_688_180_0.656.png,3
9_1_688_180_0.656.png,9
9_1_688_180_0.656.png,1
9_1_688_180_0.656.png,6
9_1_688_180_0.656.png,13
9_1_688_180_0.656.png,22
159_2_1178_411_0.867.png,16
159_2_1178_411_0.867.png,5
159_2_1178_411_0.867.png,19
159_2_1178_411_0.867.png,15
159_2_1178_411_0.867.png,22
159_2_1178_411_0.867.png,21
159_2_1178_411_0.867.png,14
159_2_1178_411_0.867.png,17
159_2_1178_411_0.867.png,5
159_2_1178_411_0.867.png,14
159_2_1178_411_0.867.png,12
159_2_1178_411_0.867.png,15
159_2_1178_411_0.867.png,13
159_2_1178_411_0.867.png,11
159_2_1178_411_0.867.png,9
159_2_1178_411_0.867.png,4
159_2_1178_411_0.867.png,8
159_2_1178_411_0.867.png,1
159_2_1178_411_0.867.png,11
159_2_1178_411_0.867.png,10
159_2_1178_411_0.867.png,7
159_2_1178_411_0.867.png,7
159_2_1178_411_0.867.png,13
159_2_1178_411_0.867.png,23
159_2_1178_411_0.867.png,9
159_2_1178_411_0.867.png,21
159_2_1178_411_0.867.png,18
159_2_1178_411_0.867.png,10
159_2_1178_411_0.867.png,12
159_2_1178_411_0.867.png,13
159_2_1178_411_0.867.png,3
159_2_1178_411_0.867.png,20
159_2_1178_411_0.867.png,4
159_2_1178_411_0.867.png,2
159_2_1178_411_0.867.png,6
159_2_1178_411_0.867.png,3
159_2_1178_411_0.867.png,2
159_2_1178_411_0.867.png,6
159_2_1178_411_0.867.png,1
159_2_1178_411_0.867.png,18
159_2_1178_411_0.867.png,19
159_2_1178_411_0.867.png,16
159_2_1178_411_0.867.png,17
148_2_639_411_0.525.png,2
148_2_639_411_0.525.png,6
148_2_639_411_0.525.png,20
148_2_639_411_0.525.png,8
148_2_639_411_0.525.png,23
148_2_639_411_0.525.png,11
148_2_639_411_0.525.png,6
148_2_639_411_0.525.png,12
148_2_639_411_0.525.png,17
148_2_639_411_0.525.png,21
148_2_639_411_0.525.png,9
148_2_639_411_0.525.png,9
148_2_639_411_0.525.png,13
148_2_639_411_0.525.png,4
148_2_639_411_0.525.png,22
148_2_639_411_0.525.png,19
148_2_639_411_0.525.png,15
148_2_639_411_0.525.png,5
148_2_639_411_0.525.png,1
148_2_639_411_0.525.png,3
148_2_639_411_0.525.png,11
148_2_639_411_0.525.png,1
148_2_639_411_0.525.png,7
148_2_639_411_0.525.png,18
148_2_639_411_0.525.png,5
148_2_639_411_0.525.png,19
148_2_639_411_0.525.png,20
148_2_639_411_0.525.png,12
148_2_639_411_0.525.png,10
178_5_1129_444_0.835.png,19
178_5_1129_444_0.835.png,5
178_5_1129_444_0.835.png,12
178_5_1129_444_0.835.png,15
178_5_1129_444_0.835.png,17
178_5_1129_444_0.835.png,23
178_5_1129_444_0.835.png,22
178_5_1129_444_0.835.png,21
178_5_1129_444_0.835.png,8
178_5_1129_444_0.835.png,21
178_5_1129_444_0.835.png,9
178_5_1129_444_0.835.png,17
178_5_1129_444_0.835.png,6
178_5_1129_444_0.835.png,13
178_5_1129_444_0.835.png,12
178_5_1129_444_0.835.png,11
178_5_1129_444_0.835.png,20
178_5_1129_444_0.835.png,18
178_5_1129_444_0.835.png,5
178_5_1129_444_0.835.png,9
178_5_1129_444_0.835.png,7
178_5_1129_444_0.835.png,11
178_5_1129_444_0.835.png,13
178_5_1129_444_0.835.png,1
178_5_1129_444_0.835.png,16
178_5_1129_444_0.835.png,8
178_5_1129_444_0.835.png,10
178_5_1129_444_0.835.png,4
178_5_1129_444_0.835.png,20
178_5_1129_444_0.835.png,2
178_5_1129_444_0.835.png,3
178_5_1129_444_0.835.png,19
178_5_1129_444_0.835.png,7
178_5_1129_444_0.835.png,6
178_5_1129_444_0.835.png,1
178_5_1129_444_0.835.png,15
178_5_1129_444_0.835.png,22
178_5_1129_444_0.835.png,3
178_5_1129_444_0.835.png,14
178_5_1129_444_0.835.png,18
178_5_1129_444_0.835.png,16
178_5_1129_444_0.835.png,10
178_5_1129_444_0.835.png,2
178_5_1129_444_0.835.png,14
178_5_1129_444_0.835.png,4
170_2_737_444_0.899.png,18
170_2_737_444_0.899.png,6
170_2_737_444_0.899.png,10
170_2_737_444_0.899.png,10
170_2_737_444_0.899.png,13
170_2_737_444_0.899.png,14
170_2_737_444_0.899.png,22
170_2_737_444_0.899.png,23
170_2_737_444_0.899.png,20
170_2_737_444_0.899.png,5
170_2_737_444_0.899.png,5
170_2_737_444_0.899.png,17
170_2_737_444_0.899.png,9
170_2_737_444_0.899.png,1
170_2_737_444_0.899.png,2
170_2_737_444_0.899.png,12
170_2_737_444_0.899.png,16
170_2_737_444_0.899.png,2
170_2_737_444_0.899.png,8
170_2_737_444_0.899.png,19
170_2_737_444_0.899.png,9
170_2_737_444_0.899.png,17
170_2_737_444_0.899.png,21
170_2_737_444_0.899.png,11
170_2_737_444_0.899.png,6
170_2_737_444_0.899.png,4
170_2_737_444_0.899.png,15
170_2_737_444_0.899.png,20
170_2_737_444_0.899.png,1
170_2_737_444_0.899.png,8
170_2_737_444_0.899.png,18
170_2_737_444_0.899.png,4
170_2_737_444_0.899.png,22
170_2_737_444_0.899.png,3
170_2_737_444_0.899.png,13
170_2_737_444_0.899.png,19
170_2_737_444_0.899.png,7
170_2_737_444_0.899.png,21
170_2_737_444_0.899.png,15
170_2_737_444_0.899.png,7
170_2_737_444_0.899.png,16
170_2_737_444_0.899.png,3
170_2_737_444_0.899.png,12
170_2_737_444_0.899.png,14
170_2_737_444_0.899.png,11
178_5_1129_444_0.886.png,4
178_5_1129_444_0.886.png,19
178_5_1129_444_0.886.png,7
178_5_1129_444_0.886.png,4
178_5_1129_444_0.886.png,20
178_5_1129_444_0.886.png,17
178_5_1129_444_0.886.png,13
178_5_1129_444_0.886.png,18
178_5_1129_444_0.886.png,22
178_5_1129_444_0.886.png,1
178_5_1129_444_0.886.png,1
178_5_1129_444_0.886.png,15
178_5_1129_444_0.886.png,10
178_5_1129_444_0.886.png,18
178_5_1129_444_0.886.png,3
178_5_1129_444_0.886.png,6
178_5_1129_444_0.886.png,14
178_5_1129_444_0.886.png,14
178_5_1129_444_0.886.png,9
178_5_1129_444_0.886.png,11
178_5_1129_444_0.886.png,16
178_5_1129_444_0.886.png,7
178_5_1129_444_0.886.png,12
178_5_1129_444_0.886.png,12
178_5_1129_444_0.886.png,13
178_5_1129_444_0.886.png,2
178_5_1129_444_0.886.png,6
178_5_1129_444_0.886.png,8
178_5_1129_444_0.886.png,2
178_5_1129_444_0.886.png,10
178_5_1129_444_0.886.png,8
178_5_1129_444_0.886.png,14
178_5_1129_444_0.886.png,21
178_5_1129_444_0.886.png,20
178_5_1129_444_0.886.png,22
178_5_1129_444_0.886.png,5
178_5_1129_444_0.886.png,15
178_5_1129_444_0.886.png,19
178_5_1129_444_0.886.png,3
178_5_1129_444_0.886.png,17
178_5_1129_444_0.886.png,5
181_2_296_477_0.835.png,23
181_2_296_477_0.835.png,1
181_2_296_477_0.835.png,3
181_2_296_477_0.835.png,22
181_2_296_477_0.835.png,13
181_2_296_477_0.835.png,8
181_2_296_477_0.835.png,5
181_2_296_477_0.835.png,8
181_2_296_477_0.835.png,21
181_2_296_477_0.835.png,20
181_2_296_477_0.835.png,4
181_2_296_477_0.835.png,17
181_2_296_477_0.835.png,16
181_2_296_477_0.835.png,2
181_2_296_477_0.835.png,16
181_2_296_477_0.835.png,9
181_2_296_477_0.835.png,10
181_2_296_477_0.835.png,1
181_2_296_477_0.835.png,11
181_2_296_477_0.835.png,18
181_2_296_477_0.835.png,5
181_2_296_477_0.835.png,14
181_2_296_477_0.835.png,15
181_2_296_477_0.835.png,9
181_2_296_477_0.835.png,15
181_2_296_477_0.835.png,14
181_2_296_477_0.835.png,12
181_2_296_477_0.835.png,20
181_2_296_477_0.835.png,3
181_2_296_477_0.835.png,22
181_2_296_477_0.835.png,6
181_2_296_477_0.835.png,12
181_2_296_477_0.835.png,7
181_2_296_477_0.835.png,13
181_2_296_477_0.835.png,21
181_2_296_477_0.835.png,2
181_2_296_477_0.835.png,17
181_2_296_477_0.835.png,6
181_2_296_477_0.835.png,11
181_2_296_477_0.835.png,4
181_2_296_477_0.835.png,18
181_2_296_477_0.835.png,10
181_2_296_477_0.835.png,7
85_2_492_312_0.761.png,11
85_2_492_312_0.761.png,14
85_2_492_312_0.761.png,2
85_2_492_312_0.761.png,18
85_2_492_312_0.761.png,13
85_2_492_312_0.761.png,7
85_2_492_312_0.761.png,14
85_2_492_312_0.761.png,11
85_2_492_312_0.761.png,4
85_2_492_312_0.761.png,4
85_2_492_312_0.761.png,17
85_2_492_312_0.761.png,6
85_2_492_312_0.761.png,5
85_2_492_312_0.761.png,3
85_2_492_312_0.761.png,19
85_2_492_312_0.761.png,17
85_2_492_312_0.761.png,20
85_2_492_312_0.761.png,20
85_2_492_312_0.761.png,6
85_2_492_312_0.761.png,3
85_2_492_312_0.761.png,13
85_2_492_312_0.761.png,18
85_2_492_312_0.761.png,1
85_2_492_312_0.761.png,22
85_2_492_312_0.761.png,21
85_2_492_312_0.761.png,22
85_2_492_312_0.761.png,9
85_2_492_312_0.761.png,15
85_2_492_312_0.761.png,19
85_2_492_312_0.761.png,15
85_2_492_312_0.761.png,21
85_2_492_312_0.761.png,8
85_2_492_312_0.761.png,16
85_2_492_312_0.761.png,23
85_2_492_312_0.761.png,16
85_2_492_312_0.761.png,7
85_2_492_312_0.761.png,2
85_2_492_312_0.761.png,12
85_2_492_312_0.761.png,10
85_2_492_312_0.761.png,1
85_2_492_312_0.761.png,8
85_2_492_312_0.761.png,5
85_2_492_312_0.761.png,10
85_2_492_312_0.761.png,12
85_2_492_312_0.761.png,9
82_9_345_312_0.720.png,4
82_9_345_312_0.720.png,14
82_9_345_312_0.720.png,3
82_9_345_312_0.720.png,7
82_9_345_312_0.720.png,18
82_9_345_312_0.720.png,5
82_9_345_312_0.720.png,1
82_9_345_312_0.720.png,10
82_9_345_312_0.720.png,13
82_9_345_312_0.720.png,15
82_9_345_312_0.720.png,9
82_9_345_312_0.720.png,16
82_9_345_312_0.720.png,22
82_9_345_312_0.720.png,10
82_9_345_312_0.720.png,17
82_9_345_312_0.720.png,21
82_9_345_312_0.720.png,2
82_9_345_312_0.720.png,3
82_9_345_312_0.720.png,4
82_9_345_312_0.720.png,20
82_9_345_312_0.720.png,8
82_9_345_312_0.720.png,19
82_9_345_312_0.720.png,22
82_9_345_312_0.720.png,1
82_9_345_312_0.720.png,13
82_9_345_312_0.720.png,7
82_9_345_312_0.720.png,21
82_9_345_312_0.720.png,19
82_9_345_312_0.720.png,17
82_9_345_312_0.720.png,23
82_9_345_312_0.720.png,9
82_9_345_312_0.720.png,12
82_9_345_312_0.720.png,2
82_9_345_312_0.720.png,6
82_9_345_312_0.720.png,8
82_9_345_312_0.720.png,16
82_9_345_312_0.720.png,12
82_9_345_312_0.720.png,15
82_9_345_312_0.720.png,14
82_9_345_312_0.720.png,18
82_9_345_312_0.720.png,20
82_9_345_312_0.720.png,5
82_9_345_312_0.720.png,11
82_9_345_312_0.720.png,6
82_9_345_312_0.720.png,11
83_1_394_312_0.915.png,4
83_1_394_312_0.915.png,6
83_1_394_312_0.915.png,15
83_1_394_312_0.915.png,13
83_1_394_312_0.915.png,4
83_1_394_312_0.915.png,2
83_1_394_312_0.915.png,8
83_1_394_312_0.915.png,16
83_1_394_312_0.915.png,11
83_1_394_312_0.915.png,21
83_1_394_312_0.915.png,5
83_1_394_312_0.915.png,22
83_1_394_312_0.915.png,14
83_1_394_312_0.915.png,10
83_1_394_312_0.915.png,22
83_1_394_312_0.915.png,9
83_1_394_312_0.915.png,13
83_1_394_312_0.915.png,19
83_1_394_312_0.915.png,12
83_1_394_312_0.915.png,1
83_1_394_312_0.915.png,8
83_1_394_312_0.915.png,10
83_1_394_312_0.915.png,20
83_1_394_312_0.915.png,12
83_1_394_312_0.915.png,23
83_1_394_312_0.915.png,7
83_1_394_312_0.915.png,16
83_1_394_312_0.915.png,19
83_1_394_312_0.915.png,6
83_1_394_312_0.915.png,15
83_1_394_312_0.915.png,18
83_1_394_312_0.915.png,14
83_1_394_312_0.915.png,2
83_1_394_312_0.915.png,11
83_1_394_312_0.915.png,9
83_1_394_312_0.915.png,3
83_1_394_312_0.915.png,17
83_1_394_312_0.915.png,18
83_1_394_312_0.915.png,1
83_1_394_312_0.915.png,17
83_1_394_312_0.915.png,3
83_1_394_312_0.915.png,5
83_1_394_312_0.915.png,20
83_1_394_312_0.915.png,7
83_1_394_312_0.915.png,21
295_2_982_642_0.872.png,9
295_2_982_642_0.872.png,23
295_2_982_642_0.872.png,17
295_2_982_642_0.872.png,20
295_2_982_642_0.872.png,18
295_2_982_642_0.872.png,13
295_2_982_642_0.872.png,21
295_2_982_642_0.872.png,10
295_2_982_642_0.872.png,5
295_2_982_642_0.872.png,12
295_2_982_642_0.872.png,2
295_2_982_642_0.872.png,7
295_2_982_642_0.872.png,16
295_2_982_642_0.872.png,16
295_2_982_642_0.872.png,7
295_2_982_642_0.872.png,19
295_2_982_642_0.872.png,17
295_2_982_642_0.872.png,15
295_2_982_642_0.872.png,14
295_2_982_642_0.872.png,21
295_2_982_642_0.872.png,11
295_2_982_642_0.872.png,5
295_2_982_642_0.872.png,4
295_2_982_642_0.872.png,11
295_2_982_642_0.872.png,3
295_2_982_642_0.872.png,19
295_2_982_642_0.872.png,1
295_2_982_642_0.872.png,2
295_2_982_642_0.872.png,20
295_2_982_642_0.872.png,3
295_2_982_642_0.872.png,15
295_2_982_642_0.872.png,18
295_2_982_642_0.872.png,8
295_2_982_642_0.872.png,13
295_2_982_642_0.872.png,14
295_2_982_642_0.872.png,9
295_2_982_642_0.872.png,12
295_2_982_642_0.872.png,4
295_2_982_642_0.872.png,8
295_2_982_642_0.872.png,6
295_2_982_642_0.872.png,1
295_2_982_642_0.872.png,12
295_2_982_642_0.872.png,6
295_2_982_642_0.872.png,22
295_2_982_642_0.872.png,22
47_2_590_246_0.567.png,2
47_2_590_246_0.567.png,3
47_2_590_246_0.567.png,13
47_2_590_246_0.567.png,16
47_2_590_246_0.567.png,21
47_2_590_246_0.567.png,9
47_2_590_246_0.567.png,17
47_2_590_246_0.567.png,7
47_2_590_246_0.567.png,22
47_2_590_246_0.567.png,6
47_2_590_246_0.567.png,19
47_2_590_246_0.567.png,2
47_2_590_246_0.567.png,4
47_2_590_246_0.567.png,4
47_2_590_246_0.567.png,8
47_2_590_246_0.567.png,21
47_2_590_246_0.567.png,11
47_2_590_246_0.567.png,9
47_2_590_246_0.567.png,20
47_2_590_246_0.567.png,15
47_2_590_246_0.567.png,18
47_2_590_246_0.567.png,12
47_2_590_246_0.567.png,14
47_2_590_246_0.567.png,19
47_2_590_246_0.567.png,23
47_2_590_246_0.567.png,5
47_2_590_246_0.567.png,1
47_2_590_246_0.567.png,10
47_2_590_246_0.567.png,14
47_2_590_246_0.567.png,12
47_2_590_246_0.567.png,1
47_2_590_246_0.567.png,16
47_2_590_246_0.567.png,11
47_2_590_246_0.567.png,18
47_2_590_246_0.567.png,6
47_2_590_246_0.567.png,17
47_2_590_246_0.567.png,20
47_2_590_246_0.567.png,13
47_2_590_246_0.567.png,8
47_2_590_246_0.567.png,22
47_2_590_246_0.567.png,5
47_2_590_246_0.567.png,15
47_2_590_246_0.567.png,7
47_2_590_246_0.567.png,10
47_2_590_246_0.567.png,3
62_2_345_279_0.566.png,1
62_2_345_279_0.566.png,1
62_2_345_279_0.566.png,23
62_2_345_279_0.566.png,6
62_2_345_279_0.566.png,19
62_2_345_279_0.566.png,13
62_2_345_279_0.566.png,15
62_2_345_279_0.566.png,9
62_2_345_279_0.566.png,17
62_2_345_279_0.566.png,15
62_2_345_279_0.566.png,19
62_2_345_279_0.566.png,12
62_2_345_279_0.566.png,21
62_2_345_279_0.566.png,18
62_2_345_279_0.566.png,16
62_2_345_279_0.566.png,14
62_2_345_279_0.566.png,5
62_2_345_279_0.566.png,13
62_2_345_279_0.566.png,21
62_2_345_279_0.566.png,18
62_2_345_279_0.566.png,5
62_2_345_279_0.566.png,11
62_2_345_279_0.566.png,2
62_2_345_279_0.566.png,7
62_2_345_279_0.566.png,3
62_2_345_279_0.566.png,17
62_2_345_279_0.566.png,14
62_2_345_279_0.566.png,8
62_2_345_279_0.566.png,3
62_2_345_279_0.566.png,2
62_2_345_279_0.566.png,4
62_2_345_279_0.566.png,10
62_2_345_279_0.566.png,20
62_2_345_279_0.566.png,6
62_2_345_279_0.566.png,16
62_2_345_279_0.566.png,10
62_2_345_279_0.566.png,22
62_2_345_279_0.566.png,22
62_2_345_279_0.566.png,4
62_2_345_279_0.566.png,12
62_2_345_279_0.566.png,11
62_2_345_279_0.566.png,9
62_2_345_279_0.566.png,7
62_2_345_279_0.566.png,20
62_2_345_279_0.566.png,8
98_4_1129_312_0.821.png,22
98_4_1129_312_0.821.png,3
98_4_1129_312_0.821.png,23
98_4_1129_312_0.821.png,3
98_4_1129_312_0.821.png,2
98_4_1129_312_0.821.png,19
98_4_1129_312_0.821.png,12
98_4_1129_312_0.821.png,6
98_4_1129_312_0.821.png,14
98_4_1129_312_0.821.png,18
98_4_1129_312_0.821.png,5
98_4_1129_312_0.821.png,15
98_4_1129_312_0.821.png,16
98_4_1129_312_0.821.png,2
98_4_1129_312_0.821.png,6
98_4_1129_312_0.821.png,11
98_4_1129_312_0.821.png,4
98_4_1129_312_0.821.png,1
98_4_1129_312_0.821.png,16
98_4_1129_312_0.821.png,13
98_4_1129_312_0.821.png,4
98_4_1129_312_0.821.png,1
98_4_1129_312_0.821.png,15
98_4_1129_312_0.821.png,21
98_4_1129_312_0.821.png,10
98_4_1129_312_0.821.png,13
98_4_1129_312_0.821.png,17
98_4_1129_312_0.821.png,12
98_4_1129_312_0.821.png,14
98_4_1129_312_0.821.png,22
98_4_1129_312_0.821.png,17
98_4_1129_312_0.821.png,5
98_4_1129_312_0.821.png,7
98_4_1129_312_0.821.png,9
65_6_492_279_0.900.png,12
65_6_492_279_0.900.png,21
65_6_492_279_0.900.png,17
65_6_492_279_0.900.png,8
65_6_492_279_0.900.png,11
65_6_492_279_0.900.png,6
65_6_492_279_0.900.png,4
65_6_492_279_0.900.png,23
65_6_492_279_0.900.png,4
65_6_492_279_0.900.png,6
65_6_492_279_0.900.png,1
65_6_492_279_0.900.png,13
65_6_492_279_0.900.png,7
65_6_492_279_0.900.png,22
65_6_492_279_0.900.png,20
65_6_492_279_0.900.png,16
65_6_492_279_0.900.png,18
65_6_492_279_0.900.png,3
65_6_492_279_0.900.png,14
65_6_492_279_0.900.png,15
65_6_492_279_0.900.png,10
65_6_492_279_0.900.png,11
65_6_492_279_0.900.png,9
65_6_492_279_0.900.png,19
65_6_492_279_0.900.png,21
65_6_492_279_0.900.png,9
65_6_492_279_0.900.png,18
65_6_492_279_0.900.png,17
65_6_492_279_0.900.png,5
65_6_492_279_0.900.png,22
65_6_492_279_0.900.png,16
65_6_492_279_0.900.png,15
65_6_492_279_0.900.png,7
65_6_492_279_0.900.png,10
65_6_492_279_0.900.png,14
65_6_492_279_0.900.png,3
65_6_492_279_0.900.png,1
65_6_492_279_0.900.png,2
65_6_492_279_0.900.png,8
65_6_492_279_0.900.png,12
65_6_492_279_0.900.png,19
65_6_492_279_0.900.png,2
65_6_492_279_0.900.png,13
65_6_492_279_0.900.png,5
65_6_492_279_0.900.png,20
101_3_296_345_0.915.png,12
101_3_296_345_0.915.png,19
101_3_296_345_0.915.png,13
101_3_296_345_0.915.png,10
101_3_296_345_0.915.png,7
101_3_296_345_0.915.png,22
101_3_296_345_0.915.png,17
101_3_296_345_0.915.png,2
101_3_296_345_0.915.png,16
101_3_296_345_0.915.png,4
101_3_296_345_0.915.png,10
101_3_296_345_0.915.png,5
101_3_296_345_0.915.png,1
101_3_296_345_0.915.png,21
101_3_296_345_0.915.png,14
101_3_296_345_0.915.png,2
101_3_296_345_0.915.png,22
101_3_296_345_0.915.png,5
101_3_296_345_0.915.png,6
101_3_296_345_0.915.png,19
101_3_296_345_0.915.png,18
101_3_296_345_0.915.png,15
101_3_296_345_0.915.png,13
101_3_296_345_0.915.png,3
101_3_296_345_0.915.png,9
101_3_296_345_0.915.png,9
101_3_296_345_0.915.png,11
101_3_296_345_0.915.png,21
101_3_296_345_0.915.png,4
101_3_296_345_0.915.png,12
101_3_296_345_0.915.png,8
101_3_296_345_0.915.png,3
101_3_296_345_0.915.png,23
101_3_296_345_0.915.png,20
101_3_296_345_0.915.png,15
101_3_296_345_0.915.png,14
101_3_296_345_0.915.png,17
101_3_296_345_0.915.png,6
101_3_296_345_0.915.png,18
101_3_296_345_0.915.png,20
101_3_296_345_0.915.png,16
101_3_296_345_0.915.png,7
101_3_296_345_0.915.png,11
101_3_296_345_0.915.png,1
133_3_884_378_0.693.png,21
133_3_884_378_0.693.png,18
133_3_884_378_0.693.png,12
133_3_884_378_0.693.png,4
133_3_884_378_0.693.png,22
133_3_884_378_0.693.png,10
133_3_884_378_0.693.png,17
133_3_884_378_0.693.png,8
133_3_884_378_0.693.png,20
133_3_884_378_0.693.png,19
133_3_884_378_0.693.png,3
133_3_884_378_0.693.png,4
133_3_884_378_0.693.png,17
133_3_884_378_0.693.png,14
133_3_884_378_0.693.png,15
133_3_884_378_0.693.png,14
133_3_884_378_0.693.png,7
133_3_884_378_0.693.png,1
133_3_884_378_0.693.png,19
133_3_884_378_0.693.png,12
133_3_884_378_0.693.png,15
133_3_884_378_0.693.png,22
133_3_884_378_0.693.png,11
133_3_884_378_0.693.png,6
133_3_884_378_0.693.png,16
133_3_884_378_0.693.png,2
133_3_884_378_0.693.png,11
133_3_884_378_0.693.png,8
133_3_884_378_0.693.png,2
133_3_884_378_0.693.png,13
133_3_884_378_0.693.png,13
133_3_884_378_0.693.png,14
133_3_884_378_0.693.png,9
133_3_884_378_0.693.png,5
133_3_884_378_0.693.png,16
133_3_884_378_0.693.png,9
133_3_884_378_0.693.png,5
133_3_884_378_0.693.png,3
133_3_884_378_0.693.png,7
133_3_884_378_0.693.png,20
133_3_884_378_0.693.png,6
133_3_884_378_0.693.png,21
70_4_737_279_0.462.png,13
70_4_737_279_0.462.png,16
70_4_737_279_0.462.png,20
70_4_737_279_0.462.png,10
70_4_737_279_0.462.png,12
70_4_737_279_0.462.png,17
70_4_737_279_0.462.png,9
70_4_737_279_0.462.png,19
70_4_737_279_0.462.png,11
70_4_737_279_0.462.png,15
70_4_737_279_0.462.png,3
70_4_737_279_0.462.png,2
70_4_737_279_0.462.png,14
70_4_737_279_0.462.png,22
70_4_737_279_0.462.png,6
70_4_737_279_0.462.png,19
70_4_737_279_0.462.png,6
70_4_737_279_0.462.png,17
70_4_737_279_0.462.png,8
70_4_737_279_0.462.png,5
70_4_737_279_0.462.png,3
70_4_737_279_0.462.png,11
70_4_737_279_0.462.png,20
70_4_737_279_0.462.png,1
70_4_737_279_0.462.png,9
70_4_737_279_0.462.png,15
70_4_737_279_0.462.png,4
70_4_737_279_0.462.png,7
70_4_737_279_0.462.png,14
70_4_737_279_0.462.png,12
70_4_737_279_0.462.png,1
70_4_737_279_0.462.png,22
70_4_737_279_0.462.png,21
70_4_737_279_0.462.png,5
70_4_737_279_0.462.png,4
70_4_737_279_0.462.png,23
70_4_737_279_0.462.png,13
70_4_737_279_0.462.png,18
70_4_737_279_0.462.png,16
70_4_737_279_0.462.png,8
70_4_737_279_0.462.png,10
70_4_737_279_0.462.png,21
70_4_737_279_0.462.png,18
70_4_737_279_0.462.png,7
70_4_737_279_0.462.png,2
82_8_345_312_0.787.png,9
82_8_345_312_0.787.png,6
82_8_345_312_0.787.png,19
82_8_345_312_0.787.png,9
82_8_345_312_0.787.png,5
82_8_345_312_0.787.png,16
82_8_345_312_0.787.png,11
82_8_345_312_0.787.png,10
82_8_345_312_0.787.png,12
82_8_345_312_0.787.png,14
82_8_345_312_0.787.png,12
82_8_345_312_0.787.png,15
82_8_345_312_0.787.png,20
82_8_345_312_0.787.png,8
82_8_345_312_0.787.png,1
82_8_345_312_0.787.png,2
82_8_345_312_0.787.png,23
82_8_345_312_0.787.png,8
82_8_345_312_0.787.png,13
82_8_345_312_0.787.png,2
82_8_345_312_0.787.png,19
82_8_345_312_0.787.png,5
82_8_345_312_0.787.png,18
82_8_345_312_0.787.png,17
82_8_345_312_0.787.png,7
82_8_345_312_0.787.png,21
82_8_345_312_0.787.png,4
82_8_345_312_0.787.png,18
82_8_345_312_0.787.png,15
82_8_345_312_0.787.png,22
82_8_345_312_0.787.png,22
82_8_345_312_0.787.png,16
82_8_345_312_0.787.png,10
82_8_345_312_0.787.png,7
82_8_345_312_0.787.png,20
82_8_345_312_0.787.png,23
82_8_345_312_0.787.png,3
82_8_345_312_0.787.png,11
82_8_345_312_0.787.png,4
82_8_345_312_0.787.png,14
82_8_345_312_0.787.png,3
82_8_345_312_0.787.png,6
82_8_345_312_0.787.png,13
82_8_345_312_0.787.png,1
73_1_884_279_0.735.png,13
73_1_884_279_0.735.png,17
73_1_884_279_0.735.png,17
73_1_884_279_0.735.png,21
73_1_884_279_0.735.png,4
73_1_884_279_0.735.png,16
73_1_884_279_0.735.png,19
73_1_884_279_0.735.png,5
73_1_884_279_0.735.png,9
73_1_884_279_0.735.png,18
73_1_884_279_0.735.png,12
73_1_884_279_0.735.png,13
73_1_884_279_0.735.png,14
73_1_884_279_0.735.png,16
73_1_884_279_0.735.png,21
73_1_884_279_0.735.png,20
73_1_884_279_0.735.png,23
73_1_884_279_0.735.png,11
73_1_884_279_0.735.png,2
73_1_884_279_0.735.png,5
73_1_884_279_0.735.png,8
73_1_884_279_0.735.png,15
73_1_884_279_0.735.png,22
73_1_884_279_0.735.png,22
73_1_884_279_0.735.png,14
73_1_884_279_0.735.png,9
73_1_884_279_0.735.png,3
73_1_884_279_0.735.png,7
73_1_884_279_0.735.png,23
73_1_884_279_0.735.png,3
73_1_884_279_0.735.png,19
73_1_884_279_0.735.png,18
73_1_884_279_0.735.png,8
73_1_884_279_0.735.png,1
73_1_884_279_0.735.png,12
73_1_884_279_0.735.png,2
73_1_884_279_0.735.png,10
73_1_884_279_0.735.png,11
73_1_884_279_0.735.png,6
73_1_884_279_0.735.png,1
73_1_884_279_0.735.png,6
243_1_394_576_0.823.png,3
243_1_394_576_0.823.png,11
243_1_394_576_0.823.png,13
243_1_394_576_0.823.png,8
243_1_394_576_0.823.png,9
243_1_394_576_0.823.png,1
243_1_394_576_0.823.png,18
243_1_394_576_0.823.png,1
243_1_394_576_0.823.png,22
243_1_394_576_0.823.png,15
243_1_394_576_0.823.png,19
243_1_394_576_0.823.png,11
243_1_394_576_0.823.png,15
243_1_394_576_0.823.png,14
243_1_394_576_0.823.png,20
243_1_394_576_0.823.png,16
243_1_394_576_0.823.png,14
243_1_394_576_0.823.png,7
243_1_394_576_0.823.png,2
243_1_394_576_0.823.png,19
243_1_394_576_0.823.png,17
243_1_394_576_0.823.png,23
243_1_394_576_0.823.png,12
243_1_394_576_0.823.png,6
243_1_394_576_0.823.png,10
243_1_394_576_0.823.png,22
243_1_394_576_0.823.png,21
243_1_394_576_0.823.png,2
243_1_394_576_0.823.png,20
243_1_394_576_0.823.png,4
243_1_394_576_0.823.png,3
243_1_394_576_0.823.png,13
243_1_394_576_0.823.png,8
243_1_394_576_0.823.png,17
243_1_394_576_0.823.png,7
243_1_394_576_0.823.png,6
243_1_394_576_0.823.png,23
243_1_394_576_0.823.png,5
243_1_394_576_0.823.png,18
243_1_394_576_0.823.png,4
243_1_394_576_0.823.png,10
243_1_394_576_0.823.png,12
243_1_394_576_0.823.png,21
243_1_394_576_0.823.png,5
243_1_394_576_0.823.png,16
243_1_394_576_0.823.png,9
98_5_1129_312_0.880.png,19
98_5_1129_312_0.880.png,2
98_5_1129_312_0.880.png,16
98_5_1129_312_0.880.png,22
98_5_1129_312_0.880.png,15
98_5_1129_312_0.880.png,6
98_5_1129_312_0.880.png,23
98_5_1129_312_0.880.png,12
98_5_1129_312_0.880.png,8
98_5_1129_312_0.880.png,19
98_5_1129_312_0.880.png,3
98_5_1129_312_0.880.png,15
98_5_1129_312_0.880.png,20
98_5_1129_312_0.880.png,9
98_5_1129_312_0.880.png,4
98_5_1129_312_0.880.png,21
98_5_1129_312_0.880.png,13
98_5_1129_312_0.880.png,12
98_5_1129_312_0.880.png,5
98_5_1129_312_0.880.png,7
98_5_1129_312_0.880.png,22
98_5_1129_312_0.880.png,1
98_5_1129_312_0.880.png,23
98_5_1129_312_0.880.png,18
98_5_1129_312_0.880.png,2
98_5_1129_312_0.880.png,11
98_5_1129_312_0.880.png,18
98_5_1129_312_0.880.png,9
98_5_1129_312_0.880.png,14
98_5_1129_312_0.880.png,17
98_5_1129_312_0.880.png,6
98_5_1129_312_0.880.png,11
98_5_1129_312_0.880.png,10
98_5_1129_312_0.880.png,7
98_5_1129_312_0.880.png,8
98_5_1129_312_0.880.png,4
98_5_1129_312_0.880.png,13
98_5_1129_312_0.880.png,21
98_5_1129_312_0.880.png,5
98_5_1129_312_0.880.png,3
98_5_1129_312_0.880.png,1
98_5_1129_312_0.880.png,14
98_5_1129_312_0.880.png,10
98_5_1129_312_0.880.png,17
98_5_1129_312_0.880.png,20
94_3_933_312_0.851.png,21
94_3_933_312_0.851.png,18
94_3_933_312_0.851.png,20
94_3_933_312_0.851.png,8
94_3_933_312_0.851.png,14
94_3_933_312_0.851.png,23
94_3_933_312_0.851.png,18
94_3_933_312_0.851.png,21
94_3_933_312_0.851.png,10
94_3_933_312_0.851.png,17
94_3_933_312_0.851.png,12
94_3_933_312_0.851.png,1
94_3_933_312_0.851.png,2
94_3_933_312_0.851.png,6
94_3_933_312_0.851.png,6
94_3_933_312_0.851.png,20
94_3_933_312_0.851.png,17
94_3_933_312_0.851.png,1
94_3_933_312_0.851.png,13
94_3_933_312_0.851.png,13
94_3_933_312_0.851.png,22
94_3_933_312_0.851.png,16
94_3_933_312_0.851.png,7
94_3_933_312_0.851.png,9
94_3_933_312_0.851.png,14
94_3_933_312_0.851.png,16
94_3_933_312_0.851.png,4
94_3_933_312_0.851.png,15
94_3_933_312_0.851.png,15
94_3_933_312_0.851.png,23
94_3_933_312_0.851.png,19
94_3_933_312_0.851.png,2
94_3_933_312_0.851.png,12
94_3_933_312_0.851.png,5
94_3_933_312_0.851.png,4
94_3_933_312_0.851.png,11
94_3_933_312_0.851.png,10
94_3_933_312_0.851.png,8
94_3_933_312_0.851.png,22
94_3_933_312_0.851.png,19
94_3_933_312_0.851.png,5
94_3_933_312_0.851.png,3
94_3_933_312_0.851.png,7
94_3_933_312_0.851.png,9
94_3_933_312_0.851.png,3
94_3_933_312_0.851.png,11
166_2_541_444_0.761.png,1
166_2_541_444_0.761.png,13
166_2_541_444_0.761.png,20
166_2_541_444_0.761.png,23
166_2_541_444_0.761.png,12
166_2_541_444_0.761.png,17
166_2_541_444_0.761.png,15
166_2_541_444_0.761.png,9
166_2_541_444_0.761.png,16
166_2_541_444_0.761.png,1
166_2_541_444_0.761.png,11
166_2_541_444_0.761.png,20
166_2_541_444_0.761.png,7
166_2_541_444_0.761.png,10
166_2_541_444_0.761.png,9
166_2_541_444_0.761.png,17
166_2_541_444_0.761.png,2
166_2_541_444_0.761.png,18
166_2_541_444_0.761.png,4
166_2_541_444_0.761.png,23
166_2_541_444_0.761.png,18
166_2_541_444_0.761.png,19
166_2_541_444_0.761.png,2
166_2_541_444_0.761.png,12
166_2_541_444_0.761.png,3
166_2_541_444_0.761.png,16
166_2_541_444_0.761.png,21
166_2_541_444_0.761.png,21
166_2_541_444_0.761.png,7
166_2_541_444_0.761.png,6
166_2_541_444_0.761.png,14
166_2_541_444_0.761.png,19
166_2_541_444_0.761.png,3
166_2_541_444_0.761.png,22
166_2_541_444_0.761.png,11
166_2_541_444_0.761.png,14
166_2_541_444_0.761.png,8
166_2_541_444_0.761.png,5
166_2_541_444_0.761.png,6
166_2_541_444_0.761.png,5
166_2_541_444_0.761.png,15
166_2_541_444_0.761.png,13
225_2_492_543_0.875.png,17
225_2_492_543_0.875.png,8
225_2_492_543_0.875.png,13
225_2_492_543_0.875.png,19
225_2_492_543_0.875.png,22
225_2_492_543_0.875.png,18
225_2_492_543_0.875.png,5
225_2_492_543_0.875.png,16
225_2_492_543_0.875.png,6
225_2_492_543_0.875.png,1
225_2_492_543_0.875.png,23
225_2_492_543_0.875.png,5
225_2_492_543_0.875.png,4
225_2_492_543_0.875.png,12
225_2_492_543_0.875.png,22
225_2_492_543_0.875.png,23
225_2_492_543_0.875.png,10
225_2_492_543_0.875.png,12
225_2_492_543_0.875.png,3
225_2_492_543_0.875.png,21
225_2_492_543_0.875.png,7
225_2_492_543_0.875.png,16
225_2_492_543_0.875.png,8
225_2_492_543_0.875.png,14
225_2_492_543_0.875.png,9
225_2_492_543_0.875.png,1
225_2_492_543_0.875.png,6
225_2_492_543_0.875.png,20
225_2_492_543_0.875.png,3
225_2_492_543_0.875.png,13
225_2_492_543_0.875.png,10
225_2_492_543_0.875.png,20
225_2_492_543_0.875.png,15
225_2_492_543_0.875.png,19
225_2_492_543_0.875.png,17
225_2_492_543_0.875.png,18
225_2_492_543_0.875.png,7
225_2_492_543_0.875.png,2
225_2_492_543_0.875.png,11
225_2_492_543_0.875.png,14
225_2_492_543_0.875.png,2
225_2_492_543_0.875.png,9
225_2_492_543_0.875.png,21
225_2_492_543_0.875.png,4
225_2_492_543_0.875.png,11
225_2_492_543_0.875.png,15
176_5_1031_444_0.579.png,15
176_5_1031_444_0.579.png,11
176_5_1031_444_0.579.png,20
176_5_1031_444_0.579.png,5
176_5_1031_444_0.579.png,3
176_5_1031_444_0.579.png,1
176_5_1031_444_0.579.png,19
176_5_1031_444_0.579.png,16
176_5_1031_444_0.579.png,2
176_5_1031_444_0.579.png,9
176_5_1031_444_0.579.png,11
176_5_1031_444_0.579.png,17
176_5_1031_444_0.579.png,6
176_5_1031_444_0.579.png,18
176_5_1031_444_0.579.png,14
176_5_1031_444_0.579.png,23
176_5_1031_444_0.579.png,13
176_5_1031_444_0.579.png,10
176_5_1031_444_0.579.png,8
176_5_1031_444_0.579.png,17
176_5_1031_444_0.579.png,4
176_5_1031_444_0.579.png,14
176_5_1031_444_0.579.png,7
176_5_1031_444_0.579.png,8
176_5_1031_444_0.579.png,15
176_5_1031_444_0.579.png,18
176_5_1031_444_0.579.png,12
176_5_1031_444_0.579.png,3
176_5_1031_444_0.579.png,7
176_5_1031_444_0.579.png,12
176_5_1031_444_0.579.png,16
176_5_1031_444_0.579.png,23
176_5_1031_444_0.579.png,21
176_5_1031_444_0.579.png,6
176_5_1031_444_0.579.png,5
176_5_1031_444_0.579.png,2
176_5_1031_444_0.579.png,20
176_5_1031_444_0.579.png,10
176_5_1031_444_0.579.png,22
176_5_1031_444_0.579.png,1
176_5_1031_444_0.579.png,4
176_5_1031_444_0.579.png,22
176_5_1031_444_0.579.png,13
176_5_1031_444_0.579.png,21
176_5_1031_444_0.579.png,9
176_5_1031_444_0.579.png,19
212_11_835_510_0.880.png,16
212_11_835_510_0.880.png,15
212_11_835_510_0.880.png,2
212_11_835_510_0.880.png,12
212_11_835_510_0.880.png,14
212_11_835_510_0.880.png,23
212_11_835_510_0.880.png,5
212_11_835_510_0.880.png,22
212_11_835_510_0.880.png,21
212_11_835_510_0.880.png,4
212_11_835_510_0.880.png,7
212_11_835_510_0.880.png,7
212_11_835_510_0.880.png,10
212_11_835_510_0.880.png,17
212_11_835_510_0.880.png,11
212_11_835_510_0.880.png,21
212_11_835_510_0.880.png,19
212_11_835_510_0.880.png,17
212_11_835_510_0.880.png,13
212_11_835_510_0.880.png,14
212_11_835_510_0.880.png,20
212_11_835_510_0.880.png,4
212_11_835_510_0.880.png,6
212_11_835_510_0.880.png,18
212_11_835_510_0.880.png,23
212_11_835_510_0.880.png,22
212_11_835_510_0.880.png,8
212_11_835_510_0.880.png,9
212_11_835_510_0.880.png,11
212_11_835_510_0.880.png,1
212_11_835_510_0.880.png,18
212_11_835_510_0.880.png,20
212_11_835_510_0.880.png,19
212_11_835_510_0.880.png,1
212_11_835_510_0.880.png,12
212_11_835_510_0.880.png,9
212_11_835_510_0.880.png,3
212_11_835_510_0.880.png,10
212_11_835_510_0.880.png,8
212_11_835_510_0.880.png,2
212_11_835_510_0.880.png,13
212_11_835_510_0.880.png,15
212_11_835_510_0.880.png,5
212_11_835_510_0.880.png,3
212_11_835_510_0.880.png,16
212_11_835_510_0.880.png,6
152_2_835_411_0.472.png,18
152_2_835_411_0.472.png,12
152_2_835_411_0.472.png,17
152_2_835_411_0.472.png,18
152_2_835_411_0.472.png,17
152_2_835_411_0.472.png,13
152_2_835_411_0.472.png,1
152_2_835_411_0.472.png,15
152_2_835_411_0.472.png,10
152_2_835_411_0.472.png,3
152_2_835_411_0.472.png,21
152_2_835_411_0.472.png,8
152_2_835_411_0.472.png,11
152_2_835_411_0.472.png,6
152_2_835_411_0.472.png,5
152_2_835_411_0.472.png,9
152_2_835_411_0.472.png,15
152_2_835_411_0.472.png,23
152_2_835_411_0.472.png,12
152_2_835_411_0.472.png,3
152_2_835_411_0.472.png,4
152_2_835_411_0.472.png,6
152_2_835_411_0.472.png,16
152_2_835_411_0.472.png,20
152_2_835_411_0.472.png,21
152_2_835_411_0.472.png,10
152_2_835_411_0.472.png,2
152_2_835_411_0.472.png,2
152_2_835_411_0.472.png,19
152_2_835_411_0.472.png,7
152_2_835_411_0.472.png,14
152_2_835_411_0.472.png,20
152_2_835_411_0.472.png,22
152_2_835_411_0.472.png,16
152_2_835_411_0.472.png,7
152_2_835_411_0.472.png,8
152_2_835_411_0.472.png,19
152_2_835_411_0.472.png,1
152_2_835_411_0.472.png,22
152_2_835_411_0.472.png,4
152_2_835_411_0.472.png,23
152_2_835_411_0.472.png,5
152_2_835_411_0.472.png,9
152_2_835_411_0.472.png,13
152_2_835_411_0.472.png,14
152_2_835_411_0.472.png,11
170_2_737_444_0.599.png,1
170_2_737_444_0.599.png,11
170_2_737_444_0.599.png,3
170_2_737_444_0.599.png,16
170_2_737_444_0.599.png,23
170_2_737_444_0.599.png,5
170_2_737_444_0.599.png,14
170_2_737_444_0.599.png,7
170_2_737_444_0.599.png,13
170_2_737_444_0.599.png,7
170_2_737_444_0.599.png,3
170_2_737_444_0.599.png,8
170_2_737_444_0.599.png,20
170_2_737_444_0.599.png,5
170_2_737_444_0.599.png,21
170_2_737_444_0.599.png,2
170_2_737_444_0.599.png,4
170_2_737_444_0.599.png,12
170_2_737_444_0.599.png,11
170_2_737_444_0.599.png,17
170_2_737_444_0.599.png,6
170_2_737_444_0.599.png,17
170_2_737_444_0.599.png,19
170_2_737_444_0.599.png,10
170_2_737_444_0.599.png,4
170_2_737_444_0.599.png,10
170_2_737_444_0.599.png,23
170_2_737_444_0.599.png,8
170_2_737_444_0.599.png,12
170_2_737_444_0.599.png,9
170_2_737_444_0.599.png,20
170_2_737_444_0.599.png,22
170_2_737_444_0.599.png,15
170_2_737_444_0.599.png,15
170_2_737_444_0.599.png,16
170_2_737_444_0.599.png,2
170_2_737_444_0.599.png,6
170_2_737_444_0.599.png,18
170_2_737_444_0.599.png,19
170_2_737_444_0.599.png,18
170_2_737_444_0.599.png,21
170_2_737_444_0.599.png,9
170_2_737_444_0.599.png,1
170_2_737_444_0.599.png,22
172_1_835_444_0.538.png,20
172_1_835_444_0.538.png,18
172_1_835_444_0.538.png,15
172_1_835_444_0.538.png,16
172_1_835_444_0.538.png,16
172_1_835_444_0.538.png,10
172_1_835_444_0.538.png,9
172_1_835_444_0.538.png,13
172_1_835_444_0.538.png,6
172_1_835_444_0.538.png,1
172_1_835_444_0.538.png,14
172_1_835_444_0.538.png,2
172_1_835_444_0.538.png,5
172_1_835_444_0.538.png,19
172_1_835_444_0.538.png,22
172_1_835_444_0.538.png,18
172_1_835_444_0.538.png,17
172_1_835_444_0.538.png,3
172_1_835_444_0.538.png,21
172_1_835_444_0.538.png,23
172_1_835_444_0.538.png,21
172_1_835_444_0.538.png,3
172_1_835_444_0.538.png,2
172_1_835_444_0.538.png,4
172_1_835_444_0.538.png,22
172_1_835_444_0.538.png,17
172_1_835_444_0.538.png,19
172_1_835_444_0.538.png,12
172_1_835_444_0.538.png,8
172_1_835_444_0.538.png,10
172_1_835_444_0.538.png,15
172_1_835_444_0.538.png,5
172_1_835_444_0.538.png,20
172_1_835_444_0.538.png,11
172_1_835_444_0.538.png,9
172_1_835_444_0.538.png,7
172_1_835_444_0.538.png,4
172_1_835_444_0.538.png,14
172_1_835_444_0.538.png,13
172_1_835_444_0.538.png,1
172_1_835_444_0.538.png,12
172_1_835_444_0.538.png,23
172_1_835_444_0.538.png,6
187_2_590_477_0.502.png,13
187_2_590_477_0.502.png,16
187_2_590_477_0.502.png,1
187_2_590_477_0.502.png,6
187_2_590_477_0.502.png,1
187_2_590_477_0.502.png,18
187_2_590_477_0.502.png,4
187_2_590_477_0.502.png,18
187_2_590_477_0.502.png,15
187_2_590_477_0.502.png,5
187_2_590_477_0.502.png,23
187_2_590_477_0.502.png,7
187_2_590_477_0.502.png,20
187_2_590_477_0.502.png,17
187_2_590_477_0.502.png,19
187_2_590_477_0.502.png,9
187_2_590_477_0.502.png,14
187_2_590_477_0.502.png,10
187_2_590_477_0.502.png,22
187_2_590_477_0.502.png,9
187_2_590_477_0.502.png,13
187_2_590_477_0.502.png,4
187_2_590_477_0.502.png,15
187_2_590_477_0.502.png,20
187_2_590_477_0.502.png,11
187_2_590_477_0.502.png,12
187_2_590_477_0.502.png,8
187_2_590_477_0.502.png,10
187_2_590_477_0.502.png,7
187_2_590_477_0.502.png,5
187_2_590_477_0.502.png,14
187_2_590_477_0.502.png,11
187_2_590_477_0.502.png,8
187_2_590_477_0.502.png,16
187_2_590_477_0.502.png,12
187_2_590_477_0.502.png,2
187_2_590_477_0.502.png,6
187_2_590_477_0.502.png,3
187_2_590_477_0.502.png,17
187_2_590_477_0.502.png,23
187_2_590_477_0.502.png,2
187_2_590_477_0.502.png,3
187_2_590_477_0.502.png,19
187_2_590_477_0.502.png,21
187_2_590_477_0.502.png,21
187_2_590_477_0.502.png,22
195_1_982_477_0.768.png,2
195_1_982_477_0.768.png,8
195_1_982_477_0.768.png,8
195_1_982_477_0.768.png,18
195_1_982_477_0.768.png,20
195_1_982_477_0.768.png,17
195_1_982_477_0.768.png,10
195_1_982_477_0.768.png,23
195_1_982_477_0.768.png,5
195_1_982_477_0.768.png,2
195_1_982_477_0.768.png,15
195_1_982_477_0.768.png,21
195_1_982_477_0.768.png,16
195_1_982_477_0.768.png,6
195_1_982_477_0.768.png,13
195_1_982_477_0.768.png,7
195_1_982_477_0.768.png,11
195_1_982_477_0.768.png,12
195_1_982_477_0.768.png,1
195_1_982_477_0.768.png,18
195_1_982_477_0.768.png,10
195_1_982_477_0.768.png,3
195_1_982_477_0.768.png,7
195_1_982_477_0.768.png,23
195_1_982_477_0.768.png,12
195_1_982_477_0.768.png,3
195_1_982_477_0.768.png,22
195_1_982_477_0.768.png,5
195_1_982_477_0.768.png,1
195_1_982_477_0.768.png,14
195_1_982_477_0.768.png,16
195_1_982_477_0.768.png,21
195_1_982_477_0.768.png,11
195_1_982_477_0.768.png,6
195_1_982_477_0.768.png,9
195_1_982_477_0.768.png,4
195_1_982_477_0.768.png,17
195_1_982_477_0.768.png,9
195_1_982_477_0.768.png,14
195_1_982_477_0.768.png,19
195_1_982_477_0.768.png,20
195_1_982_477_0.768.png,15
195_1_982_477_0.768.png,19
195_1_982_477_0.768.png,13
195_1_982_477_0.768.png,22
195_1_982_477_0.768.png,4
283_4_394_642_0.729.png,18
283_4_394_642_0.729.png,23
283_4_394_642_0.729.png,6
283_4_394_642_0.729.png,16
283_4_394_642_0.729.png,21
283_4_394_642_0.729.png,8
283_4_394_642_0.729.png,15
283_4_394_642_0.729.png,5
283_4_394_642_0.729.png,4
283_4_394_642_0.729.png,10
283_4_394_642_0.729.png,13
283_4_394_642_0.729.png,7
283_4_394_642_0.729.png,23
283_4_394_642_0.729.png,8
283_4_394_642_0.729.png,20
283_4_394_642_0.729.png,14
283_4_394_642_0.729.png,16
283_4_394_642_0.729.png,11
283_4_394_642_0.729.png,1
283_4_394_642_0.729.png,9
283_4_394_642_0.729.png,2
283_4_394_642_0.729.png,12
283_4_394_642_0.729.png,19
283_4_394_642_0.729.png,2
283_4_394_642_0.729.png,9
283_4_394_642_0.729.png,6
283_4_394_642_0.729.png,5
283_4_394_642_0.729.png,11
283_4_394_642_0.729.png,17
283_4_394_642_0.729.png,20
283_4_394_642_0.729.png,4
283_4_394_642_0.729.png,12
283_4_394_642_0.729.png,17
283_4_394_642_0.729.png,1
283_4_394_642_0.729.png,3
283_4_394_642_0.729.png,18
283_4_394_642_0.729.png,3
283_4_394_642_0.729.png,14
283_4_394_642_0.729.png,19
283_4_394_642_0.729.png,13
283_4_394_642_0.729.png,7
283_4_394_642_0.729.png,15
283_4_394_642_0.729.png,10
283_4_394_642_0.729.png,21
283_4_394_642_0.729.png,22
283_4_394_642_0.729.png,22
148_2_639_411_0.753.png,3
148_2_639_411_0.753.png,19
148_2_639_411_0.753.png,7
148_2_639_411_0.753.png,4
148_2_639_411_0.753.png,8
148_2_639_411_0.753.png,17
148_2_639_411_0.753.png,12
148_2_639_411_0.753.png,9
148_2_639_411_0.753.png,2
148_2_639_411_0.753.png,6
148_2_639_411_0.753.png,18
148_2_639_411_0.753.png,6
148_2_639_411_0.753.png,15
148_2_639_411_0.753.png,14
148_2_639_411_0.753.png,1
148_2_639_411_0.753.png,1
148_2_639_411_0.753.png,4
148_2_639_411_0.753.png,13
148_2_639_411_0.753.png,21
148_2_639_411_0.753.png,18
148_2_639_411_0.753.png,3
148_2_639_411_0.753.png,21
148_2_639_411_0.753.png,12
148_2_639_411_0.753.png,20
148_2_639_411_0.753.png,8
148_2_639_411_0.753.png,2
148_2_639_411_0.753.png,5
148_2_639_411_0.753.png,23
148_2_639_411_0.753.png,11
148_2_639_411_0.753.png,20
148_2_639_411_0.753.png,9
148_2_639_411_0.753.png,23
148_2_639_411_0.753.png,10
148_2_639_411_0.753.png,16
148_2_639_411_0.753.png,16
148_2_639_411_0.753.png,13
148_2_639_411_0.753.png,7
148_2_639_411_0.753.png,11
148_2_639_411_0.753.png,5
148_2_639_411_0.753.png,22
148_2_639_411_0.753.png,10
148_2_639_411_0.753.png,15
148_2_639_411_0.753.png,19
148_2_639_411_0.753.png,14
148_2_639_411_0.753.png,22
148_2_639_411_0.753.png,17
142_1_345_411_0.671.png,15
142_1_345_411_0.671.png,8
142_1_345_411_0.671.png,9
142_1_345_411_0.671.png,2
142_1_345_411_0.671.png,17
142_1_345_411_0.671.png,22
142_1_345_411_0.671.png,23
142_1_345_411_0.671.png,23
142_1_345_411_0.671.png,3
142_1_345_411_0.671.png,9
142_1_345_411_0.671.png,6
142_1_345_411_0.671.png,3
142_1_345_411_0.671.png,17
142_1_345_411_0.671.png,18
142_1_345_411_0.671.png,15
142_1_345_411_0.671.png,11
142_1_345_411_0.671.png,12
142_1_345_411_0.671.png,18
142_1_345_411_0.671.png,20
142_1_345_411_0.671.png,19
142_1_345_411_0.671.png,13
142_1_345_411_0.671.png,19
142_1_345_411_0.671.png,10
142_1_345_411_0.671.png,12
142_1_345_411_0.671.png,6
142_1_345_411_0.671.png,4
142_1_345_411_0.671.png,5
142_1_345_411_0.671.png,13
142_1_345_411_0.671.png,20
142_1_345_411_0.671.png,2
142_1_345_411_0.671.png,21
142_1_345_411_0.671.png,14
142_1_345_411_0.671.png,16
142_1_345_411_0.671.png,14
142_1_345_411_0.671.png,7
142_1_345_411_0.671.png,4
142_1_345_411_0.671.png,1
142_1_345_411_0.671.png,16
142_1_345_411_0.671.png,11
142_1_345_411_0.671.png,7
142_1_345_411_0.671.png,10
142_1_345_411_0.671.png,5
142_1_345_411_0.671.png,8
142_1_345_411_0.671.png,22
142_1_345_411_0.671.png,1
142_1_345_411_0.671.png,21
83_3_394_312_0.630.png,23
83_3_394_312_0.630.png,12
83_3_394_312_0.630.png,4
83_3_394_312_0.630.png,7
83_3_394_312_0.630.png,2
83_3_394_312_0.630.png,16
83_3_394_312_0.630.png,12
83_3_394_312_0.630.png,2
83_3_394_312_0.630.png,3
83_3_394_312_0.630.png,22
83_3_394_312_0.630.png,10
83_3_394_312_0.630.png,8
83_3_394_312_0.630.png,17
83_3_394_312_0.630.png,21
83_3_394_312_0.630.png,11
83_3_394_312_0.630.png,14
83_3_394_312_0.630.png,21
83_3_394_312_0.630.png,13
83_3_394_312_0.630.png,18
83_3_394_312_0.630.png,5
83_3_394_312_0.630.png,11
83_3_394_312_0.630.png,14
83_3_394_312_0.630.png,9
83_3_394_312_0.630.png,13
83_3_394_312_0.630.png,8
83_3_394_312_0.630.png,20
83_3_394_312_0.630.png,3
83_3_394_312_0.630.png,9
83_3_394_312_0.630.png,19
83_3_394_312_0.630.png,1
83_3_394_312_0.630.png,15
83_3_394_312_0.630.png,6
83_3_394_312_0.630.png,20
83_3_394_312_0.630.png,23
83_3_394_312_0.630.png,1
83_3_394_312_0.630.png,7
83_3_394_312_0.630.png,18
83_3_394_312_0.630.png,16
83_3_394_312_0.630.png,6
83_3_394_312_0.630.png,15
83_3_394_312_0.630.png,4
83_3_394_312_0.630.png,22
83_3_394_312_0.630.png,10
83_3_394_312_0.630.png,19
83_3_394_312_0.630.png,17
83_3_394_312_0.630.png,5
91_5_786_312_0.813.png,22
91_5_786_312_0.813.png,8
91_5_786_312_0.813.png,13
91_5_786_312_0.813.png,18
91_5_786_312_0.813.png,11
91_5_786_312_0.813.png,3
91_5_786_312_0.813.png,13
91_5_786_312_0.813.png,3
91_5_786_312_0.813.png,1
91_5_786_312_0.813.png,7
91_5_786_312_0.813.png,20
91_5_786_312_0.813.png,20
91_5_786_312_0.813.png,22
91_5_786_312_0.813.png,17
91_5_786_312_0.813.png,12
91_5_786_312_0.813.png,8
91_5_786_312_0.813.png,7
91_5_786_312_0.813.png,23
91_5_786_312_0.813.png,9
91_5_786_312_0.813.png,2
91_5_786_312_0.813.png,11
91_5_786_312_0.813.png,16
91_5_786_312_0.813.png,2
91_5_786_312_0.813.png,1
91_5_786_312_0.813.png,10
91_5_786_312_0.813.png,15
91_5_786_312_0.813.png,14
91_5_786_312_0.813.png,22
91_5_786_312_0.813.png,5
91_5_786_312_0.813.png,12
91_5_786_312_0.813.png,15
91_5_786_312_0.813.png,4
91_5_786_312_0.813.png,5
91_5_786_312_0.813.png,17
91_5_786_312_0.813.png,19
91_5_786_312_0.813.png,6
91_5_786_312_0.813.png,16
91_5_786_312_0.813.png,4
91_5_786_312_0.813.png,10
91_5_786_312_0.813.png,19
91_5_786_312_0.813.png,6
91_5_786_312_0.813.png,18
91_5_786_312_0.813.png,21
91_5_786_312_0.813.png,22
91_5_786_312_0.813.png,17
91_5_786_312_0.813.png,23
91_5_786_312_0.813.png,14
91_5_786_312_0.813.png,21
271_2_786_609_0.507.png,11
271_2_786_609_0.507.png,19
271_2_786_609_0.507.png,12
271_2_786_609_0.507.png,2
271_2_786_609_0.507.png,10
271_2_786_609_0.507.png,5
271_2_786_609_0.507.png,13
271_2_786_609_0.507.png,2
271_2_786_609_0.507.png,8
271_2_786_609_0.507.png,23
271_2_786_609_0.507.png,13
271_2_786_609_0.507.png,4
271_2_786_609_0.507.png,5
271_2_786_609_0.507.png,4
271_2_786_609_0.507.png,17
271_2_786_609_0.507.png,22
271_2_786_609_0.507.png,17
271_2_786_609_0.507.png,15
271_2_786_609_0.507.png,6
271_2_786_609_0.507.png,10
271_2_786_609_0.507.png,9
271_2_786_609_0.507.png,11
271_2_786_609_0.507.png,19
271_2_786_609_0.507.png,20
271_2_786_609_0.507.png,1
271_2_786_609_0.507.png,22
271_2_786_609_0.507.png,3
271_2_786_609_0.507.png,21
271_2_786_609_0.507.png,14
271_2_786_609_0.507.png,21
271_2_786_609_0.507.png,16
271_2_786_609_0.507.png,8
271_2_786_609_0.507.png,3
271_2_786_609_0.507.png,16
271_2_786_609_0.507.png,23
271_2_786_609_0.507.png,1
271_2_786_609_0.507.png,9
271_2_786_609_0.507.png,7
271_2_786_609_0.507.png,14
271_2_786_609_0.507.png,18
271_2_786_609_0.507.png,12
271_2_786_609_0.507.png,7
271_2_786_609_0.507.png,20
271_2_786_609_0.507.png,6
26_2_541_213_0.545.png,1
26_2_541_213_0.545.png,12
26_2_541_213_0.545.png,5
26_2_541_213_0.545.png,11
26_2_541_213_0.545.png,10
26_2_541_213_0.545.png,4
26_2_541_213_0.545.png,5
26_2_541_213_0.545.png,22
26_2_541_213_0.545.png,17
26_2_541_213_0.545.png,23
26_2_541_213_0.545.png,18
26_2_541_213_0.545.png,15
26_2_541_213_0.545.png,14
26_2_541_213_0.545.png,13
26_2_541_213_0.545.png,3
26_2_541_213_0.545.png,2
26_2_541_213_0.545.png,10
26_2_541_213_0.545.png,21
26_2_541_213_0.545.png,6
26_2_541_213_0.545.png,21
26_2_541_213_0.545.png,4
26_2_541_213_0.545.png,19
26_2_541_213_0.545.png,13
26_2_541_213_0.545.png,12
26_2_541_213_0.545.png,14
26_2_541_213_0.545.png,11
26_2_541_213_0.545.png,20
26_2_541_213_0.545.png,8
26_2_541_213_0.545.png,16
26_2_541_213_0.545.png,6
26_2_541_213_0.545.png,1
26_2_541_213_0.545.png,20
26_2_541_213_0.545.png,3
26_2_541_213_0.545.png,23
26_2_541_213_0.545.png,7
26_2_541_213_0.545.png,16
26_2_541_213_0.545.png,7
26_2_541_213_0.545.png,19
26_2_541_213_0.545.png,8
26_2_541_213_0.545.png,9
26_2_541_213_0.545.png,9
26_2_541_213_0.545.png,15
26_2_541_213_0.545.png,22
26_2_541_213_0.545.png,2
257_4_1080_576_0.874.png,14
257_4_1080_576_0.874.png,9
257_4_1080_576_0.874.png,4
257_4_1080_576_0.874.png,11
257_4_1080_576_0.874.png,14
257_4_1080_576_0.874.png,23
257_4_1080_576_0.874.png,17
257_4_1080_576_0.874.png,19
257_4_1080_576_0.874.png,21
257_4_1080_576_0.874.png,1
257_4_1080_576_0.874.png,11
257_4_1080_576_0.874.png,20
257_4_1080_576_0.874.png,7
257_4_1080_576_0.874.png,18
257_4_1080_576_0.874.png,5
257_4_1080_576_0.874.png,3
257_4_1080_576_0.874.png,13
257_4_1080_576_0.874.png,2
257_4_1080_576_0.874.png,2
257_4_1080_576_0.874.png,20
257_4_1080_576_0.874.png,19
257_4_1080_576_0.874.png,18
257_4_1080_576_0.874.png,10
257_4_1080_576_0.874.png,23
257_4_1080_576_0.874.png,7
257_4_1080_576_0.874.png,16
257_4_1080_576_0.874.png,4
257_4_1080_576_0.874.png,9
257_4_1080_576_0.874.png,5
257_4_1080_576_0.874.png,6
257_4_1080_576_0.874.png,15
257_4_1080_576_0.874.png,23
257_4_1080_576_0.874.png,16
257_4_1080_576_0.874.png,10
257_4_1080_576_0.874.png,15
257_4_1080_576_0.874.png,8
257_4_1080_576_0.874.png,22
257_4_1080_576_0.874.png,13
257_4_1080_576_0.874.png,17
257_4_1080_576_0.874.png,21
257_4_1080_576_0.874.png,12
257_4_1080_576_0.874.png,8
257_4_1080_576_0.874.png,12
257_4_1080_576_0.874.png,3
257_4_1080_576_0.874.png,6
257_4_1080_576_0.874.png,1
255_5_982_576_0.734.png,20
255_5_982_576_0.734.png,8
255_5_982_576_0.734.png,2
255_5_982_576_0.734.png,3
255_5_982_576_0.734.png,17
255_5_982_576_0.734.png,14
255_5_982_576_0.734.png,9
255_5_982_576_0.734.png,18
255_5_982_576_0.734.png,23
255_5_982_576_0.734.png,21
255_5_982_576_0.734.png,21
255_5_982_576_0.734.png,16
255_5_982_576_0.734.png,1
255_5_982_576_0.734.png,12
255_5_982_576_0.734.png,11
255_5_982_576_0.734.png,19
255_5_982_576_0.734.png,22
255_5_982_576_0.734.png,20
255_5_982_576_0.734.png,13
255_5_982_576_0.734.png,5
255_5_982_576_0.734.png,2
255_5_982_576_0.734.png,10
255_5_982_576_0.734.png,1
255_5_982_576_0.734.png,17
255_5_982_576_0.734.png,22
255_5_982_576_0.734.png,6
255_5_982_576_0.734.png,4
255_5_982_576_0.734.png,10
255_5_982_576_0.734.png,7
255_5_982_576_0.734.png,8
255_5_982_576_0.734.png,6
255_5_982_576_0.734.png,13
255_5_982_576_0.734.png,4
255_5_982_576_0.734.png,18
255_5_982_576_0.734.png,3
255_5_982_576_0.734.png,12
255_5_982_576_0.734.png,7
255_5_982_576_0.734.png,14
255_5_982_576_0.734.png,15
255_5_982_576_0.734.png,19
255_5_982_576_0.734.png,5
255_5_982_576_0.734.png,9
255_5_982_576_0.734.png,11
255_5_982_576_0.734.png,16
255_5_982_576_0.734.png,23
122_3_345_378_0.884.png,2
122_3_345_378_0.884.png,16
122_3_345_378_0.884.png,1
122_3_345_378_0.884.png,20
122_3_345_378_0.884.png,8
122_3_345_378_0.884.png,3
122_3_345_378_0.884.png,7
122_3_345_378_0.884.png,13
122_3_345_378_0.884.png,7
122_3_345_378_0.884.png,8
122_3_345_378_0.884.png,5
122_3_345_378_0.884.png,12
122_3_345_378_0.884.png,14
122_3_345_378_0.884.png,10
122_3_345_378_0.884.png,18
122_3_345_378_0.884.png,21
122_3_345_378_0.884.png,22
122_3_345_378_0.884.png,9
122_3_345_378_0.884.png,15
122_3_345_378_0.884.png,5
122_3_345_378_0.884.png,1
122_3_345_378_0.884.png,21
122_3_345_378_0.884.png,15
122_3_345_378_0.884.png,17
122_3_345_378_0.884.png,6
122_3_345_378_0.884.png,16
122_3_345_378_0.884.png,12
122_3_345_378_0.884.png,2
122_3_345_378_0.884.png,4
116_1_1031_345_0.530.png,5
116_1_1031_345_0.530.png,17
116_1_1031_345_0.530.png,13
116_1_1031_345_0.530.png,18
116_1_1031_345_0.530.png,6
116_1_1031_345_0.530.png,21
116_1_1031_345_0.530.png,8
116_1_1031_345_0.530.png,4
116_1_1031_345_0.530.png,8
116_1_1031_345_0.530.png,13
116_1_1031_345_0.530.png,15
116_1_1031_345_0.530.png,7
116_1_1031_345_0.530.png,23
116_1_1031_345_0.530.png,19
116_1_1031_345_0.530.png,7
116_1_1031_345_0.530.png,22
116_1_1031_345_0.530.png,12
116_1_1031_345_0.530.png,2
116_1_1031_345_0.530.png,12
116_1_1031_345_0.530.png,20
116_1_1031_345_0.530.png,15
116_1_1031_345_0.530.png,20
116_1_1031_345_0.530.png,3
116_1_1031_345_0.530.png,11
116_1_1031_345_0.530.png,3
116_1_1031_345_0.530.png,16
116_1_1031_345_0.530.png,23
116_1_1031_345_0.530.png,2
116_1_1031_345_0.530.png,14
116_1_1031_345_0.530.png,22
116_1_1031_345_0.530.png,16
116_1_1031_345_0.530.png,1
116_1_1031_345_0.530.png,19
116_1_1031_345_0.530.png,14
116_1_1031_345_0.530.png,9
116_1_1031_345_0.530.png,5
116_1_1031_345_0.530.png,10
116_1_1031_345_0.530.png,9
116_1_1031_345_0.530.png,10
116_1_1031_345_0.530.png,17
116_1_1031_345_0.530.png,11
116_1_1031_345_0.530.png,6
116_1_1031_345_0.530.png,4
116_1_1031_345_0.530.png,1
116_1_1031_345_0.530.png,21
112_2_835_345_0.913.png,1
112_2_835_345_0.913.png,4
112_2_835_345_0.913.png,17
112_2_835_345_0.913.png,2
112_2_835_345_0.913.png,3
112_2_835_345_0.913.png,17
112_2_835_345_0.913.png,16
112_2_835_345_0.913.png,22
112_2_835_345_0.913.png,14
112_2_835_345_0.913.png,16
112_2_835_345_0.913.png,15
112_2_835_345_0.913.png,3
112_2_835_345_0.913.png,12
112_2_835_345_0.913.png,8
112_2_835_345_0.913.png,23
112_2_835_345_0.913.png,8
112_2_835_345_0.913.png,21
112_2_835_345_0.913.png,21
112_2_835_345_0.913.png,22
112_2_835_345_0.913.png,15
112_2_835_345_0.913.png,4
112_2_835_345_0.913.png,19
112_2_835_345_0.913.png,9
112_2_835_345_0.913.png,14
112_2_835_345_0.913.png,20
112_2_835_345_0.913.png,11
112_2_835_345_0.913.png,19
112_2_835_345_0.913.png,18
112_2_835_345_0.913.png,6
112_2_835_345_0.913.png,11
112_2_835_345_0.913.png,1
112_2_835_345_0.913.png,13
112_2_835_345_0.913.png,5
112_2_835_345_0.913.png,7
112_2_835_345_0.913.png,5
112_2_835_345_0.913.png,10
112_2_835_345_0.913.png,10
112_2_835_345_0.913.png,12
112_2_835_345_0.913.png,6
112_2_835_345_0.913.png,7
112_2_835_345_0.913.png,23
112_2_835_345_0.913.png,13
112_2_835_345_0.913.png,18
112_2_835_345_0.913.png,9
112_2_835_345_0.913.png,20
112_2_835_345_0.913.png,2
110_2_737_345_0.588.png,16
110_2_737_345_0.588.png,23
110_2_737_345_0.588.png,12
110_2_737_345_0.588.png,3
110_2_737_345_0.588.png,2
110_2_737_345_0.588.png,20
110_2_737_345_0.588.png,2
110_2_737_345_0.588.png,11
110_2_737_345_0.588.png,6
110_2_737_345_0.588.png,8
110_2_737_345_0.588.png,10
110_2_737_345_0.588.png,4
110_2_737_345_0.588.png,3
110_2_737_345_0.588.png,18
110_2_737_345_0.588.png,12
110_2_737_345_0.588.png,4
110_2_737_345_0.588.png,9
110_2_737_345_0.588.png,11
110_2_737_345_0.588.png,19
110_2_737_345_0.588.png,10
110_2_737_345_0.588.png,18
110_2_737_345_0.588.png,16
110_2_737_345_0.588.png,5
110_2_737_345_0.588.png,7
110_2_737_345_0.588.png,13
110_2_737_345_0.588.png,1
110_2_737_345_0.588.png,21
110_2_737_345_0.588.png,23
110_2_737_345_0.588.png,5
110_2_737_345_0.588.png,22
110_2_737_345_0.588.png,15
110_2_737_345_0.588.png,21
110_2_737_345_0.588.png,17
110_2_737_345_0.588.png,22
110_2_737_345_0.588.png,15
110_2_737_345_0.588.png,14
110_2_737_345_0.588.png,17
110_2_737_345_0.588.png,1
110_2_737_345_0.588.png,8
110_2_737_345_0.588.png,13
110_2_737_345_0.588.png,7
110_2_737_345_0.588.png,14
110_2_737_345_0.588.png,6
110_2_737_345_0.588.png,9
110_2_737_345_0.588.png,20
10_1_737_180_0.641.png,14
10_1_737_180_0.641.png,9
10_1_737_180_0.641.png,2
10_1_737_180_0.641.png,16
10_1_737_180_0.641.png,17
10_1_737_180_0.641.png,12
10_1_737_180_0.641.png,22
10_1_737_180_0.641.png,13
10_1_737_180_0.641.png,10
10_1_737_180_0.641.png,14
10_1_737_180_0.641.png,10
10_1_737_180_0.641.png,2
10_1_737_180_0.641.png,1
10_1_737_180_0.641.png,4
10_1_737_180_0.641.png,7
10_1_737_180_0.641.png,5
10_1_737_180_0.641.png,3
10_1_737_180_0.641.png,8
10_1_737_180_0.641.png,18
10_1_737_180_0.641.png,16
10_1_737_180_0.641.png,8
10_1_737_180_0.641.png,23
10_1_737_180_0.641.png,20
10_1_737_180_0.641.png,21
10_1_737_180_0.641.png,15
10_1_737_180_0.641.png,15
10_1_737_180_0.641.png,9
10_1_737_180_0.641.png,4
10_1_737_180_0.641.png,13
10_1_737_180_0.641.png,11
10_1_737_180_0.641.png,7
10_1_737_180_0.641.png,11
10_1_737_180_0.641.png,6
10_1_737_180_0.641.png,12
10_1_737_180_0.641.png,1
10_1_737_180_0.641.png,17
10_1_737_180_0.641.png,19
10_1_737_180_0.641.png,23
10_1_737_180_0.641.png,5
10_1_737_180_0.641.png,3
10_1_737_180_0.641.png,20
10_1_737_180_0.641.png,6
10_1_737_180_0.641.png,22
10_1_737_180_0.641.png,19
107_1_590_345_0.505.png,5
107_1_590_345_0.505.png,15
107_1_590_345_0.505.png,16
107_1_590_345_0.505.png,20
107_1_590_345_0.505.png,18
107_1_590_345_0.505.png,11
107_1_590_345_0.505.png,3
107_1_590_345_0.505.png,4
107_1_590_345_0.505.png,10
107_1_590_345_0.505.png,10
107_1_590_345_0.505.png,21
107_1_590_345_0.505.png,16
107_1_590_345_0.505.png,1
107_1_590_345_0.505.png,2
107_1_590_345_0.505.png,22
107_1_590_345_0.505.png,20
107_1_590_345_0.505.png,4
107_1_590_345_0.505.png,9
107_1_590_345_0.505.png,7
107_1_590_345_0.505.png,19
107_1_590_345_0.505.png,19
107_1_590_345_0.505.png,6
107_1_590_345_0.505.png,2
107_1_590_345_0.505.png,8
107_1_590_345_0.505.png,3
107_1_590_345_0.505.png,17
107_1_590_345_0.505.png,17
107_1_590_345_0.505.png,6
107_1_590_345_0.505.png,12
107_1_590_345_0.505.png,18
107_1_590_345_0.505.png,23
107_1_590_345_0.505.png,5
107_1_590_345_0.505.png,12
107_1_590_345_0.505.png,13
107_1_590_345_0.505.png,14
107_1_590_345_0.505.png,14
107_1_590_345_0.505.png,7
107_1_590_345_0.505.png,13
107_1_590_345_0.505.png,9
107_1_590_345_0.505.png,8
107_1_590_345_0.505.png,11
107_1_590_345_0.505.png,1
107_1_590_345_0.505.png,15
107_1_590_345_0.505.png,21
143_2_394_411_0.910.png,18
143_2_394_411_0.910.png,19
143_2_394_411_0.910.png,2
143_2_394_411_0.910.png,20
143_2_394_411_0.910.png,23
143_2_394_411_0.910.png,12
143_2_394_411_0.910.png,22
143_2_394_411_0.910.png,4
143_2_394_411_0.910.png,13
143_2_394_411_0.910.png,7
143_2_394_411_0.910.png,3
143_2_394_411_0.910.png,6
143_2_394_411_0.910.png,16
143_2_394_411_0.910.png,17
143_2_394_411_0.910.png,21
143_2_394_411_0.910.png,5
143_2_394_411_0.910.png,1
143_2_394_411_0.910.png,14
143_2_394_411_0.910.png,6
143_2_394_411_0.910.png,10
143_2_394_411_0.910.png,21
143_2_394_411_0.910.png,9
143_2_394_411_0.910.png,9
143_2_394_411_0.910.png,19
143_2_394_411_0.910.png,13
143_2_394_411_0.910.png,3
143_2_394_411_0.910.png,2
143_2_394_411_0.910.png,5
143_2_394_411_0.910.png,17
143_2_394_411_0.910.png,18
143_2_394_411_0.910.png,8
143_2_394_411_0.910.png,16
143_2_394_411_0.910.png,11
143_2_394_411_0.910.png,11
143_2_394_411_0.910.png,4
143_2_394_411_0.910.png,7
143_2_394_411_0.910.png,12
143_2_394_411_0.910.png,1
143_2_394_411_0.910.png,20
143_2_394_411_0.910.png,14
143_2_394_411_0.910.png,15
143_2_394_411_0.910.png,23
143_2_394_411_0.910.png,10
143_2_394_411_0.910.png,8
143_2_394_411_0.910.png,22
143_2_394_411_0.910.png,15
79_1_1178_279_0.502.png,4
79_1_1178_279_0.502.png,12
79_1_1178_279_0.502.png,1
79_1_1178_279_0.502.png,16
79_1_1178_279_0.502.png,5
79_1_1178_279_0.502.png,10
79_1_1178_279_0.502.png,13
79_1_1178_279_0.502.png,9
79_1_1178_279_0.502.png,8
79_1_1178_279_0.502.png,10
79_1_1178_279_0.502.png,14
79_1_1178_279_0.502.png,15
79_1_1178_279_0.502.png,21
79_1_1178_279_0.502.png,16
79_1_1178_279_0.502.png,6
79_1_1178_279_0.502.png,13
79_1_1178_279_0.502.png,22
79_1_1178_279_0.502.png,12
79_1_1178_279_0.502.png,7
79_1_1178_279_0.502.png,2
79_1_1178_279_0.502.png,5
79_1_1178_279_0.502.png,11
79_1_1178_279_0.502.png,20
79_1_1178_279_0.502.png,20
79_1_1178_279_0.502.png,14
79_1_1178_279_0.502.png,17
79_1_1178_279_0.502.png,6
79_1_1178_279_0.502.png,17
79_1_1178_279_0.502.png,3
79_1_1178_279_0.502.png,2
79_1_1178_279_0.502.png,1
79_1_1178_279_0.502.png,7
79_1_1178_279_0.502.png,15
79_1_1178_279_0.502.png,21
79_1_1178_279_0.502.png,23
79_1_1178_279_0.502.png,22
77_4_1080_279_0.710.png,3
77_4_1080_279_0.710.png,16
77_4_1080_279_0.710.png,1
77_4_1080_279_0.710.png,18
77_4_1080_279_0.710.png,1
77_4_1080_279_0.710.png,13
77_4_1080_279_0.710.png,21
77_4_1080_279_0.710.png,3
77_4_1080_279_0.710.png,5
77_4_1080_279_0.710.png,14
77_4_1080_279_0.710.png,17
77_4_1080_279_0.710.png,19
77_4_1080_279_0.710.png,22
77_4_1080_279_0.710.png,20
77_4_1080_279_0.710.png,21
77_4_1080_279_0.710.png,12
77_4_1080_279_0.710.png,4
77_4_1080_279_0.710.png,7
77_4_1080_279_0.710.png,9
77_4_1080_279_0.710.png,2
77_4_1080_279_0.710.png,19
77_4_1080_279_0.710.png,18
77_4_1080_279_0.710.png,20
77_4_1080_279_0.710.png,23
77_4_1080_279_0.710.png,23
77_4_1080_279_0.710.png,12
77_4_1080_279_0.710.png,7
77_4_1080_279_0.710.png,9
77_4_1080_279_0.710.png,13
77_4_1080_279_0.710.png,15
77_4_1080_279_0.710.png,22
77_4_1080_279_0.710.png,17
77_4_1080_279_0.710.png,11
77_4_1080_279_0.710.png,11
77_4_1080_279_0.710.png,15
77_4_1080_279_0.710.png,10
77_4_1080_279_0.710.png,5
77_4_1080_279_0.710.png,8
77_4_1080_279_0.710.png,14
77_4_1080_279_0.710.png,10
77_4_1080_279_0.710.png,2
77_4_1080_279_0.710.png,8
77_4_1080_279_0.710.png,6
77_4_1080_279_0.710.png,6
77_4_1080_279_0.710.png,4
77_4_1080_279_0.710.png,16
53_4_884_246_0.471.png,17
53_4_884_246_0.471.png,23
53_4_884_246_0.471.png,4
53_4_884_246_0.471.png,16
53_4_884_246_0.471.png,8
53_4_884_246_0.471.png,2
53_4_884_246_0.471.png,7
53_4_884_246_0.471.png,11
53_4_884_246_0.471.png,16
53_4_884_246_0.471.png,4
53_4_884_246_0.471.png,20
53_4_884_246_0.471.png,8
53_4_884_246_0.471.png,13
53_4_884_246_0.471.png,10
53_4_884_246_0.471.png,1
53_4_884_246_0.471.png,15
53_4_884_246_0.471.png,7
53_4_884_246_0.471.png,5
53_4_884_246_0.471.png,14
53_4_884_246_0.471.png,14
53_4_884_246_0.471.png,19
53_4_884_246_0.471.png,23
53_4_884_246_0.471.png,2
53_4_884_246_0.471.png,3
53_4_884_246_0.471.png,22
53_4_884_246_0.471.png,6
53_4_884_246_0.471.png,15
53_4_884_246_0.471.png,1
53_4_884_246_0.471.png,21
53_4_884_246_0.471.png,18
53_4_884_246_0.471.png,9
53_4_884_246_0.471.png,11
53_4_884_246_0.471.png,18
53_4_884_246_0.471.png,19
53_4_884_246_0.471.png,3
53_4_884_246_0.471.png,17
53_4_884_246_0.471.png,9
53_4_884_246_0.471.png,21
53_4_884_246_0.471.png,12
53_4_884_246_0.471.png,13
53_4_884_246_0.471.png,6
53_4_884_246_0.471.png,22
53_4_884_246_0.471.png,20
53_4_884_246_0.471.png,12
68_2_639_279_0.789.png,7
68_2_639_279_0.789.png,20
68_2_639_279_0.789.png,7
68_2_639_279_0.789.png,17
68_2_639_279_0.789.png,22
68_2_639_279_0.789.png,4
68_2_639_279_0.789.png,10
68_2_639_279_0.789.png,9
68_2_639_279_0.789.png,2
68_2_639_279_0.789.png,23
68_2_639_279_0.789.png,19
68_2_639_279_0.789.png,16
68_2_639_279_0.789.png,15
68_2_639_279_0.789.png,1
68_2_639_279_0.789.png,9
68_2_639_279_0.789.png,5
68_2_639_279_0.789.png,13
68_2_639_279_0.789.png,4
68_2_639_279_0.789.png,8
68_2_639_279_0.789.png,8
68_2_639_279_0.789.png,21
68_2_639_279_0.789.png,18
68_2_639_279_0.789.png,14
68_2_639_279_0.789.png,3
68_2_639_279_0.789.png,14
68_2_639_279_0.789.png,6
68_2_639_279_0.789.png,23
68_2_639_279_0.789.png,17
68_2_639_279_0.789.png,5
68_2_639_279_0.789.png,19
68_2_639_279_0.789.png,11
72_3_835_279_0.897.png,18
72_3_835_279_0.897.png,22
72_3_835_279_0.897.png,4
72_3_835_279_0.897.png,18
72_3_835_279_0.897.png,15
72_3_835_279_0.897.png,23
72_3_835_279_0.897.png,12
72_3_835_279_0.897.png,8
72_3_835_279_0.897.png,1
72_3_835_279_0.897.png,13
72_3_835_279_0.897.png,4
72_3_835_279_0.897.png,13
72_3_835_279_0.897.png,11
72_3_835_279_0.897.png,19
72_3_835_279_0.897.png,17
72_3_835_279_0.897.png,16
72_3_835_279_0.897.png,3
72_3_835_279_0.897.png,5
72_3_835_279_0.897.png,2
72_3_835_279_0.897.png,7
72_3_835_279_0.897.png,8
72_3_835_279_0.897.png,3
72_3_835_279_0.897.png,9
72_3_835_279_0.897.png,14
72_3_835_279_0.897.png,2
72_3_835_279_0.897.png,22
72_3_835_279_0.897.png,14
72_3_835_279_0.897.png,10
72_3_835_279_0.897.png,16
72_3_835_279_0.897.png,9
72_3_835_279_0.897.png,12
72_3_835_279_0.897.png,21
72_3_835_279_0.897.png,10
72_3_835_279_0.897.png,19
72_3_835_279_0.897.png,7
72_3_835_279_0.897.png,6
72_3_835_279_0.897.png,5
72_3_835_279_0.897.png,17
72_3_835_279_0.897.png,6
72_3_835_279_0.897.png,11
72_3_835_279_0.897.png,23
72_3_835_279_0.897.png,15
72_3_835_279_0.897.png,21
72_3_835_279_0.897.png,20
72_3_835_279_0.897.png,1
247_2_590_576_0.523.png,11
247_2_590_576_0.523.png,6
247_2_590_576_0.523.png,1
247_2_590_576_0.523.png,1
247_2_590_576_0.523.png,23
247_2_590_576_0.523.png,10
247_2_590_576_0.523.png,4
247_2_590_576_0.523.png,13
247_2_590_576_0.523.png,12
247_2_590_576_0.523.png,20
247_2_590_576_0.523.png,18
247_2_590_576_0.523.png,18
247_2_590_576_0.523.png,16
247_2_590_576_0.523.png,3
247_2_590_576_0.523.png,12
247_2_590_576_0.523.png,11
247_2_590_576_0.523.png,22
247_2_590_576_0.523.png,3
247_2_590_576_0.523.png,8
247_2_590_576_0.523.png,7
247_2_590_576_0.523.png,21
247_2_590_576_0.523.png,17
247_2_590_576_0.523.png,9
247_2_590_576_0.523.png,20
247_2_590_576_0.523.png,19
247_2_590_576_0.523.png,9
247_2_590_576_0.523.png,17
247_2_590_576_0.523.png,19
247_2_590_576_0.523.png,5
247_2_590_576_0.523.png,6
247_2_590_576_0.523.png,4
247_2_590_576_0.523.png,5
247_2_590_576_0.523.png,13
247_2_590_576_0.523.png,14
247_2_590_576_0.523.png,21
247_2_590_576_0.523.png,7
247_2_590_576_0.523.png,10
247_2_590_576_0.523.png,2
247_2_590_576_0.523.png,8
247_2_590_576_0.523.png,16
247_2_590_576_0.523.png,23
247_2_590_576_0.523.png,15
247_2_590_576_0.523.png,15
247_2_590_576_0.523.png,22
247_2_590_576_0.523.png,2
246_1_541_576_0.784.png,1
246_1_541_576_0.784.png,3
246_1_541_576_0.784.png,15
246_1_541_576_0.784.png,15
246_1_541_576_0.784.png,23
246_1_541_576_0.784.png,6
246_1_541_576_0.784.png,9
246_1_541_576_0.784.png,18
246_1_541_576_0.784.png,2
246_1_541_576_0.784.png,12
246_1_541_576_0.784.png,18
246_1_541_576_0.784.png,6
246_1_541_576_0.784.png,2
246_1_541_576_0.784.png,1
246_1_541_576_0.784.png,8
246_1_541_576_0.784.png,3
246_1_541_576_0.784.png,14
246_1_541_576_0.784.png,20
246_1_541_576_0.784.png,5
246_1_541_576_0.784.png,19
246_1_541_576_0.784.png,10
246_1_541_576_0.784.png,13
246_1_541_576_0.784.png,17
246_1_541_576_0.784.png,18
246_1_541_576_0.784.png,14
246_1_541_576_0.784.png,21
246_1_541_576_0.784.png,16
246_1_541_576_0.784.png,23
246_1_541_576_0.784.png,16
246_1_541_576_0.784.png,11
246_1_541_576_0.784.png,19
246_1_541_576_0.784.png,4
246_1_541_576_0.784.png,20
246_1_541_576_0.784.png,11
246_1_541_576_0.784.png,13
246_1_541_576_0.784.png,8
246_1_541_576_0.784.png,12
246_1_541_576_0.784.png,6
246_1_541_576_0.784.png,7
246_1_541_576_0.784.png,5
246_1_541_576_0.784.png,21
246_1_541_576_0.784.png,9
246_1_541_576_0.784.png,4
246_1_541_576_0.784.png,22
246_1_541_576_0.784.png,7
246_1_541_576_0.784.png,18
241_1_296_576_0.616.png,15
241_1_296_576_0.616.png,13
241_1_296_576_0.616.png,1
241_1_296_576_0.616.png,6
241_1_296_576_0.616.png,11
241_1_296_576_0.616.png,13
241_1_296_576_0.616.png,2
241_1_296_576_0.616.png,11
241_1_296_576_0.616.png,14
241_1_296_576_0.616.png,9
241_1_296_576_0.616.png,17
241_1_296_576_0.616.png,5
241_1_296_576_0.616.png,8
241_1_296_576_0.616.png,1
241_1_296_576_0.616.png,2
241_1_296_576_0.616.png,16
241_1_296_576_0.616.png,6
241_1_296_576_0.616.png,7
241_1_296_576_0.616.png,4
241_1_296_576_0.616.png,21
241_1_296_576_0.616.png,12
241_1_296_576_0.616.png,19
241_1_296_576_0.616.png,8
241_1_296_576_0.616.png,7
241_1_296_576_0.616.png,3
241_1_296_576_0.616.png,18
241_1_296_576_0.616.png,10
241_1_296_576_0.616.png,5
241_1_296_576_0.616.png,22
241_1_296_576_0.616.png,23
241_1_296_576_0.616.png,20
241_1_296_576_0.616.png,4
241_1_296_576_0.616.png,12
241_1_296_576_0.616.png,3
241_1_296_576_0.616.png,14
241_1_296_576_0.616.png,20
241_1_296_576_0.616.png,18
241_1_296_576_0.616.png,22
241_1_296_576_0.616.png,10
241_1_296_576_0.616.png,23
241_1_296_576_0.616.png,9
241_1_296_576_0.616.png,17
241_1_296_576_0.616.png,15
240_4_247_576_0.876.png,3
240_4_247_576_0.876.png,4
240_4_247_576_0.876.png,6
240_4_247_576_0.876.png,10
240_4_247_576_0.876.png,2
240_4_247_576_0.876.png,7
240_4_247_576_0.876.png,6
240_4_247_576_0.876.png,10
240_4_247_576_0.876.png,21
240_4_247_576_0.876.png,16
240_4_247_576_0.876.png,22
240_4_247_576_0.876.png,20
240_4_247_576_0.876.png,5
240_4_247_576_0.876.png,21
240_4_247_576_0.876.png,1
240_4_247_576_0.876.png,12
240_4_247_576_0.876.png,22
240_4_247_576_0.876.png,16
240_4_247_576_0.876.png,12
240_4_247_576_0.876.png,14
240_4_247_576_0.876.png,19
240_4_247_576_0.876.png,8
240_4_247_576_0.876.png,15
240_4_247_576_0.876.png,19
240_4_247_576_0.876.png,17
240_4_247_576_0.876.png,13
240_4_247_576_0.876.png,9
240_4_247_576_0.876.png,11
240_4_247_576_0.876.png,18
240_4_247_576_0.876.png,8
240_4_247_576_0.876.png,7
240_4_247_576_0.876.png,23
240_4_247_576_0.876.png,3
240_4_247_576_0.876.png,20
240_4_247_576_0.876.png,2
240_4_247_576_0.876.png,14
240_4_247_576_0.876.png,15
240_4_247_576_0.876.png,17
240_4_247_576_0.876.png,11
240_4_247_576_0.876.png,23
240_4_247_576_0.876.png,13
240_4_247_576_0.876.png,4
240_4_247_576_0.876.png,1
240_4_247_576_0.876.png,9
240_4_247_576_0.876.png,18
240_4_247_576_0.876.png,5
240_4_247_576_0.894.png,13
240_4_247_576_0.894.png,4
240_4_247_576_0.894.png,10
240_4_247_576_0.894.png,7
240_4_247_576_0.894.png,21
240_4_247_576_0.894.png,18
240_4_247_576_0.894.png,10
240_4_247_576_0.894.png,12
240_4_247_576_0.894.png,14
240_4_247_576_0.894.png,20
240_4_247_576_0.894.png,19
240_4_247_576_0.894.png,2
240_4_247_576_0.894.png,6
240_4_247_576_0.894.png,21
240_4_247_576_0.894.png,22
240_4_247_576_0.894.png,11
240_4_247_576_0.894.png,18
240_4_247_576_0.894.png,13
240_4_247_576_0.894.png,22
240_4_247_576_0.894.png,3
240_4_247_576_0.894.png,14
240_4_247_576_0.894.png,23
240_4_247_576_0.894.png,4
240_4_247_576_0.894.png,9
240_4_247_576_0.894.png,2
240_4_247_576_0.894.png,8
240_4_247_576_0.894.png,15
240_4_247_576_0.894.png,8
240_4_247_576_0.894.png,19
240_4_247_576_0.894.png,23
240_4_247_576_0.894.png,16
240_4_247_576_0.894.png,17
240_4_247_576_0.894.png,1
240_4_247_576_0.894.png,16
240_4_247_576_0.894.png,9
240_4_247_576_0.894.png,6
240_4_247_576_0.894.png,7
240_4_247_576_0.894.png,11
240_4_247_576_0.894.png,17
240_4_247_576_0.894.png,3
240_4_247_576_0.894.png,5
240_4_247_576_0.894.png,12
240_4_247_576_0.894.png,5
240_4_247_576_0.894.png,15
240_4_247_576_0.894.png,1
240_4_247_576_0.894.png,20
237_3_1080_543_0.819.png,19
237_3_1080_543_0.819.png,9
237_3_1080_543_0.819.png,13
237_3_1080_543_0.819.png,10
237_3_1080_543_0.819.png,11
237_3_1080_543_0.819.png,23
237_3_1080_543_0.819.png,1
237_3_1080_543_0.819.png,17
237_3_1080_543_0.819.png,9
237_3_1080_543_0.819.png,11
237_3_1080_543_0.819.png,17
237_3_1080_543_0.819.png,12
237_3_1080_543_0.819.png,4
237_3_1080_543_0.819.png,16
237_3_1080_543_0.819.png,3
237_3_1080_543_0.819.png,20
237_3_1080_543_0.819.png,6
237_3_1080_543_0.819.png,14
237_3_1080_543_0.819.png,15
237_3_1080_543_0.819.png,22
237_3_1080_543_0.819.png,18
237_3_1080_543_0.819.png,13
237_3_1080_543_0.819.png,23
237_3_1080_543_0.819.png,22
237_3_1080_543_0.819.png,7
237_3_1080_543_0.819.png,20
237_3_1080_543_0.819.png,10
237_3_1080_543_0.819.png,2
237_3_1080_543_0.819.png,6
237_3_1080_543_0.819.png,5
237_3_1080_543_0.819.png,8
237_3_1080_543_0.819.png,16
237_3_1080_543_0.819.png,21
237_3_1080_543_0.819.png,14
237_3_1080_543_0.819.png,8
237_3_1080_543_0.819.png,4
237_3_1080_543_0.819.png,19
237_3_1080_543_0.819.png,5
237_3_1080_543_0.819.png,3
237_3_1080_543_0.819.png,7
237_3_1080_543_0.819.png,18
237_3_1080_543_0.819.png,12
237_3_1080_543_0.819.png,15
237_3_1080_543_0.819.png,1
237_3_1080_543_0.819.png,2
237_3_1080_543_0.819.png,21
235_6_982_543_0.881.png,20
235_6_982_543_0.881.png,5
235_6_982_543_0.881.png,19
235_6_982_543_0.881.png,2
235_6_982_543_0.881.png,20
235_6_982_543_0.881.png,13
235_6_982_543_0.881.png,9
235_6_982_543_0.881.png,17
235_6_982_543_0.881.png,14
235_6_982_543_0.881.png,10
235_6_982_543_0.881.png,19
235_6_982_543_0.881.png,3
235_6_982_543_0.881.png,18
235_6_982_543_0.881.png,12
235_6_982_543_0.881.png,2
235_6_982_543_0.881.png,7
235_6_982_543_0.881.png,5
235_6_982_543_0.881.png,18
235_6_982_543_0.881.png,6
235_6_982_543_0.881.png,23
235_6_982_543_0.881.png,11
235_6_982_543_0.881.png,14
235_6_982_543_0.881.png,6
235_6_982_543_0.881.png,15
235_6_982_543_0.881.png,4
235_6_982_543_0.881.png,16
235_6_982_543_0.881.png,11
235_6_982_543_0.881.png,1
235_6_982_543_0.881.png,22
235_6_982_543_0.881.png,16
235_6_982_543_0.881.png,8
235_6_982_543_0.881.png,21
235_6_982_543_0.881.png,15
235_6_982_543_0.881.png,7
235_6_982_543_0.881.png,12
235_6_982_543_0.881.png,22
235_6_982_543_0.881.png,10
235_6_982_543_0.881.png,23
235_6_982_543_0.881.png,1
235_6_982_543_0.881.png,17
235_6_982_543_0.881.png,21
235_6_982_543_0.881.png,8
235_6_982_543_0.881.png,9
235_6_982_543_0.881.png,13
235_6_982_543_0.881.png,3
235_6_982_543_0.881.png,4
227_5_590_543_0.872.png,1
227_5_590_543_0.872.png,5
227_5_590_543_0.872.png,22
227_5_590_543_0.872.png,8
227_5_590_543_0.872.png,3
227_5_590_543_0.872.png,12
227_5_590_543_0.872.png,11
227_5_590_543_0.872.png,18
227_5_590_543_0.872.png,15
227_5_590_543_0.872.png,17
227_5_590_543_0.872.png,10
227_5_590_543_0.872.png,23
227_5_590_543_0.872.png,13
227_5_590_543_0.872.png,7
227_5_590_543_0.872.png,7
227_5_590_543_0.872.png,1
227_5_590_543_0.872.png,20
227_5_590_543_0.872.png,17
227_5_590_543_0.872.png,6
227_5_590_543_0.872.png,14
227_5_590_543_0.872.png,8
227_5_590_543_0.872.png,16
227_5_590_543_0.872.png,23
227_5_590_543_0.872.png,9
227_5_590_543_0.872.png,14
227_5_590_543_0.872.png,3
227_5_590_543_0.872.png,12
227_5_590_543_0.872.png,6
227_5_590_543_0.872.png,2
227_5_590_543_0.872.png,2
227_5_590_543_0.872.png,13
227_5_590_543_0.872.png,9
227_5_590_543_0.872.png,19
227_5_590_543_0.872.png,11
227_5_590_543_0.872.png,20
227_5_590_543_0.872.png,4
227_5_590_543_0.872.png,18
227_5_590_543_0.872.png,16
227_5_590_543_0.872.png,19
227_5_590_543_0.872.png,5
227_5_590_543_0.872.png,13
227_5_590_543_0.872.png,10
227_5_590_543_0.872.png,4
227_5_590_543_0.872.png,22
227_5_590_543_0.872.png,21
225_3_492_543_0.646.png,18
225_3_492_543_0.646.png,7
225_3_492_543_0.646.png,17
225_3_492_543_0.646.png,5
225_3_492_543_0.646.png,12
225_3_492_543_0.646.png,13
225_3_492_543_0.646.png,9
225_3_492_543_0.646.png,16
225_3_492_543_0.646.png,14
225_3_492_543_0.646.png,14
225_3_492_543_0.646.png,22
225_3_492_543_0.646.png,11
225_3_492_543_0.646.png,1
225_3_492_543_0.646.png,6
225_3_492_543_0.646.png,11
225_3_492_543_0.646.png,2
225_3_492_543_0.646.png,19
225_3_492_543_0.646.png,5
225_3_492_543_0.646.png,20
225_3_492_543_0.646.png,1
225_3_492_543_0.646.png,16
225_3_492_543_0.646.png,2
225_3_492_543_0.646.png,19
225_3_492_543_0.646.png,3
225_3_492_543_0.646.png,22
225_3_492_543_0.646.png,4
225_3_492_543_0.646.png,10
225_3_492_543_0.646.png,13
225_3_492_543_0.646.png,18
225_3_492_543_0.646.png,8
225_3_492_543_0.646.png,21
225_3_492_543_0.646.png,4
225_3_492_543_0.646.png,21
225_3_492_543_0.646.png,6
225_3_492_543_0.646.png,15
225_3_492_543_0.646.png,23
225_3_492_543_0.646.png,12
225_3_492_543_0.646.png,23
225_3_492_543_0.646.png,15
225_3_492_543_0.646.png,20
225_3_492_543_0.646.png,7
225_3_492_543_0.646.png,10
225_3_492_543_0.646.png,8
225_3_492_543_0.646.png,3
225_3_492_543_0.646.png,9
224_3_443_543_0.817.png,12
224_3_443_543_0.817.png,8
224_3_443_543_0.817.png,16
224_3_443_543_0.817.png,2
224_3_443_543_0.817.png,19
224_3_443_543_0.817.png,23
224_3_443_543_0.817.png,22
224_3_443_543_0.817.png,17
224_3_443_543_0.817.png,14
224_3_443_543_0.817.png,17
224_3_443_543_0.817.png,9
224_3_443_543_0.817.png,11
224_3_443_543_0.817.png,3
224_3_443_543_0.817.png,19
224_3_443_543_0.817.png,4
224_3_443_543_0.817.png,20
224_3_443_543_0.817.png,20
224_3_443_543_0.817.png,21
224_3_443_543_0.817.png,5
224_3_443_543_0.817.png,8
224_3_443_543_0.817.png,14
224_3_443_543_0.817.png,16
224_3_443_543_0.817.png,11
224_3_443_543_0.817.png,22
224_3_443_543_0.817.png,10
224_3_443_543_0.817.png,21
224_3_443_543_0.817.png,15
224_3_443_543_0.817.png,5
224_3_443_543_0.817.png,2
224_3_443_543_0.817.png,12
224_3_443_543_0.817.png,6
224_3_443_543_0.817.png,15
224_3_443_543_0.817.png,10
224_3_443_543_0.817.png,3
224_3_443_543_0.817.png,18
224_3_443_543_0.817.png,23
224_3_443_543_0.817.png,1
224_3_443_543_0.817.png,18
224_3_443_543_0.817.png,4
224_3_443_543_0.817.png,1
224_3_443_543_0.817.png,6
224_3_443_543_0.817.png,13
224_3_443_543_0.817.png,7
224_3_443_543_0.817.png,9
224_3_443_543_0.817.png,13
224_3_443_543_0.817.png,7
220_2_247_543_0.508.png,7
220_2_247_543_0.508.png,23
220_2_247_543_0.508.png,8
220_2_247_543_0.508.png,4
220_2_247_543_0.508.png,5
220_2_247_543_0.508.png,3
220_2_247_543_0.508.png,18
220_2_247_543_0.508.png,20
220_2_247_543_0.508.png,22
220_2_247_543_0.508.png,2
220_2_247_543_0.508.png,6
220_2_247_543_0.508.png,19
220_2_247_543_0.508.png,2
220_2_247_543_0.508.png,17
220_2_247_543_0.508.png,1
220_2_247_543_0.508.png,10
220_2_247_543_0.508.png,9
220_2_247_543_0.508.png,10
220_2_247_543_0.508.png,6
220_2_247_543_0.508.png,16
220_2_247_543_0.508.png,3
220_2_247_543_0.508.png,1
220_2_247_543_0.508.png,17
220_2_247_543_0.508.png,15
220_2_247_543_0.508.png,12
220_2_247_543_0.508.png,19
220_2_247_543_0.508.png,20
220_2_247_543_0.508.png,14
220_2_247_543_0.508.png,9
222_2_345_543_0.913.png,5
222_2_345_543_0.913.png,8
222_2_345_543_0.913.png,15
222_2_345_543_0.913.png,20
222_2_345_543_0.913.png,22
222_2_345_543_0.913.png,3
222_2_345_543_0.913.png,17
222_2_345_543_0.913.png,7
222_2_345_543_0.913.png,1
222_2_345_543_0.913.png,21
222_2_345_543_0.913.png,5
222_2_345_543_0.913.png,19
222_2_345_543_0.913.png,2
222_2_345_543_0.913.png,11
222_2_345_543_0.913.png,23
222_2_345_543_0.913.png,14
222_2_345_543_0.913.png,4
222_2_345_543_0.913.png,12
222_2_345_543_0.913.png,2
222_2_345_543_0.913.png,7
222_2_345_543_0.913.png,16
222_2_345_543_0.913.png,14
222_2_345_543_0.913.png,13
222_2_345_543_0.913.png,18
222_2_345_543_0.913.png,6
222_2_345_543_0.913.png,10
222_2_345_543_0.913.png,1
222_2_345_543_0.913.png,11
222_2_345_543_0.913.png,19
222_2_345_543_0.913.png,9
222_2_345_543_0.913.png,6
222_2_345_543_0.913.png,13
222_2_345_543_0.913.png,16
222_2_345_543_0.913.png,4
222_2_345_543_0.913.png,8
222_2_345_543_0.913.png,3
222_2_345_543_0.913.png,17
222_2_345_543_0.913.png,12
222_2_345_543_0.913.png,10
222_2_345_543_0.913.png,18
213_2_884_510_0.841.png,17
213_2_884_510_0.841.png,3
213_2_884_510_0.841.png,21
213_2_884_510_0.841.png,14
213_2_884_510_0.841.png,20
213_2_884_510_0.841.png,4
213_2_884_510_0.841.png,4
213_2_884_510_0.841.png,7
213_2_884_510_0.841.png,13
213_2_884_510_0.841.png,1
213_2_884_510_0.841.png,16
213_2_884_510_0.841.png,12
213_2_884_510_0.841.png,5
213_2_884_510_0.841.png,16
213_2_884_510_0.841.png,8
213_2_884_510_0.841.png,2
213_2_884_510_0.841.png,18
213_2_884_510_0.841.png,3
213_2_884_510_0.841.png,10
213_2_884_510_0.841.png,13
213_2_884_510_0.841.png,21
213_2_884_510_0.841.png,5
213_2_884_510_0.841.png,15
213_2_884_510_0.841.png,19
213_2_884_510_0.841.png,8
213_2_884_510_0.841.png,14
213_2_884_510_0.841.png,19
213_2_884_510_0.841.png,6
213_2_884_510_0.841.png,20
213_2_884_510_0.841.png,9
213_2_884_510_0.841.png,17
213_2_884_510_0.841.png,9
213_2_884_510_0.841.png,13
213_2_884_510_0.841.png,11
213_2_884_510_0.841.png,22
213_2_884_510_0.841.png,12
213_2_884_510_0.841.png,6
213_2_884_510_0.841.png,10
213_2_884_510_0.841.png,7
213_2_884_510_0.841.png,11
213_2_884_510_0.841.png,2
213_2_884_510_0.841.png,23
213_2_884_510_0.841.png,22
213_2_884_510_0.841.png,1
20_9_247_213_0.822.png,8
20_9_247_213_0.822.png,6
20_9_247_213_0.822.png,23
20_9_247_213_0.822.png,10
20_9_247_213_0.822.png,21
20_9_247_213_0.822.png,15
20_9_247_213_0.822.png,4
20_9_247_213_0.822.png,16
20_9_247_213_0.822.png,19
20_9_247_213_0.822.png,20
20_9_247_213_0.822.png,7
20_9_247_213_0.822.png,9
20_9_247_213_0.822.png,20
20_9_247_213_0.822.png,17
20_9_247_213_0.822.png,2
20_9_247_213_0.822.png,14
20_9_247_213_0.822.png,8
20_9_247_213_0.822.png,14
20_9_247_213_0.822.png,11
20_9_247_213_0.822.png,19
20_9_247_213_0.822.png,2
20_9_247_213_0.822.png,5
20_9_247_213_0.822.png,6
20_9_247_213_0.822.png,15
20_9_247_213_0.822.png,3
20_9_247_213_0.822.png,17
20_9_247_213_0.822.png,22
20_9_247_213_0.822.png,11
20_9_247_213_0.822.png,4
20_9_247_213_0.822.png,7
20_9_247_213_0.822.png,16
20_9_247_213_0.822.png,23
20_9_247_213_0.822.png,5
20_9_247_213_0.822.png,12
20_9_247_213_0.822.png,12
20_9_247_213_0.822.png,18
20_9_247_213_0.822.png,10
20_9_247_213_0.822.png,1
20_9_247_213_0.822.png,13
20_9_247_213_0.822.png,21
20_9_247_213_0.822.png,1
20_9_247_213_0.822.png,9
20_9_247_213_0.822.png,3
20_9_247_213_0.822.png,13
20_9_247_213_0.822.png,22
20_9_247_213_0.822.png,18
20_9_247_213_0.654.png,20
20_9_247_213_0.654.png,6
20_9_247_213_0.654.png,14
20_9_247_213_0.654.png,21
20_9_247_213_0.654.png,13
20_9_247_213_0.654.png,4
20_9_247_213_0.654.png,2
20_9_247_213_0.654.png,7
20_9_247_213_0.654.png,14
20_9_247_213_0.654.png,13
20_9_247_213_0.654.png,23
20_9_247_213_0.654.png,8
20_9_247_213_0.654.png,2
20_9_247_213_0.654.png,1
20_9_247_213_0.654.png,19
20_9_247_213_0.654.png,15
20_9_247_213_0.654.png,9
20_9_247_213_0.654.png,6
20_9_247_213_0.654.png,9
20_9_247_213_0.654.png,17
20_9_247_213_0.654.png,5
20_9_247_213_0.654.png,10
20_9_247_213_0.654.png,12
20_9_247_213_0.654.png,4
20_9_247_213_0.654.png,3
20_9_247_213_0.654.png,23
20_9_247_213_0.654.png,8
20_9_247_213_0.654.png,16
20_9_247_213_0.654.png,3
20_9_247_213_0.654.png,7
20_9_247_213_0.654.png,11
20_9_247_213_0.654.png,20
20_9_247_213_0.654.png,10
20_9_247_213_0.654.png,21
20_9_247_213_0.654.png,16
20_9_247_213_0.654.png,22
20_9_247_213_0.654.png,18
20_9_247_213_0.654.png,22
20_9_247_213_0.654.png,11
20_9_247_213_0.654.png,15
20_9_247_213_0.654.png,1
20_9_247_213_0.654.png,5
20_9_247_213_0.654.png,19
20_9_247_213_0.654.png,12
20_9_247_213_0.654.png,18
20_9_247_213_0.674.png,4
20_9_247_213_0.674.png,8
20_9_247_213_0.674.png,18
20_9_247_213_0.674.png,5
20_9_247_213_0.674.png,10
20_9_247_213_0.674.png,11
20_9_247_213_0.674.png,13
20_9_247_213_0.674.png,7
20_9_247_213_0.674.png,5
20_9_247_213_0.674.png,18
20_9_247_213_0.674.png,16
20_9_247_213_0.674.png,1
20_9_247_213_0.674.png,3
20_9_247_213_0.674.png,17
20_9_247_213_0.674.png,23
20_9_247_213_0.674.png,14
20_9_247_213_0.674.png,12
20_9_247_213_0.674.png,6
20_9_247_213_0.674.png,2
20_9_247_213_0.674.png,3
20_9_247_213_0.674.png,6
20_9_247_213_0.674.png,22
20_9_247_213_0.674.png,23
20_9_247_213_0.674.png,4
20_9_247_213_0.674.png,7
20_9_247_213_0.674.png,10
20_9_247_213_0.674.png,22
20_9_247_213_0.674.png,8
20_9_247_213_0.674.png,14
20_9_247_213_0.674.png,19
20_9_247_213_0.674.png,9
20_9_247_213_0.674.png,21
20_9_247_213_0.674.png,21
20_9_247_213_0.674.png,2
20_9_247_213_0.674.png,17
20_9_247_213_0.674.png,20
20_9_247_213_0.674.png,1
20_9_247_213_0.674.png,9
20_9_247_213_0.674.png,19
20_9_247_213_0.674.png,11
20_9_247_213_0.674.png,20
20_9_247_213_0.674.png,16
20_9_247_213_0.674.png,15
20_9_247_213_0.674.png,15
20_9_247_213_0.674.png,13
20_9_247_213_0.674.png,12
199_2_1178_477_0.646.png,20
199_2_1178_477_0.646.png,23
199_2_1178_477_0.646.png,20
199_2_1178_477_0.646.png,5
199_2_1178_477_0.646.png,7
199_2_1178_477_0.646.png,12
199_2_1178_477_0.646.png,11
199_2_1178_477_0.646.png,21
199_2_1178_477_0.646.png,15
199_2_1178_477_0.646.png,13
199_2_1178_477_0.646.png,14
199_2_1178_477_0.646.png,18
199_2_1178_477_0.646.png,2
199_2_1178_477_0.646.png,3
199_2_1178_477_0.646.png,17
199_2_1178_477_0.646.png,1
199_2_1178_477_0.646.png,17
199_2_1178_477_0.646.png,13
199_2_1178_477_0.646.png,7
199_2_1178_477_0.646.png,10
199_2_1178_477_0.646.png,18
199_2_1178_477_0.646.png,9
199_2_1178_477_0.646.png,19
199_2_1178_477_0.646.png,4
199_2_1178_477_0.646.png,20
199_2_1178_477_0.646.png,10
199_2_1178_477_0.646.png,16
199_2_1178_477_0.646.png,8
199_2_1178_477_0.646.png,4
199_2_1178_477_0.646.png,2
199_2_1178_477_0.646.png,11
199_2_1178_477_0.646.png,6
199_2_1178_477_0.646.png,23
199_2_1178_477_0.646.png,13
199_2_1178_477_0.646.png,8
199_2_1178_477_0.646.png,22
199_2_1178_477_0.646.png,21
199_2_1178_477_0.646.png,9
199_2_1178_477_0.646.png,16
199_2_1178_477_0.646.png,6
199_2_1178_477_0.646.png,5
199_2_1178_477_0.646.png,22
186_1_541_477_0.843.png,14
186_1_541_477_0.843.png,3
186_1_541_477_0.843.png,2
186_1_541_477_0.843.png,6
186_1_541_477_0.843.png,18
186_1_541_477_0.843.png,9
186_1_541_477_0.843.png,8
186_1_541_477_0.843.png,1
186_1_541_477_0.843.png,5
186_1_541_477_0.843.png,23
186_1_541_477_0.843.png,6
186_1_541_477_0.843.png,4
186_1_541_477_0.843.png,12
186_1_541_477_0.843.png,10
186_1_541_477_0.843.png,23
186_1_541_477_0.843.png,20
186_1_541_477_0.843.png,8
186_1_541_477_0.843.png,19
186_1_541_477_0.843.png,21
186_1_541_477_0.843.png,22
186_1_541_477_0.843.png,11
186_1_541_477_0.843.png,12
186_1_541_477_0.843.png,7
186_1_541_477_0.843.png,11
186_1_541_477_0.843.png,17
186_1_541_477_0.843.png,13
186_1_541_477_0.843.png,20
186_1_541_477_0.843.png,19
186_1_541_477_0.843.png,4
186_1_541_477_0.843.png,14
186_1_541_477_0.843.png,10
186_1_541_477_0.843.png,16
186_1_541_477_0.843.png,22
186_1_541_477_0.843.png,7
186_1_541_477_0.843.png,9
186_1_541_477_0.843.png,21
186_1_541_477_0.843.png,2
186_1_541_477_0.843.png,13
186_1_541_477_0.843.png,5
186_1_541_477_0.843.png,1
186_1_541_477_0.843.png,16
186_1_541_477_0.843.png,18
186_1_541_477_0.843.png,15
186_1_541_477_0.843.png,17
186_1_541_477_0.843.png,3
174_3_933_444_0.597.png,13
174_3_933_444_0.597.png,5
174_3_933_444_0.597.png,15
174_3_933_444_0.597.png,16
174_3_933_444_0.597.png,14
174_3_933_444_0.597.png,23
174_3_933_444_0.597.png,8
174_3_933_444_0.597.png,10
174_3_933_444_0.597.png,20
174_3_933_444_0.597.png,12
174_3_933_444_0.597.png,12
174_3_933_444_0.597.png,16
174_3_933_444_0.597.png,14
174_3_933_444_0.597.png,9
174_3_933_444_0.597.png,3
174_3_933_444_0.597.png,7
174_3_933_444_0.597.png,2
174_3_933_444_0.597.png,2
174_3_933_444_0.597.png,21
174_3_933_444_0.597.png,15
174_3_933_444_0.597.png,13
174_3_933_444_0.597.png,17
174_3_933_444_0.597.png,1
174_3_933_444_0.597.png,6
174_3_933_444_0.597.png,18
174_3_933_444_0.597.png,19
174_3_933_444_0.597.png,11
174_3_933_444_0.597.png,10
173_1_884_444_0.874.png,23
173_1_884_444_0.874.png,9
173_1_884_444_0.874.png,1
173_1_884_444_0.874.png,15
173_1_884_444_0.874.png,2
173_1_884_444_0.874.png,3
173_1_884_444_0.874.png,18
173_1_884_444_0.874.png,17
173_1_884_444_0.874.png,7
173_1_884_444_0.874.png,9
173_1_884_444_0.874.png,19
173_1_884_444_0.874.png,14
173_1_884_444_0.874.png,6
173_1_884_444_0.874.png,21
173_1_884_444_0.874.png,15
173_1_884_444_0.874.png,21
173_1_884_444_0.874.png,23
173_1_884_444_0.874.png,22
173_1_884_444_0.874.png,21
173_1_884_444_0.874.png,18
173_1_884_444_0.874.png,16
173_1_884_444_0.874.png,5
173_1_884_444_0.874.png,3
173_1_884_444_0.874.png,8
173_1_884_444_0.874.png,17
173_1_884_444_0.874.png,13
173_1_884_444_0.874.png,13
173_1_884_444_0.874.png,19
173_1_884_444_0.874.png,15
173_1_884_444_0.874.png,8
173_1_884_444_0.874.png,11
173_1_884_444_0.874.png,20
173_1_884_444_0.874.png,11
173_1_884_444_0.874.png,10
173_1_884_444_0.874.png,4
173_1_884_444_0.874.png,20
173_1_884_444_0.874.png,14
173_1_884_444_0.874.png,11
173_1_884_444_0.874.png,14
173_1_884_444_0.874.png,9
173_1_884_444_0.874.png,1
173_1_884_444_0.874.png,8
173_1_884_444_0.874.png,10
173_1_884_444_0.874.png,16
173_1_884_444_0.874.png,7
173_1_884_444_0.874.png,18
173_1_884_444_0.874.png,17
173_1_884_444_0.874.png,18
173_1_884_444_0.874.png,12
173_1_884_444_0.874.png,6
173_1_884_444_0.874.png,2
173_1_884_444_0.874.png,4
173_1_884_444_0.874.png,7
173_1_884_444_0.874.png,20
173_1_884_444_0.874.png,14
173_1_884_444_0.874.png,5
173_1_884_444_0.874.png,2
173_1_884_444_0.874.png,8
173_1_884_444_0.874.png,3
173_1_884_444_0.874.png,22
173_1_884_444_0.874.png,5
173_1_884_444_0.874.png,12
173_1_884_444_0.874.png,15
173_1_884_444_0.874.png,12
173_1_884_444_0.874.png,1
173_1_884_444_0.874.png,10
173_1_884_444_0.874.png,3
173_1_884_444_0.874.png,5
173_1_884_444_0.874.png,12
173_1_884_444_0.874.png,21
173_1_884_444_0.874.png,13
173_1_884_444_0.874.png,22
173_1_884_444_0.874.png,1
173_1_884_444_0.874.png,19
173_1_884_444_0.874.png,13
173_1_884_444_0.874.png,4
173_1_884_444_0.874.png,11
173_1_884_444_0.874.png,4
173_1_884_444_0.874.png,16
173_1_884_444_0.874.png,2
173_1_884_444_0.874.png,18
173_1_884_444_0.874.png,20
173_1_884_444_0.874.png,6
173_1_884_444_0.874.png,20
14_3_933_180_0.865.png,11
14_3_933_180_0.865.png,8
14_3_933_180_0.865.png,10
14_3_933_180_0.865.png,4
14_3_933_180_0.865.png,2
14_3_933_180_0.865.png,23
14_3_933_180_0.865.png,10
14_3_933_180_0.865.png,13
14_3_933_180_0.865.png,7
14_3_933_180_0.865.png,1
14_3_933_180_0.865.png,16
14_3_933_180_0.865.png,13
14_3_933_180_0.865.png,21
14_3_933_180_0.865.png,17
14_3_933_180_0.865.png,12
14_3_933_180_0.865.png,6
14_3_933_180_0.865.png,7
14_3_933_180_0.865.png,15
14_3_933_180_0.865.png,10
14_3_933_180_0.865.png,20
14_3_933_180_0.865.png,19
14_3_933_180_0.865.png,17
14_3_933_180_0.865.png,15
14_3_933_180_0.865.png,22
14_3_933_180_0.865.png,3
14_3_933_180_0.865.png,2
14_3_933_180_0.865.png,16
14_3_933_180_0.865.png,18
14_3_933_180_0.865.png,11
14_3_933_180_0.865.png,14
14_3_933_180_0.865.png,20
14_3_933_180_0.865.png,14
14_3_933_180_0.865.png,5
14_3_933_180_0.865.png,18
14_3_933_180_0.865.png,4
14_3_933_180_0.865.png,8
14_3_933_180_0.865.png,12
14_3_933_180_0.865.png,3
14_3_933_180_0.865.png,5
14_3_933_180_0.865.png,9
14_3_933_180_0.865.png,22
14_3_933_180_0.865.png,9
14_3_933_180_0.865.png,21
14_3_933_180_0.865.png,1
14_3_933_180_0.865.png,6
14_3_933_180_0.865.png,19
168_4_639_444_0.729.png,20
168_4_639_444_0.729.png,2
168_4_639_444_0.729.png,22
168_4_639_444_0.729.png,14
168_4_639_444_0.729.png,3
168_4_639_444_0.729.png,7
168_4_639_444_0.729.png,1
168_4_639_444_0.729.png,20
168_4_639_444_0.729.png,18
168_4_639_444_0.729.png,15
168_4_639_444_0.729.png,8
168_4_639_444_0.729.png,5
168_4_639_444_0.729.png,6
168_4_639_444_0.729.png,2
168_4_639_444_0.729.png,17
168_4_639_444_0.729.png,13
168_4_639_444_0.729.png,19
168_4_639_444_0.729.png,11
168_4_639_444_0.729.png,7
168_4_639_444_0.729.png,16
168_4_639_444_0.729.png,10
168_4_639_444_0.729.png,9
168_4_639_444_0.729.png,12
168_4_639_444_0.729.png,13
168_4_639_444_0.729.png,15
168_4_639_444_0.729.png,3
168_4_639_444_0.729.png,16
168_4_639_444_0.729.png,17
168_4_639_444_0.729.png,5
168_4_639_444_0.729.png,4
168_4_639_444_0.729.png,23
168_4_639_444_0.729.png,1
168_4_639_444_0.729.png,10
168_4_639_444_0.729.png,12
168_4_639_444_0.729.png,21
168_4_639_444_0.729.png,23
168_4_639_444_0.729.png,6
168_4_639_444_0.729.png,8
168_4_639_444_0.729.png,4
168_4_639_444_0.729.png,18
168_4_639_444_0.729.png,19
168_4_639_444_0.729.png,9
168_4_639_444_0.729.png,14
164_1_443_444_0.610.png,14
164_1_443_444_0.610.png,3
164_1_443_444_0.610.png,20
164_1_443_444_0.610.png,10
164_1_443_444_0.610.png,14
164_1_443_444_0.610.png,13
164_1_443_444_0.610.png,8
164_1_443_444_0.610.png,1
164_1_443_444_0.610.png,4
164_1_443_444_0.610.png,7
164_1_443_444_0.610.png,12
164_1_443_444_0.610.png,16
164_1_443_444_0.610.png,7
164_1_443_444_0.610.png,11
164_1_443_444_0.610.png,15
164_1_443_444_0.610.png,6
164_1_443_444_0.610.png,11
164_1_443_444_0.610.png,21
164_1_443_444_0.610.png,23
164_1_443_444_0.610.png,21
164_1_443_444_0.610.png,19
164_1_443_444_0.610.png,19
164_1_443_444_0.610.png,4
164_1_443_444_0.610.png,18
164_1_443_444_0.610.png,6
164_1_443_444_0.610.png,12
164_1_443_444_0.610.png,9
164_1_443_444_0.610.png,2
164_1_443_444_0.610.png,17
164_1_443_444_0.610.png,5
164_1_443_444_0.610.png,13
164_1_443_444_0.610.png,18
164_1_443_444_0.610.png,16
164_1_443_444_0.610.png,10
164_1_443_444_0.610.png,22
164_1_443_444_0.610.png,17
164_1_443_444_0.610.png,3
164_1_443_444_0.610.png,2
164_1_443_444_0.610.png,1
164_1_443_444_0.610.png,15
164_1_443_444_0.610.png,9
164_1_443_444_0.610.png,22
14_3_933_180_0.468.png,15
14_3_933_180_0.468.png,18
14_3_933_180_0.468.png,21
14_3_933_180_0.468.png,22
14_3_933_180_0.468.png,1
14_3_933_180_0.468.png,12
14_3_933_180_0.468.png,10
14_3_933_180_0.468.png,8
14_3_933_180_0.468.png,20
14_3_933_180_0.468.png,8
14_3_933_180_0.468.png,11
14_3_933_180_0.468.png,16
14_3_933_180_0.468.png,7
14_3_933_180_0.468.png,23
14_3_933_180_0.468.png,5
14_3_933_180_0.468.png,21
14_3_933_180_0.468.png,22
14_3_933_180_0.468.png,3
14_3_933_180_0.468.png,23
14_3_933_180_0.468.png,12
14_3_933_180_0.468.png,15
14_3_933_180_0.468.png,13
14_3_933_180_0.468.png,1
14_3_933_180_0.468.png,13
14_3_933_180_0.468.png,19
14_3_933_180_0.468.png,6
14_3_933_180_0.468.png,19
14_3_933_180_0.468.png,14
14_3_933_180_0.468.png,17
14_3_933_180_0.468.png,9
14_3_933_180_0.468.png,4
14_3_933_180_0.468.png,18
14_3_933_180_0.468.png,3
14_3_933_180_0.468.png,10
14_3_933_180_0.468.png,6
14_3_933_180_0.468.png,2
14_3_933_180_0.468.png,20
14_3_933_180_0.468.png,17
14_3_933_180_0.468.png,11
14_3_933_180_0.468.png,2
14_3_933_180_0.468.png,9
14_3_933_180_0.468.png,7
14_3_933_180_0.468.png,4
14_3_933_180_0.468.png,16
14_3_933_180_0.468.png,5
149_3_688_411_0.897.png,11
149_3_688_411_0.897.png,12
149_3_688_411_0.897.png,7
149_3_688_411_0.897.png,4
149_3_688_411_0.897.png,10
149_3_688_411_0.897.png,8
149_3_688_411_0.897.png,21
149_3_688_411_0.897.png,2
149_3_688_411_0.897.png,6
149_3_688_411_0.897.png,6
149_3_688_411_0.897.png,9
149_3_688_411_0.897.png,19
149_3_688_411_0.897.png,1
149_3_688_411_0.897.png,3
149_3_688_411_0.897.png,2
149_3_688_411_0.897.png,22
149_3_688_411_0.897.png,9
149_3_688_411_0.897.png,3
149_3_688_411_0.897.png,10
149_3_688_411_0.897.png,4
149_3_688_411_0.897.png,14
149_3_688_411_0.897.png,16
149_3_688_411_0.897.png,22
149_3_688_411_0.897.png,18
149_3_688_411_0.897.png,23
149_3_688_411_0.897.png,1
149_3_688_411_0.897.png,20
149_3_688_411_0.897.png,5
149_3_688_411_0.897.png,18
149_3_688_411_0.897.png,7
149_3_688_411_0.897.png,13
149_3_688_411_0.897.png,17
149_3_688_411_0.897.png,19
149_3_688_411_0.897.png,20
149_3_688_411_0.897.png,11
149_3_688_411_0.897.png,15
149_3_688_411_0.897.png,5
149_3_688_411_0.897.png,12
149_3_688_411_0.897.png,23
149_3_688_411_0.897.png,14
149_3_688_411_0.897.png,16
149_3_688_411_0.897.png,8
149_3_688_411_0.897.png,21
149_3_688_411_0.807.png,10
149_3_688_411_0.807.png,17
149_3_688_411_0.807.png,3
149_3_688_411_0.807.png,1
149_3_688_411_0.807.png,20
149_3_688_411_0.807.png,19
149_3_688_411_0.807.png,22
149_3_688_411_0.807.png,23
149_3_688_411_0.807.png,4
149_3_688_411_0.807.png,5
149_3_688_411_0.807.png,6
149_3_688_411_0.807.png,14
149_3_688_411_0.807.png,10
149_3_688_411_0.807.png,18
149_3_688_411_0.807.png,20
149_3_688_411_0.807.png,11
149_3_688_411_0.807.png,16
149_3_688_411_0.807.png,10
149_3_688_411_0.807.png,22
149_3_688_411_0.807.png,16
149_3_688_411_0.807.png,5
149_3_688_411_0.807.png,5
149_3_688_411_0.807.png,11
149_3_688_411_0.807.png,7
149_3_688_411_0.807.png,1
149_3_688_411_0.807.png,21
149_3_688_411_0.807.png,9
149_3_688_411_0.807.png,2
149_3_688_411_0.807.png,9
149_3_688_411_0.807.png,7
149_3_688_411_0.807.png,12
149_3_688_411_0.807.png,6
149_3_688_411_0.807.png,12
149_3_688_411_0.807.png,15
149_3_688_411_0.807.png,19
149_3_688_411_0.768.png,15
149_3_688_411_0.768.png,14
149_3_688_411_0.768.png,20
149_3_688_411_0.768.png,19
149_3_688_411_0.768.png,23
149_3_688_411_0.768.png,3
149_3_688_411_0.768.png,2
149_3_688_411_0.768.png,9
149_3_688_411_0.768.png,1
149_3_688_411_0.768.png,3
149_3_688_411_0.768.png,9
149_3_688_411_0.768.png,20
149_3_688_411_0.768.png,12
149_3_688_411_0.768.png,16
149_3_688_411_0.768.png,17
149_3_688_411_0.768.png,22
149_3_688_411_0.768.png,12
149_3_688_411_0.768.png,1
149_3_688_411_0.768.png,7
149_3_688_411_0.768.png,6
149_3_688_411_0.768.png,5
149_3_688_411_0.768.png,15
149_3_688_411_0.768.png,18
149_3_688_411_0.768.png,4
149_3_688_411_0.768.png,21
149_3_688_411_0.768.png,7
149_3_688_411_0.768.png,19
149_3_688_411_0.768.png,17
149_3_688_411_0.768.png,14
149_3_688_411_0.768.png,10
149_3_688_411_0.768.png,5
149_3_688_411_0.768.png,4
13_2_884_180_0.865.png,17
13_2_884_180_0.865.png,16
13_2_884_180_0.865.png,20
13_2_884_180_0.865.png,16
13_2_884_180_0.865.png,15
13_2_884_180_0.865.png,17
13_2_884_180_0.865.png,14
13_2_884_180_0.865.png,9
13_2_884_180_0.865.png,22
13_2_884_180_0.865.png,11
13_2_884_180_0.865.png,3
13_2_884_180_0.865.png,23
13_2_884_180_0.865.png,9
13_2_884_180_0.865.png,10
13_2_884_180_0.865.png,20
13_2_884_180_0.865.png,11
13_2_884_180_0.865.png,8
13_2_884_180_0.865.png,19
13_2_884_180_0.865.png,4
13_2_884_180_0.865.png,6
13_2_884_180_0.865.png,13
13_2_884_180_0.865.png,18
13_2_884_180_0.865.png,12
13_2_884_180_0.865.png,7
13_2_884_180_0.865.png,19
13_2_884_180_0.865.png,1
13_2_884_180_0.865.png,2
13_2_884_180_0.865.png,5
13_2_884_180_0.865.png,23
13_2_884_180_0.865.png,14
13_2_884_180_0.865.png,3
13_2_884_180_0.865.png,22
13_2_884_180_0.865.png,10
13_2_884_180_0.865.png,6
13_2_884_180_0.865.png,18
13_2_884_180_0.865.png,13
13_2_884_180_0.865.png,8
13_2_884_180_0.865.png,2
13_2_884_180_0.865.png,1
13_2_884_180_0.865.png,12
13_2_884_180_0.865.png,4
13_2_884_180_0.865.png,15
13_2_884_180_0.865.png,7
13_2_884_180_0.865.png,21
13_2_884_180_0.865.png,5
136_1_1031_378_0.868.png,2
136_1_1031_378_0.868.png,7
136_1_1031_378_0.868.png,17
136_1_1031_378_0.868.png,17
136_1_1031_378_0.868.png,21
136_1_1031_378_0.868.png,14
136_1_1031_378_0.868.png,20
136_1_1031_378_0.868.png,19
136_1_1031_378_0.868.png,3
136_1_1031_378_0.868.png,4
136_1_1031_378_0.868.png,3
136_1_1031_378_0.868.png,5
136_1_1031_378_0.868.png,4
136_1_1031_378_0.868.png,18
136_1_1031_378_0.868.png,12
136_1_1031_378_0.868.png,1
136_1_1031_378_0.868.png,12
136_1_1031_378_0.868.png,11
136_1_1031_378_0.868.png,10
136_1_1031_378_0.868.png,23
136_1_1031_378_0.868.png,19
136_1_1031_378_0.868.png,8
136_1_1031_378_0.868.png,15
136_1_1031_378_0.868.png,7
136_1_1031_378_0.868.png,13
136_1_1031_378_0.868.png,20
136_1_1031_378_0.868.png,9
136_1_1031_378_0.868.png,18
136_1_1031_378_0.868.png,8
136_1_1031_378_0.868.png,9
136_1_1031_378_0.868.png,1
136_1_1031_378_0.868.png,6
136_1_1031_378_0.868.png,5
136_1_1031_378_0.868.png,16
136_1_1031_378_0.868.png,21
136_1_1031_378_0.868.png,14
136_1_1031_378_0.868.png,13
136_1_1031_378_0.868.png,6
136_1_1031_378_0.868.png,11
136_1_1031_378_0.868.png,10
136_1_1031_378_0.868.png,22
136_1_1031_378_0.868.png,15
136_1_1031_378_0.868.png,2
73_4_884_279_0.755.png,11
73_4_884_279_0.755.png,12
73_4_884_279_0.755.png,10
73_4_884_279_0.755.png,19
73_4_884_279_0.755.png,20
73_4_884_279_0.755.png,16
73_4_884_279_0.755.png,3
73_4_884_279_0.755.png,13
73_4_884_279_0.755.png,5
73_4_884_279_0.755.png,23
73_4_884_279_0.755.png,8
73_4_884_279_0.755.png,22
73_4_884_279_0.755.png,4
73_4_884_279_0.755.png,20
73_4_884_279_0.755.png,17
73_4_884_279_0.755.png,12
73_4_884_279_0.755.png,2
73_4_884_279_0.755.png,17
73_4_884_279_0.755.png,15
73_4_884_279_0.755.png,1
73_4_884_279_0.755.png,3
73_4_884_279_0.755.png,14
73_4_884_279_0.755.png,15
73_4_884_279_0.755.png,19
73_4_884_279_0.755.png,14
73_4_884_279_0.755.png,23
73_4_884_279_0.755.png,6
73_4_884_279_0.755.png,10
73_4_884_279_0.755.png,22
73_4_884_279_0.755.png,4
73_4_884_279_0.755.png,11
73_4_884_279_0.755.png,5
73_4_884_279_0.755.png,21
73_4_884_279_0.755.png,6
73_4_884_279_0.755.png,18
73_4_884_279_0.755.png,1
73_4_884_279_0.755.png,9
73_4_884_279_0.755.png,7
73_4_884_279_0.755.png,2
73_4_884_279_0.755.png,7
73_4_884_279_0.755.png,16
73_4_884_279_0.755.png,21
49_2_688_246_0.721.png,8
49_2_688_246_0.721.png,4
49_2_688_246_0.721.png,4
49_2_688_246_0.721.png,23
49_2_688_246_0.721.png,3
49_2_688_246_0.721.png,17
49_2_688_246_0.721.png,10
49_2_688_246_0.721.png,12
49_2_688_246_0.721.png,14
49_2_688_246_0.721.png,5
49_2_688_246_0.721.png,11
49_2_688_246_0.721.png,2
49_2_688_246_0.721.png,15
49_2_688_246_0.721.png,13
49_2_688_246_0.721.png,18
49_2_688_246_0.721.png,22
49_2_688_246_0.721.png,5
49_2_688_246_0.721.png,16
49_2_688_246_0.721.png,18
49_2_688_246_0.721.png,9
49_2_688_246_0.721.png,20
49_2_688_246_0.721.png,8
49_2_688_246_0.721.png,13
49_2_688_246_0.721.png,7
49_2_688_246_0.721.png,9
49_2_688_246_0.721.png,17
49_2_688_246_0.721.png,7
49_2_688_246_0.721.png,22
49_2_688_246_0.721.png,19
49_2_688_246_0.721.png,19
49_2_688_246_0.721.png,16
49_2_688_246_0.721.png,10
49_2_688_246_0.721.png,11
49_2_688_246_0.721.png,12
49_2_688_246_0.721.png,6
49_2_688_246_0.721.png,23
49_2_688_246_0.721.png,3
49_2_688_246_0.721.png,15
49_2_688_246_0.721.png,21
49_2_688_246_0.721.png,1
49_2_688_246_0.721.png,2
49_2_688_246_0.721.png,6
49_2_688_246_0.721.png,1
50_1_737_246_0.893.png,20
50_1_737_246_0.893.png,22
50_1_737_246_0.893.png,17
50_1_737_246_0.893.png,18
50_1_737_246_0.893.png,9
50_1_737_246_0.893.png,10
50_1_737_246_0.893.png,15
50_1_737_246_0.893.png,13
50_1_737_246_0.893.png,10
50_1_737_246_0.893.png,19
50_1_737_246_0.893.png,7
50_1_737_246_0.893.png,21
50_1_737_246_0.893.png,14
50_1_737_246_0.893.png,13
50_1_737_246_0.893.png,15
50_1_737_246_0.893.png,20
50_1_737_246_0.893.png,4
50_1_737_246_0.893.png,21
50_1_737_246_0.893.png,8
50_1_737_246_0.893.png,4
50_1_737_246_0.893.png,16
50_1_737_246_0.893.png,23
50_1_737_246_0.893.png,1
50_1_737_246_0.893.png,18
50_1_737_246_0.893.png,9
50_1_737_246_0.893.png,17
50_1_737_246_0.893.png,8
50_1_737_246_0.893.png,12
50_1_737_246_0.893.png,11
50_1_737_246_0.893.png,11
50_1_737_246_0.893.png,14
50_1_737_246_0.893.png,2
50_1_737_246_0.893.png,1
50_1_737_246_0.893.png,2
50_1_737_246_0.893.png,5
50_1_737_246_0.893.png,7
50_1_737_246_0.893.png,16
50_1_737_246_0.893.png,5
50_1_737_246_0.893.png,23
50_1_737_246_0.893.png,6
50_1_737_246_0.893.png,12
50_1_737_246_0.893.png,3
50_1_737_246_0.893.png,6
50_1_737_246_0.893.png,3
50_1_737_246_0.893.png,19
50_1_737_246_0.893.png,22
46_3_541_246_0.514.png,2
46_3_541_246_0.514.png,14
46_3_541_246_0.514.png,12
46_3_541_246_0.514.png,4
46_3_541_246_0.514.png,13
46_3_541_246_0.514.png,7
46_3_541_246_0.514.png,17
46_3_541_246_0.514.png,23
46_3_541_246_0.514.png,6
46_3_541_246_0.514.png,10
46_3_541_246_0.514.png,4
46_3_541_246_0.514.png,5
46_3_541_246_0.514.png,18
46_3_541_246_0.514.png,20
46_3_541_246_0.514.png,21
46_3_541_246_0.514.png,15
46_3_541_246_0.514.png,8
46_3_541_246_0.514.png,2
46_3_541_246_0.514.png,8
46_3_541_246_0.514.png,15
46_3_541_246_0.514.png,13
46_3_541_246_0.514.png,6
46_3_541_246_0.514.png,19
46_3_541_246_0.514.png,20
46_3_541_246_0.514.png,5
46_3_541_246_0.514.png,3
46_3_541_246_0.514.png,16
46_3_541_246_0.514.png,9
46_3_541_246_0.514.png,7
46_3_541_246_0.514.png,10
46_3_541_246_0.514.png,9
46_3_541_246_0.514.png,18
46_3_541_246_0.514.png,22
46_3_541_246_0.514.png,11
46_3_541_246_0.514.png,21
46_3_541_246_0.514.png,19
46_3_541_246_0.514.png,17
46_3_541_246_0.514.png,23
46_3_541_246_0.514.png,1
46_3_541_246_0.514.png,22
46_3_541_246_0.514.png,16
46_3_541_246_0.514.png,12
46_3_541_246_0.514.png,3
46_3_541_246_0.514.png,11
46_3_541_246_0.514.png,1
46_3_541_246_0.514.png,14
30_2_737_213_0.864.png,20
30_2_737_213_0.864.png,18
30_2_737_213_0.864.png,9
30_2_737_213_0.864.png,17
30_2_737_213_0.864.png,22
30_2_737_213_0.864.png,16
30_2_737_213_0.864.png,23
30_2_737_213_0.864.png,10
30_2_737_213_0.864.png,1
30_2_737_213_0.864.png,4
30_2_737_213_0.864.png,8
30_2_737_213_0.864.png,8
30_2_737_213_0.864.png,17
30_2_737_213_0.864.png,9
30_2_737_213_0.864.png,12
30_2_737_213_0.864.png,6
30_2_737_213_0.864.png,3
30_2_737_213_0.864.png,12
30_2_737_213_0.864.png,3
30_2_737_213_0.864.png,6
30_2_737_213_0.864.png,2
30_2_737_213_0.864.png,14
30_2_737_213_0.864.png,21
30_2_737_213_0.864.png,4
30_2_737_213_0.864.png,15
30_2_737_213_0.864.png,13
30_2_737_213_0.864.png,15
30_2_737_213_0.864.png,10
30_2_737_213_0.864.png,13
30_2_737_213_0.864.png,14
30_2_737_213_0.864.png,21
30_2_737_213_0.864.png,7
30_2_737_213_0.864.png,19
30_2_737_213_0.864.png,16
30_2_737_213_0.864.png,5
30_2_737_213_0.864.png,2
30_2_737_213_0.864.png,20
30_2_737_213_0.864.png,7
30_2_737_213_0.864.png,11
30_2_737_213_0.864.png,11
30_2_737_213_0.864.png,1
30_2_737_213_0.864.png,23
30_2_737_213_0.864.png,4
30_2_737_213_0.864.png,15
30_2_737_213_0.864.png,19
30_2_737_213_0.864.png,22
299_8_1178_642_0.511.png,20
299_8_1178_642_0.511.png,8
299_8_1178_642_0.511.png,21
299_8_1178_642_0.511.png,15
299_8_1178_642_0.511.png,16
299_8_1178_642_0.511.png,21
299_8_1178_642_0.511.png,10
299_8_1178_642_0.511.png,3
299_8_1178_642_0.511.png,16
299_8_1178_642_0.511.png,22
299_8_1178_642_0.511.png,7
299_8_1178_642_0.511.png,9
299_8_1178_642_0.511.png,11
299_8_1178_642_0.511.png,11
299_8_1178_642_0.511.png,12
299_8_1178_642_0.511.png,8
299_8_1178_642_0.511.png,12
299_8_1178_642_0.511.png,14
299_8_1178_642_0.511.png,3
299_8_1178_642_0.511.png,10
299_8_1178_642_0.511.png,13
299_8_1178_642_0.511.png,14
299_8_1178_642_0.511.png,1
299_8_1178_642_0.511.png,23
299_8_1178_642_0.511.png,13
299_8_1178_642_0.511.png,18
299_8_1178_642_0.511.png,23
299_8_1178_642_0.511.png,19
299_8_1178_642_0.511.png,2
299_8_1178_642_0.511.png,9
299_8_1178_642_0.511.png,6
299_8_1178_642_0.511.png,20
299_8_1178_642_0.511.png,2
299_8_1178_642_0.511.png,19
299_8_1178_642_0.511.png,5
299_8_1178_642_0.511.png,6
299_8_1178_642_0.511.png,22
299_8_1178_642_0.511.png,17
299_8_1178_642_0.511.png,17
299_8_1178_642_0.511.png,7
299_8_1178_642_0.511.png,18
299_8_1178_642_0.511.png,15
299_8_1178_642_0.511.png,1
299_8_1178_642_0.511.png,4
299_8_1178_642_0.511.png,5
299_8_1178_642_0.511.png,4
298_2_1129_642_0.684.png,6
298_2_1129_642_0.684.png,4
298_2_1129_642_0.684.png,23
298_2_1129_642_0.684.png,12
298_2_1129_642_0.684.png,18
298_2_1129_642_0.684.png,7
298_2_1129_642_0.684.png,9
298_2_1129_642_0.684.png,7
298_2_1129_642_0.684.png,16
298_2_1129_642_0.684.png,3
298_2_1129_642_0.684.png,20
298_2_1129_642_0.684.png,14
298_2_1129_642_0.684.png,4
298_2_1129_642_0.684.png,14
298_2_1129_642_0.684.png,18
298_2_1129_642_0.684.png,22
298_2_1129_642_0.684.png,2
298_2_1129_642_0.684.png,9
298_2_1129_642_0.684.png,23
298_2_1129_642_0.684.png,8
298_2_1129_642_0.684.png,3
298_2_1129_642_0.684.png,15
298_2_1129_642_0.684.png,5
298_2_1129_642_0.684.png,10
298_2_1129_642_0.684.png,11
298_2_1129_642_0.684.png,2
298_2_1129_642_0.684.png,1
298_2_1129_642_0.684.png,15
298_2_1129_642_0.684.png,19
298_2_1129_642_0.684.png,17
298_2_1129_642_0.684.png,20
298_2_1129_642_0.684.png,12
298_2_1129_642_0.684.png,22
298_2_1129_642_0.684.png,8
298_2_1129_642_0.684.png,13
298_2_1129_642_0.684.png,21
298_2_1129_642_0.684.png,17
298_2_1129_642_0.684.png,13
298_2_1129_642_0.684.png,19
298_2_1129_642_0.684.png,10
298_2_1129_642_0.684.png,6
298_2_1129_642_0.684.png,11
298_2_1129_642_0.684.png,21
298_2_1129_642_0.684.png,5
298_2_1129_642_0.684.png,1
123_4_394_378_0.821.png,19
123_4_394_378_0.821.png,2
123_4_394_378_0.821.png,18
123_4_394_378_0.821.png,20
123_4_394_378_0.821.png,23
123_4_394_378_0.821.png,12
123_4_394_378_0.821.png,22
123_4_394_378_0.821.png,13
123_4_394_378_0.821.png,4
123_4_394_378_0.821.png,21
123_4_394_378_0.821.png,9
123_4_394_378_0.821.png,9
123_4_394_378_0.821.png,13
123_4_394_378_0.821.png,11
123_4_394_378_0.821.png,11
123_4_394_378_0.821.png,5
123_4_394_378_0.821.png,3
123_4_394_378_0.821.png,19
123_4_394_378_0.821.png,2
123_4_394_378_0.821.png,16
123_4_394_378_0.821.png,17
123_4_394_378_0.821.png,8
123_4_394_378_0.821.png,18
123_4_394_378_0.821.png,22
123_4_394_378_0.821.png,10
123_4_394_378_0.821.png,6
123_4_394_378_0.821.png,14
123_4_394_378_0.821.png,7
123_4_394_378_0.821.png,6
123_4_394_378_0.821.png,16
123_4_394_378_0.821.png,17
123_4_394_378_0.821.png,1
123_4_394_378_0.821.png,21
123_4_394_378_0.821.png,15
123_4_394_378_0.821.png,5
123_4_394_378_0.821.png,4
123_4_394_378_0.821.png,12
123_4_394_378_0.821.png,7
123_4_394_378_0.821.png,1
123_4_394_378_0.821.png,20
123_4_394_378_0.821.png,14
123_4_394_378_0.821.png,15
123_4_394_378_0.821.png,23
123_4_394_378_0.821.png,10
123_4_394_378_0.821.png,8
123_4_394_378_0.821.png,3
127_2_590_378_0.593.png,11
127_2_590_378_0.593.png,7
127_2_590_378_0.593.png,14
127_2_590_378_0.593.png,15
127_2_590_378_0.593.png,20
127_2_590_378_0.593.png,7
127_2_590_378_0.593.png,5
127_2_590_378_0.593.png,12
127_2_590_378_0.593.png,5
127_2_590_378_0.593.png,8
127_2_590_378_0.593.png,6
127_2_590_378_0.593.png,21
127_2_590_378_0.593.png,8
127_2_590_378_0.593.png,14
127_2_590_378_0.593.png,9
127_2_590_378_0.593.png,2
127_2_590_378_0.593.png,17
127_2_590_378_0.593.png,21
127_2_590_378_0.593.png,15
127_2_590_378_0.593.png,12
127_2_590_378_0.593.png,16
127_2_590_378_0.593.png,19
127_2_590_378_0.593.png,10
127_2_590_378_0.593.png,21
127_2_590_378_0.593.png,13
127_2_590_378_0.593.png,2
127_2_590_378_0.593.png,3
127_2_590_378_0.593.png,1
127_2_590_378_0.593.png,6
127_2_590_378_0.593.png,1
127_2_590_378_0.593.png,18
127_2_590_378_0.593.png,10
127_2_590_378_0.593.png,13
127_2_590_378_0.593.png,4
127_2_590_378_0.593.png,4
127_2_590_378_0.593.png,17
127_2_590_378_0.593.png,23
127_2_590_378_0.593.png,16
127_2_590_378_0.593.png,3
257_4_1080_576_0.822.png,11
257_4_1080_576_0.822.png,13
257_4_1080_576_0.822.png,22
257_4_1080_576_0.822.png,7
257_4_1080_576_0.822.png,4
257_4_1080_576_0.822.png,10
257_4_1080_576_0.822.png,4
257_4_1080_576_0.822.png,11
257_4_1080_576_0.822.png,20
257_4_1080_576_0.822.png,1
257_4_1080_576_0.822.png,13
257_4_1080_576_0.822.png,9
257_4_1080_576_0.822.png,19
257_4_1080_576_0.822.png,9
257_4_1080_576_0.822.png,12
257_4_1080_576_0.822.png,20
257_4_1080_576_0.822.png,8
257_4_1080_576_0.822.png,14
257_4_1080_576_0.822.png,5
257_4_1080_576_0.822.png,6
257_4_1080_576_0.822.png,2
257_4_1080_576_0.822.png,17
257_4_1080_576_0.822.png,5
257_4_1080_576_0.822.png,2
257_4_1080_576_0.822.png,15
257_4_1080_576_0.822.png,7
257_4_1080_576_0.822.png,3
257_4_1080_576_0.822.png,15
257_4_1080_576_0.822.png,6
257_4_1080_576_0.822.png,21
257_4_1080_576_0.822.png,23
257_4_1080_576_0.822.png,1
257_4_1080_576_0.822.png,23
257_4_1080_576_0.822.png,19
257_4_1080_576_0.822.png,12
257_4_1080_576_0.822.png,17
257_4_1080_576_0.822.png,14
257_4_1080_576_0.822.png,18
257_4_1080_576_0.822.png,3
257_4_1080_576_0.822.png,18
257_4_1080_576_0.822.png,10
257_4_1080_576_0.822.png,8
274_4_933_609_0.721.png,21
274_4_933_609_0.721.png,15
274_4_933_609_0.721.png,5
274_4_933_609_0.721.png,22
274_4_933_609_0.721.png,18
274_4_933_609_0.721.png,9
274_4_933_609_0.721.png,7
274_4_933_609_0.721.png,8
274_4_933_609_0.721.png,23
274_4_933_609_0.721.png,1
274_4_933_609_0.721.png,6
274_4_933_609_0.721.png,1
274_4_933_609_0.721.png,12
274_4_933_609_0.721.png,10
274_4_933_609_0.721.png,20
274_4_933_609_0.721.png,9
274_4_933_609_0.721.png,7
274_4_933_609_0.721.png,22
274_4_933_609_0.721.png,17
274_4_933_609_0.721.png,13
274_4_933_609_0.721.png,10
274_4_933_609_0.721.png,17
274_4_933_609_0.721.png,8
274_4_933_609_0.721.png,4
274_4_933_609_0.721.png,3
274_4_933_609_0.721.png,3
274_4_933_609_0.721.png,16
274_4_933_609_0.721.png,2
274_4_933_609_0.721.png,14
274_4_933_609_0.721.png,6
274_4_933_609_0.721.png,4
274_4_933_609_0.721.png,5
274_4_933_609_0.721.png,2
274_4_933_609_0.721.png,15
274_4_933_609_0.721.png,18
274_4_933_609_0.721.png,13
274_4_933_609_0.721.png,16
274_4_933_609_0.721.png,11
274_4_933_609_0.721.png,19
274_4_933_609_0.721.png,20
274_4_933_609_0.721.png,12
274_4_933_609_0.721.png,21
274_4_933_609_0.721.png,21
275_1_982_609_0.907.png,23
275_1_982_609_0.907.png,16
275_1_982_609_0.907.png,11
275_1_982_609_0.907.png,12
275_1_982_609_0.907.png,3
275_1_982_609_0.907.png,7
275_1_982_609_0.907.png,18
275_1_982_609_0.907.png,4
275_1_982_609_0.907.png,13
275_1_982_609_0.907.png,6
275_1_982_609_0.907.png,8
275_1_982_609_0.907.png,7
275_1_982_609_0.907.png,10
275_1_982_609_0.907.png,4
275_1_982_609_0.907.png,10
275_1_982_609_0.907.png,1
275_1_982_609_0.907.png,5
275_1_982_609_0.907.png,13
275_1_982_609_0.907.png,2
275_1_982_609_0.907.png,20
275_1_982_609_0.907.png,1
275_1_982_609_0.907.png,11
275_1_982_609_0.907.png,12
275_1_982_609_0.907.png,21
275_1_982_609_0.907.png,16
275_1_982_609_0.907.png,14
275_1_982_609_0.907.png,8
275_1_982_609_0.907.png,20
275_1_982_609_0.907.png,3
275_1_982_609_0.907.png,9
275_1_982_609_0.907.png,21
275_1_982_609_0.907.png,2
275_1_982_609_0.907.png,18
275_1_982_609_0.907.png,23
275_1_982_609_0.907.png,17
275_1_982_609_0.907.png,19
275_1_982_609_0.907.png,22
275_1_982_609_0.907.png,17
275_1_982_609_0.907.png,22
275_1_982_609_0.907.png,6
275_1_982_609_0.907.png,14
275_1_982_609_0.907.png,15
275_1_982_609_0.907.png,19
275_1_982_609_0.907.png,5
275_1_982_609_0.907.png,9
280_1_247_642_0.511.png,18
280_1_247_642_0.511.png,15
280_1_247_642_0.511.png,22
280_1_247_642_0.511.png,9
280_1_247_642_0.511.png,22
280_1_247_642_0.511.png,3
280_1_247_642_0.511.png,16
280_1_247_642_0.511.png,14
280_1_247_642_0.511.png,1
280_1_247_642_0.511.png,11
280_1_247_642_0.511.png,5
280_1_247_642_0.511.png,11
280_1_247_642_0.511.png,23
280_1_247_642_0.511.png,17
280_1_247_642_0.511.png,21
280_1_247_642_0.511.png,3
280_1_247_642_0.511.png,19
280_1_247_642_0.511.png,13
280_1_247_642_0.511.png,20
280_1_247_642_0.511.png,2
280_1_247_642_0.511.png,12
280_1_247_642_0.511.png,4
280_1_247_642_0.511.png,19
280_1_247_642_0.511.png,10
280_1_247_642_0.511.png,9
280_1_247_642_0.511.png,8
280_1_247_642_0.511.png,13
280_1_247_642_0.511.png,4
280_1_247_642_0.511.png,6
280_1_247_642_0.511.png,23
280_1_247_642_0.511.png,5
280_1_247_642_0.511.png,7
280_1_247_642_0.511.png,2
280_1_247_642_0.511.png,20
280_1_247_642_0.511.png,1
280_1_247_642_0.511.png,18
280_1_247_642_0.511.png,15
280_1_247_642_0.511.png,16
280_1_247_642_0.511.png,21
280_1_247_642_0.511.png,7
5_2_492_180_0.821.png,17
5_2_492_180_0.821.png,8
5_2_492_180_0.821.png,16
5_2_492_180_0.821.png,6
5_2_492_180_0.821.png,5
5_2_492_180_0.821.png,12
5_2_492_180_0.821.png,20
5_2_492_180_0.821.png,19
5_2_492_180_0.821.png,13
5_2_492_180_0.821.png,20
5_2_492_180_0.821.png,16
5_2_492_180_0.821.png,22
5_2_492_180_0.821.png,10
5_2_492_180_0.821.png,21
5_2_492_180_0.821.png,14
5_2_492_180_0.821.png,8
5_2_492_180_0.821.png,9
5_2_492_180_0.821.png,3
5_2_492_180_0.821.png,11
5_2_492_180_0.821.png,3
5_2_492_180_0.821.png,9
5_2_492_180_0.821.png,4
5_2_492_180_0.821.png,13
5_2_492_180_0.821.png,23
5_2_492_180_0.821.png,10
5_2_492_180_0.821.png,11
5_2_492_180_0.821.png,4
5_2_492_180_0.821.png,7
5_2_492_180_0.821.png,18
5_2_492_180_0.821.png,2
5_2_492_180_0.821.png,19
5_2_492_180_0.821.png,1
5_2_492_180_0.821.png,5
5_2_492_180_0.821.png,2
5_2_492_180_0.821.png,1
5_2_492_180_0.821.png,15
5_2_492_180_0.821.png,14
5_2_492_180_0.821.png,17
5_2_492_180_0.821.png,15
5_2_492_180_0.821.png,21
5_2_492_180_0.821.png,12
5_2_492_180_0.821.png,6
5_2_492_180_0.821.png,23
5_2_492_180_0.821.png,22
76_8_1031_279_0.745.png,11
76_8_1031_279_0.745.png,17
76_8_1031_279_0.745.png,18
76_8_1031_279_0.745.png,2
76_8_1031_279_0.745.png,14
76_8_1031_279_0.745.png,17
76_8_1031_279_0.745.png,11
76_8_1031_279_0.745.png,23
76_8_1031_279_0.745.png,5
76_8_1031_279_0.745.png,13
76_8_1031_279_0.745.png,4
76_8_1031_279_0.745.png,20
76_8_1031_279_0.745.png,18
76_8_1031_279_0.745.png,10
76_8_1031_279_0.745.png,22
76_8_1031_279_0.745.png,21
76_8_1031_279_0.745.png,15
76_8_1031_279_0.745.png,10
76_8_1031_279_0.745.png,8
76_8_1031_279_0.745.png,20
76_8_1031_279_0.745.png,7
76_8_1031_279_0.745.png,1
76_8_1031_279_0.745.png,12
76_8_1031_279_0.745.png,21
76_8_1031_279_0.745.png,16
76_8_1031_279_0.745.png,6
76_8_1031_279_0.745.png,3
76_8_1031_279_0.745.png,13
76_8_1031_279_0.745.png,14
76_8_1031_279_0.745.png,19
76_8_1031_279_0.745.png,8
76_8_1031_279_0.745.png,9
76_8_1031_279_0.745.png,7
76_8_1031_279_0.745.png,9
76_8_1031_279_0.745.png,12
76_8_1031_279_0.745.png,2
76_8_1031_279_0.745.png,23
76_8_1031_279_0.745.png,22
76_8_1031_279_0.745.png,5
76_8_1031_279_0.745.png,16
76_8_1031_279_0.745.png,19
76_8_1031_279_0.745.png,1
76_8_1031_279_0.745.png,6
76_8_1031_279_0.745.png,4
76_8_1031_279_0.745.png,3
76_8_1031_279_0.745.png,15
76_8_1031_279_0.886.png,4
76_8_1031_279_0.886.png,4
76_8_1031_279_0.886.png,3
76_8_1031_279_0.886.png,9
76_8_1031_279_0.886.png,16
76_8_1031_279_0.886.png,18
76_8_1031_279_0.886.png,15
76_8_1031_279_0.886.png,22
76_8_1031_279_0.886.png,11
76_8_1031_279_0.886.png,9
76_8_1031_279_0.886.png,12
76_8_1031_279_0.886.png,6
76_8_1031_279_0.886.png,12
76_8_1031_279_0.886.png,6
76_8_1031_279_0.886.png,2
76_8_1031_279_0.886.png,13
76_8_1031_279_0.886.png,8
76_8_1031_279_0.886.png,20
76_8_1031_279_0.886.png,17
76_8_1031_279_0.886.png,5
76_8_1031_279_0.886.png,23
76_8_1031_279_0.886.png,1
76_8_1031_279_0.886.png,15
76_8_1031_279_0.886.png,2
76_8_1031_279_0.886.png,19
76_8_1031_279_0.886.png,18
76_8_1031_279_0.886.png,10
76_8_1031_279_0.886.png,16
76_8_1031_279_0.886.png,20
76_8_1031_279_0.886.png,8
76_8_1031_279_0.886.png,19
76_8_1031_279_0.886.png,5
76_8_1031_279_0.886.png,14
76_8_1031_279_0.886.png,3
76_8_1031_279_0.886.png,14
76_8_1031_279_0.886.png,23
76_8_1031_279_0.886.png,13
76_8_1031_279_0.886.png,7
76_8_1031_279_0.886.png,1
76_8_1031_279_0.886.png,7
76_8_1031_279_0.886.png,21
76_8_1031_279_0.886.png,21
83_3_394_312_0.897.png,10
83_3_394_312_0.897.png,23
83_3_394_312_0.897.png,7
83_3_394_312_0.897.png,21
83_3_394_312_0.897.png,22
83_3_394_312_0.897.png,6
83_3_394_312_0.897.png,7
83_3_394_312_0.897.png,15
83_3_394_312_0.897.png,17
83_3_394_312_0.897.png,14
83_3_394_312_0.897.png,13
83_3_394_312_0.897.png,11
83_3_394_312_0.897.png,16
83_3_394_312_0.897.png,1
83_3_394_312_0.897.png,12
83_3_394_312_0.897.png,2
83_3_394_312_0.897.png,8
83_3_394_312_0.897.png,3
83_3_394_312_0.897.png,15
83_3_394_312_0.897.png,5
83_3_394_312_0.897.png,2
83_3_394_312_0.897.png,20
83_3_394_312_0.897.png,17
83_3_394_312_0.897.png,22
83_3_394_312_0.897.png,19
83_3_394_312_0.897.png,4
83_3_394_312_0.897.png,10
83_3_394_312_0.897.png,16
83_3_394_312_0.897.png,1
83_3_394_312_0.897.png,11
83_3_394_312_0.897.png,5
83_3_394_312_0.897.png,12
83_3_394_312_0.897.png,9
83_3_394_312_0.897.png,8
83_3_394_312_0.897.png,6
83_3_394_312_0.897.png,3
83_3_394_312_0.897.png,14
83_3_394_312_0.897.png,21
83_3_394_312_0.897.png,13
91_5_786_312_0.741.png,9
91_5_786_312_0.741.png,5
91_5_786_312_0.741.png,4
91_5_786_312_0.741.png,11
91_5_786_312_0.741.png,9
91_5_786_312_0.741.png,23
91_5_786_312_0.741.png,7
91_5_786_312_0.741.png,3
91_5_786_312_0.741.png,16
91_5_786_312_0.741.png,21
91_5_786_312_0.741.png,22
91_5_786_312_0.741.png,2
91_5_786_312_0.741.png,3
91_5_786_312_0.741.png,14
91_5_786_312_0.741.png,14
91_5_786_312_0.741.png,20
91_5_786_312_0.741.png,8
91_5_786_312_0.741.png,19
91_5_786_312_0.741.png,10
91_5_786_312_0.741.png,18
91_5_786_312_0.741.png,4
132_1_835_378_0.772.png,18
132_1_835_378_0.772.png,5
132_1_835_378_0.772.png,14
132_1_835_378_0.772.png,21
132_1_835_378_0.772.png,3
132_1_835_378_0.772.png,16
132_1_835_378_0.772.png,8
132_1_835_378_0.772.png,15
132_1_835_378_0.772.png,18
132_1_835_378_0.772.png,11
132_1_835_378_0.772.png,13
132_1_835_378_0.772.png,15
132_1_835_378_0.772.png,14
132_1_835_378_0.772.png,7
132_1_835_378_0.772.png,20
132_1_835_378_0.772.png,10
132_1_835_378_0.772.png,13
132_1_835_378_0.772.png,12
132_1_835_378_0.772.png,8
132_1_835_378_0.772.png,6
132_1_835_378_0.772.png,4
132_1_835_378_0.772.png,9
132_1_835_378_0.772.png,17
132_1_835_378_0.772.png,22
132_1_835_378_0.772.png,23
132_1_835_378_0.772.png,22
132_1_835_378_0.772.png,21
132_1_835_378_0.772.png,12
132_1_835_378_0.772.png,19
132_1_835_378_0.772.png,1
132_1_835_378_0.772.png,4
132_1_835_378_0.772.png,2
132_1_835_378_0.772.png,5
132_1_835_378_0.772.png,17
132_1_835_378_0.772.png,11
132_1_835_378_0.772.png,20
132_1_835_378_0.772.png,10
132_1_835_378_0.772.png,16
132_1_835_378_0.772.png,2
132_1_835_378_0.772.png,23
132_1_835_378_0.772.png,3
132_1_835_378_0.772.png,19
132_1_835_378_0.772.png,6
132_1_835_378_0.772.png,1
132_1_835_378_0.772.png,7
21_3_296_213_0.812.png,11
21_3_296_213_0.812.png,16
21_3_296_213_0.812.png,10
21_3_296_213_0.812.png,2
21_3_296_213_0.812.png,13
21_3_296_213_0.812.png,2
21_3_296_213_0.812.png,9
21_3_296_213_0.812.png,17
21_3_296_213_0.812.png,15
21_3_296_213_0.812.png,18
21_3_296_213_0.812.png,15
21_3_296_213_0.812.png,22
21_3_296_213_0.812.png,19
21_3_296_213_0.812.png,12
21_3_296_213_0.812.png,8
21_3_296_213_0.812.png,21
21_3_296_213_0.812.png,7
21_3_296_213_0.812.png,5
21_3_296_213_0.812.png,20
21_3_296_213_0.812.png,6
21_3_296_213_0.812.png,7
21_3_296_213_0.812.png,1
21_3_296_213_0.812.png,19
21_3_296_213_0.812.png,9
21_3_296_213_0.812.png,1
21_3_296_213_0.812.png,4
21_3_296_213_0.812.png,24
21_3_296_213_0.812.png,12
21_3_296_213_0.812.png,11
21_3_296_213_0.812.png,3
21_3_296_213_0.812.png,5
21_3_296_213_0.812.png,8
21_3_296_213_0.812.png,16
21_3_296_213_0.812.png,14
21_3_296_213_0.812.png,10
21_3_296_213_0.812.png,4
21_3_296_213_0.812.png,23
21_3_296_213_0.812.png,14
21_3_296_213_0.812.png,13
21_3_296_213_0.812.png,22
21_3_296_213_0.812.png,20
21_3_296_213_0.812.png,3
21_3_296_213_0.812.png,6
21_3_296_213_0.812.png,18
21_3_296_213_0.812.png,21
21_3_296_213_0.812.png,17
84_4_443_312_0.842.png,10
84_4_443_312_0.842.png,13
84_4_443_312_0.842.png,23
84_4_443_312_0.842.png,8
84_4_443_312_0.842.png,5
84_4_443_312_0.842.png,10
84_4_443_312_0.842.png,4
84_4_443_312_0.842.png,19
84_4_443_312_0.842.png,1
84_4_443_312_0.842.png,13
84_4_443_312_0.842.png,15
84_4_443_312_0.842.png,4
84_4_443_312_0.842.png,21
84_4_443_312_0.842.png,6
84_4_443_312_0.842.png,17
84_4_443_312_0.842.png,18
84_4_443_312_0.842.png,19
84_4_443_312_0.842.png,12
84_4_443_312_0.842.png,12
84_4_443_312_0.842.png,15
84_4_443_312_0.842.png,1
84_4_443_312_0.842.png,7
84_4_443_312_0.842.png,16
84_4_443_312_0.842.png,11
84_4_443_312_0.842.png,5
84_4_443_312_0.842.png,3
84_4_443_312_0.842.png,8
84_4_443_312_0.842.png,2
84_4_443_312_0.842.png,20
84_4_443_312_0.842.png,16
84_4_443_312_0.842.png,17
84_4_443_312_0.842.png,20
84_4_443_312_0.842.png,3
84_4_443_312_0.842.png,14
84_4_443_312_0.842.png,14
84_4_443_312_0.842.png,22
84_4_443_312_0.842.png,9
84_4_443_312_0.842.png,9
84_4_443_312_0.842.png,6
84_4_443_312_0.842.png,21
84_4_443_312_0.842.png,7
84_4_443_312_0.842.png,22
84_4_443_312_0.842.png,2
84_4_443_312_0.842.png,18
84_4_443_312_0.842.png,11
84_4_443_312_0.842.png,24
103_1_394_345_0.898.png,4
103_1_394_345_0.898.png,6
103_1_394_345_0.898.png,15
103_1_394_345_0.898.png,13
103_1_394_345_0.898.png,4
103_1_394_345_0.898.png,10
103_1_394_345_0.898.png,22
103_1_394_345_0.898.png,8
103_1_394_345_0.898.png,12
103_1_394_345_0.898.png,23
103_1_394_345_0.898.png,20
103_1_394_345_0.898.png,6
103_1_394_345_0.898.png,10
103_1_394_345_0.898.png,1
103_1_394_345_0.898.png,12
103_1_394_345_0.898.png,18
103_1_394_345_0.898.png,15
103_1_394_345_0.898.png,19
103_1_394_345_0.898.png,7
103_1_394_345_0.898.png,20
103_1_394_345_0.898.png,16
103_1_394_345_0.898.png,2
103_1_394_345_0.898.png,8
103_1_394_345_0.898.png,22
103_1_394_345_0.898.png,14
103_1_394_345_0.898.png,9
103_1_394_345_0.898.png,13
103_1_394_345_0.898.png,19
103_1_394_345_0.898.png,3
103_1_394_345_0.898.png,17
103_1_394_345_0.898.png,3
103_1_394_345_0.898.png,11
103_1_394_345_0.898.png,2
103_1_394_345_0.898.png,14
103_1_394_345_0.898.png,9
103_1_394_345_0.898.png,18
103_1_394_345_0.898.png,1
103_1_394_345_0.898.png,5
103_1_394_345_0.898.png,21
103_1_394_345_0.898.png,11
103_1_394_345_0.898.png,16
103_1_394_345_0.898.png,17
103_1_394_345_0.898.png,5
103_1_394_345_0.898.png,7
103_1_394_345_0.898.png,21
138_3_1129_378_0.872.png,12
138_3_1129_378_0.872.png,19
138_3_1129_378_0.872.png,6
138_3_1129_378_0.872.png,4
138_3_1129_378_0.872.png,5
138_3_1129_378_0.872.png,1
138_3_1129_378_0.872.png,21
138_3_1129_378_0.872.png,17
138_3_1129_378_0.872.png,14
138_3_1129_378_0.872.png,23
138_3_1129_378_0.872.png,21
138_3_1129_378_0.872.png,22
138_3_1129_378_0.872.png,14
138_3_1129_378_0.872.png,7
138_3_1129_378_0.872.png,23
138_3_1129_378_0.872.png,13
138_3_1129_378_0.872.png,18
138_3_1129_378_0.872.png,15
138_3_1129_378_0.872.png,9
138_3_1129_378_0.872.png,19
138_3_1129_378_0.872.png,9
138_3_1129_378_0.872.png,17
138_3_1129_378_0.872.png,22
138_3_1129_378_0.872.png,15
138_3_1129_378_0.872.png,16
138_3_1129_378_0.872.png,20
138_3_1129_378_0.872.png,11
138_3_1129_378_0.872.png,11
138_3_1129_378_0.872.png,3
138_3_1129_378_0.872.png,13
138_3_1129_378_0.872.png,7
138_3_1129_378_0.872.png,4
138_3_1129_378_0.872.png,1
138_3_1129_378_0.872.png,6
138_3_1129_378_0.872.png,16
138_3_1129_378_0.872.png,18
138_3_1129_378_0.872.png,8
138_3_1129_378_0.872.png,2
138_3_1129_378_0.872.png,12
138_3_1129_378_0.872.png,10
138_3_1129_378_0.872.png,10
138_3_1129_378_0.872.png,3
138_3_1129_378_0.872.png,2
138_3_1129_378_0.872.png,8
89_6_688_312_0.739.png,9
89_6_688_312_0.739.png,8
89_6_688_312_0.739.png,4
89_6_688_312_0.739.png,22
89_6_688_312_0.739.png,15
89_6_688_312_0.739.png,14
89_6_688_312_0.739.png,3
89_6_688_312_0.739.png,6
89_6_688_312_0.739.png,24
89_6_688_312_0.739.png,15
89_6_688_312_0.739.png,1
89_6_688_312_0.739.png,6
89_6_688_312_0.739.png,4
89_6_688_312_0.739.png,20
89_6_688_312_0.739.png,22
89_6_688_312_0.739.png,18
89_6_688_312_0.739.png,12
89_6_688_312_0.739.png,12
89_6_688_312_0.739.png,20
89_6_688_312_0.739.png,9
89_6_688_312_0.739.png,8
89_6_688_312_0.739.png,13
89_6_688_312_0.739.png,21
89_6_688_312_0.739.png,2
89_6_688_312_0.739.png,19
89_6_688_312_0.739.png,7
89_6_688_312_0.739.png,5
89_6_688_312_0.739.png,10
89_6_688_312_0.739.png,18
89_6_688_312_0.739.png,13
89_6_688_312_0.739.png,7
89_6_688_312_0.739.png,11
89_6_688_312_0.739.png,1
89_6_688_312_0.739.png,17
89_6_688_312_0.739.png,2
89_6_688_312_0.739.png,10
89_6_688_312_0.739.png,19
89_6_688_312_0.739.png,16
89_6_688_312_0.739.png,3
89_6_688_312_0.739.png,11
89_6_688_312_0.739.png,23
82_2_345_312_0.857.png,14
82_2_345_312_0.857.png,19
82_2_345_312_0.857.png,2
82_2_345_312_0.857.png,18
82_2_345_312_0.857.png,13
82_2_345_312_0.857.png,16
82_2_345_312_0.857.png,17
82_2_345_312_0.857.png,9
82_2_345_312_0.857.png,13
82_2_345_312_0.857.png,15
82_2_345_312_0.857.png,3
82_2_345_312_0.857.png,6
82_2_345_312_0.857.png,11
82_2_345_312_0.857.png,20
82_2_345_312_0.857.png,14
82_2_345_312_0.857.png,1
82_2_345_312_0.857.png,5
82_2_345_312_0.857.png,7
82_2_345_312_0.857.png,16
82_2_345_312_0.857.png,19
82_2_345_312_0.857.png,7
82_2_345_312_0.857.png,4
82_2_345_312_0.857.png,12
82_2_345_312_0.857.png,8
82_2_345_312_0.857.png,1
82_2_345_312_0.857.png,2
82_2_345_312_0.857.png,20
82_2_345_312_0.857.png,15
82_2_345_312_0.857.png,11
82_2_345_312_0.857.png,10
82_2_345_312_0.857.png,3
82_2_345_312_0.857.png,10
82_2_345_312_0.857.png,4
82_2_345_312_0.857.png,6
82_2_345_312_0.857.png,18
82_2_345_312_0.857.png,8
82_2_345_312_0.857.png,5
82_2_345_312_0.857.png,22
82_2_345_312_0.857.png,9
82_2_345_312_0.857.png,24
82_2_345_312_0.857.png,17
82_2_345_312_0.857.png,23
82_2_345_312_0.857.png,21
82_2_345_312_0.857.png,22
82_2_345_312_0.857.png,21
82_2_345_312_0.857.png,12
230_4_737_543_0.528.png,3
230_4_737_543_0.528.png,14
230_4_737_543_0.528.png,18
230_4_737_543_0.528.png,24
230_4_737_543_0.528.png,19
230_4_737_543_0.528.png,3
230_4_737_543_0.528.png,11
230_4_737_543_0.528.png,14
230_4_737_543_0.528.png,20
230_4_737_543_0.528.png,13
230_4_737_543_0.528.png,13
230_4_737_543_0.528.png,12
230_4_737_543_0.528.png,2
230_4_737_543_0.528.png,15
230_4_737_543_0.528.png,7
230_4_737_543_0.528.png,9
230_4_737_543_0.528.png,4
230_4_737_543_0.528.png,7
230_4_737_543_0.528.png,6
230_4_737_543_0.528.png,12
230_4_737_543_0.528.png,10
230_4_737_543_0.528.png,9
230_4_737_543_0.528.png,1
230_4_737_543_0.528.png,10
230_4_737_543_0.528.png,16
230_4_737_543_0.528.png,23
230_4_737_543_0.528.png,21
230_4_737_543_0.528.png,5
230_4_737_543_0.528.png,2
230_4_737_543_0.528.png,6
230_4_737_543_0.528.png,4
230_4_737_543_0.528.png,11
230_4_737_543_0.528.png,5
230_4_737_543_0.528.png,15
230_4_737_543_0.528.png,22
230_4_737_543_0.528.png,17
230_4_737_543_0.528.png,16
230_4_737_543_0.528.png,20
230_4_737_543_0.528.png,17
230_4_737_543_0.528.png,1
230_4_737_543_0.528.png,8
230_4_737_543_0.528.png,21
230_4_737_543_0.528.png,8
230_4_737_543_0.528.png,18
230_4_737_543_0.528.png,22
2_2_345_180_0.466.png,14
2_2_345_180_0.466.png,14
2_2_345_180_0.466.png,11
2_2_345_180_0.466.png,9
2_2_345_180_0.466.png,18
2_2_345_180_0.466.png,4
2_2_345_180_0.466.png,8
2_2_345_180_0.466.png,12
2_2_345_180_0.466.png,5
2_2_345_180_0.466.png,1
2_2_345_180_0.466.png,16
2_2_345_180_0.466.png,20
2_2_345_180_0.466.png,16
2_2_345_180_0.466.png,19
2_2_345_180_0.466.png,6
2_2_345_180_0.466.png,8
2_2_345_180_0.466.png,2
2_2_345_180_0.466.png,19
2_2_345_180_0.466.png,23
2_2_345_180_0.466.png,20
2_2_345_180_0.466.png,15
2_2_345_180_0.466.png,3
2_2_345_180_0.466.png,18
2_2_345_180_0.466.png,21
2_2_345_180_0.466.png,21
2_2_345_180_0.466.png,17
2_2_345_180_0.466.png,12
2_2_345_180_0.466.png,6
2_2_345_180_0.466.png,17
2_2_345_180_0.466.png,7
2_2_345_180_0.466.png,9
2_2_345_180_0.466.png,4
2_2_345_180_0.466.png,5
2_2_345_180_0.466.png,23
2_2_345_180_0.466.png,10
2_2_345_180_0.466.png,10
2_2_345_180_0.466.png,1
2_2_345_180_0.466.png,3
2_2_345_180_0.466.png,2
2_2_345_180_0.466.png,11
2_2_345_180_0.466.png,22
2_2_345_180_0.466.png,7
2_2_345_180_0.466.png,13
2_2_345_180_0.466.png,13
2_2_345_180_0.466.png,15
2_2_345_180_0.466.png,22
223_3_394_543_0.894.png,4
223_3_394_543_0.894.png,7
223_3_394_543_0.894.png,2
223_3_394_543_0.894.png,7
223_3_394_543_0.894.png,21
223_3_394_543_0.894.png,19
223_3_394_543_0.894.png,22
223_3_394_543_0.894.png,9
223_3_394_543_0.894.png,1
223_3_394_543_0.894.png,15
223_3_394_543_0.894.png,11
223_3_394_543_0.894.png,19
223_3_394_543_0.894.png,4
223_3_394_543_0.894.png,10
223_3_394_543_0.894.png,8
223_3_394_543_0.894.png,10
223_3_394_543_0.894.png,11
223_3_394_543_0.894.png,15
223_3_394_543_0.894.png,17
223_3_394_543_0.894.png,22
223_3_394_543_0.894.png,3
223_3_394_543_0.894.png,5
223_3_394_543_0.894.png,16
223_3_394_543_0.894.png,12
223_3_394_543_0.894.png,24
223_3_394_543_0.894.png,14
223_3_394_543_0.894.png,9
223_3_394_543_0.894.png,6
223_3_394_543_0.894.png,2
223_3_394_543_0.894.png,13
223_3_394_543_0.894.png,20
223_3_394_543_0.894.png,20
223_3_394_543_0.894.png,6
223_3_394_543_0.894.png,23
223_3_394_543_0.894.png,21
223_3_394_543_0.894.png,14
223_3_394_543_0.894.png,1
223_3_394_543_0.894.png,13
223_3_394_543_0.894.png,16
223_3_394_543_0.894.png,5
223_3_394_543_0.894.png,17
223_3_394_543_0.894.png,18
223_3_394_543_0.894.png,12
223_3_394_543_0.894.png,8
223_3_394_543_0.894.png,18
223_3_394_543_0.894.png,3
221_3_296_543_0.809.png,20
221_3_296_543_0.809.png,9
221_3_296_543_0.809.png,15
221_3_296_543_0.809.png,15
221_3_296_543_0.809.png,22
221_3_296_543_0.809.png,6
221_3_296_543_0.809.png,14
221_3_296_543_0.809.png,2
221_3_296_543_0.809.png,5
221_3_296_543_0.809.png,23
221_3_296_543_0.809.png,16
221_3_296_543_0.809.png,9
221_3_296_543_0.809.png,1
221_3_296_543_0.809.png,12
221_3_296_543_0.809.png,10
221_3_296_543_0.809.png,4
221_3_296_543_0.809.png,4
221_3_296_543_0.809.png,13
221_3_296_543_0.809.png,19
221_3_296_543_0.809.png,12
221_3_296_543_0.809.png,20
221_3_296_543_0.809.png,17
221_3_296_543_0.809.png,17
221_3_296_543_0.809.png,21
221_3_296_543_0.809.png,21
221_3_296_543_0.809.png,13
221_3_296_543_0.809.png,22
221_3_296_543_0.809.png,16
221_3_296_543_0.809.png,19
221_3_296_543_0.809.png,5
221_3_296_543_0.809.png,2
221_3_296_543_0.809.png,10
221_3_296_543_0.809.png,8
221_3_296_543_0.809.png,18
221_3_296_543_0.809.png,1
221_3_296_543_0.809.png,3
221_3_296_543_0.809.png,14
221_3_296_543_0.809.png,7
221_3_296_543_0.809.png,8
221_3_296_543_0.809.png,6
221_3_296_543_0.809.png,11
221_3_296_543_0.809.png,18
221_3_296_543_0.809.png,7
221_3_296_543_0.809.png,24
221_3_296_543_0.809.png,3
221_3_296_543_0.809.png,11
223_3_394_543_0.794.png,22
223_3_394_543_0.794.png,21
223_3_394_543_0.794.png,12
223_3_394_543_0.794.png,11
223_3_394_543_0.794.png,1
223_3_394_543_0.794.png,17
223_3_394_543_0.794.png,16
223_3_394_543_0.794.png,18
223_3_394_543_0.794.png,5
223_3_394_543_0.794.png,19
223_3_394_543_0.794.png,20
223_3_394_543_0.794.png,4
223_3_394_543_0.794.png,9
223_3_394_543_0.794.png,6
223_3_394_543_0.794.png,1
223_3_394_543_0.794.png,16
223_3_394_543_0.794.png,3
223_3_394_543_0.794.png,13
223_3_394_543_0.794.png,10
223_3_394_543_0.794.png,13
223_3_394_543_0.794.png,8
223_3_394_543_0.794.png,8
223_3_394_543_0.794.png,11
223_3_394_543_0.794.png,20
223_3_394_543_0.794.png,7
223_3_394_543_0.794.png,24
223_3_394_543_0.794.png,3
223_3_394_543_0.794.png,14
223_3_394_543_0.794.png,22
223_3_394_543_0.794.png,6
223_3_394_543_0.794.png,12
223_3_394_543_0.794.png,2
223_3_394_543_0.794.png,15
223_3_394_543_0.794.png,14
223_3_394_543_0.794.png,23
223_3_394_543_0.794.png,10
223_3_394_543_0.794.png,2
223_3_394_543_0.794.png,5
223_3_394_543_0.794.png,15
223_3_394_543_0.794.png,9
223_3_394_543_0.794.png,19
42_5_345_246_0.807.png,11
42_5_345_246_0.807.png,14
42_5_345_246_0.807.png,18
42_5_345_246_0.807.png,21
42_5_345_246_0.807.png,5
42_5_345_246_0.807.png,16
42_5_345_246_0.807.png,3
42_5_345_246_0.807.png,12
42_5_345_246_0.807.png,7
42_5_345_246_0.807.png,17
42_5_345_246_0.807.png,8
42_5_345_246_0.807.png,11
42_5_345_246_0.807.png,22
42_5_345_246_0.807.png,16
42_5_345_246_0.807.png,10
42_5_345_246_0.807.png,22
42_5_345_246_0.807.png,20
42_5_345_246_0.807.png,17
42_5_345_246_0.807.png,1
42_5_345_246_0.807.png,14
42_5_345_246_0.807.png,13
42_5_345_246_0.807.png,6
42_5_345_246_0.807.png,6
42_5_345_246_0.807.png,9
42_5_345_246_0.807.png,9
42_5_345_246_0.807.png,20
42_5_345_246_0.807.png,18
42_5_345_246_0.807.png,12
42_5_345_246_0.807.png,19
42_5_345_246_0.807.png,24
42_5_345_246_0.807.png,2
42_5_345_246_0.807.png,1
42_5_345_246_0.807.png,23
42_5_345_246_0.807.png,7
42_5_345_246_0.807.png,4
42_5_345_246_0.807.png,15
42_5_345_246_0.807.png,10
42_5_345_246_0.807.png,19
42_5_345_246_0.807.png,5
42_5_345_246_0.807.png,2
42_5_345_246_0.807.png,3
42_5_345_246_0.807.png,8
42_5_345_246_0.807.png,4
42_5_345_246_0.807.png,15
43_5_394_246_0.463.png,1
43_5_394_246_0.463.png,20
43_5_394_246_0.463.png,8
43_5_394_246_0.463.png,5
43_5_394_246_0.463.png,6
43_5_394_246_0.463.png,19
43_5_394_246_0.463.png,19
43_5_394_246_0.463.png,8
43_5_394_246_0.463.png,5
43_5_394_246_0.463.png,21
43_5_394_246_0.463.png,9
43_5_394_246_0.463.png,18
43_5_394_246_0.463.png,24
43_5_394_246_0.463.png,13
43_5_394_246_0.463.png,15
43_5_394_246_0.463.png,22
43_5_394_246_0.463.png,2
43_5_394_246_0.463.png,9
43_5_394_246_0.463.png,16
43_5_394_246_0.463.png,7
43_5_394_246_0.463.png,23
43_5_394_246_0.463.png,3
43_5_394_246_0.463.png,4
43_5_394_246_0.463.png,2
43_5_394_246_0.463.png,18
43_5_394_246_0.463.png,15
43_5_394_246_0.463.png,11
43_5_394_246_0.463.png,17
43_5_394_246_0.463.png,12
43_5_394_246_0.463.png,17
43_5_394_246_0.463.png,3
43_5_394_246_0.463.png,11
43_5_394_246_0.463.png,10
43_5_394_246_0.463.png,14
43_5_394_246_0.463.png,4
43_5_394_246_0.463.png,16
43_5_394_246_0.463.png,1
43_5_394_246_0.463.png,7
43_5_394_246_0.463.png,14
43_5_394_246_0.463.png,10
43_5_394_246_0.463.png,12
43_5_394_246_0.463.png,6
43_5_394_246_0.463.png,13
43_5_394_246_0.463.png,22
43_5_394_246_0.463.png,21
43_5_394_246_0.463.png,20
118_3_1129_345_0.461.png,12
118_3_1129_345_0.461.png,18
118_3_1129_345_0.461.png,17
118_3_1129_345_0.461.png,22
118_3_1129_345_0.461.png,13
118_3_1129_345_0.461.png,5
118_3_1129_345_0.461.png,2
118_3_1129_345_0.461.png,20
118_3_1129_345_0.461.png,2
118_3_1129_345_0.461.png,10
118_3_1129_345_0.461.png,6
118_3_1129_345_0.461.png,18
118_3_1129_345_0.461.png,4
118_3_1129_345_0.461.png,11
118_3_1129_345_0.461.png,14
118_3_1129_345_0.461.png,21
118_3_1129_345_0.461.png,3
118_3_1129_345_0.461.png,11
118_3_1129_345_0.461.png,1
118_3_1129_345_0.461.png,23
118_3_1129_345_0.461.png,8
118_3_1129_345_0.461.png,10
118_3_1129_345_0.461.png,6
118_3_1129_345_0.461.png,24
118_3_1129_345_0.461.png,12
118_3_1129_345_0.461.png,7
118_3_1129_345_0.461.png,8
118_3_1129_345_0.461.png,3
118_3_1129_345_0.461.png,19
118_3_1129_345_0.461.png,9
118_3_1129_345_0.461.png,4
118_3_1129_345_0.461.png,16
118_3_1129_345_0.461.png,9
118_3_1129_345_0.461.png,1
118_3_1129_345_0.461.png,22
118_3_1129_345_0.461.png,14
118_3_1129_345_0.461.png,15
118_3_1129_345_0.461.png,15
118_3_1129_345_0.461.png,13
118_3_1129_345_0.461.png,19
118_3_1129_345_0.461.png,16
118_3_1129_345_0.461.png,17
118_3_1129_345_0.461.png,21
118_3_1129_345_0.461.png,20
176_1_1031_444_0.611.png,20
176_1_1031_444_0.611.png,3
176_1_1031_444_0.611.png,12
176_1_1031_444_0.611.png,16
176_1_1031_444_0.611.png,1
176_1_1031_444_0.611.png,13
176_1_1031_444_0.611.png,12
176_1_1031_444_0.611.png,4
176_1_1031_444_0.611.png,3
176_1_1031_444_0.611.png,4
176_1_1031_444_0.611.png,10
176_1_1031_444_0.611.png,9
176_1_1031_444_0.611.png,5
176_1_1031_444_0.611.png,15
176_1_1031_444_0.611.png,10
176_1_1031_444_0.611.png,22
176_1_1031_444_0.611.png,15
176_1_1031_444_0.611.png,13
176_1_1031_444_0.611.png,11
176_1_1031_444_0.611.png,7
176_1_1031_444_0.611.png,5
176_1_1031_444_0.611.png,16
176_1_1031_444_0.611.png,8
176_1_1031_444_0.611.png,11
176_1_1031_444_0.611.png,9
176_1_1031_444_0.611.png,20
176_1_1031_444_0.611.png,23
176_1_1031_444_0.611.png,14
176_1_1031_444_0.611.png,6
176_1_1031_444_0.611.png,7
176_1_1031_444_0.611.png,2
176_1_1031_444_0.611.png,2
176_1_1031_444_0.611.png,6
176_1_1031_444_0.611.png,22
176_1_1031_444_0.611.png,17
176_1_1031_444_0.611.png,24
176_1_1031_444_0.611.png,14
176_1_1031_444_0.611.png,19
176_1_1031_444_0.611.png,1
187_3_590_477_0.823.png,16
187_3_590_477_0.823.png,21
187_3_590_477_0.823.png,3
187_3_590_477_0.823.png,7
187_3_590_477_0.823.png,3
187_3_590_477_0.823.png,22
187_3_590_477_0.823.png,4
187_3_590_477_0.823.png,6
187_3_590_477_0.823.png,1
187_3_590_477_0.823.png,8
187_3_590_477_0.823.png,11
187_3_590_477_0.823.png,19
187_3_590_477_0.823.png,15
187_3_590_477_0.823.png,24
187_3_590_477_0.823.png,14
187_3_590_477_0.823.png,10
187_3_590_477_0.823.png,17
187_3_590_477_0.823.png,7
187_3_590_477_0.823.png,18
187_3_590_477_0.823.png,14
187_3_590_477_0.823.png,13
187_3_590_477_0.823.png,20
187_3_590_477_0.823.png,9
187_3_590_477_0.823.png,4
187_3_590_477_0.823.png,17
187_3_590_477_0.823.png,11
187_3_590_477_0.823.png,12
187_3_590_477_0.823.png,23
187_3_590_477_0.823.png,5
187_3_590_477_0.823.png,15
187_3_590_477_0.823.png,20
187_3_590_477_0.823.png,8
187_3_590_477_0.823.png,13
187_3_590_477_0.823.png,21
187_3_590_477_0.823.png,9
187_3_590_477_0.823.png,2
187_3_590_477_0.823.png,16
187_3_590_477_0.823.png,6
187_3_590_477_0.823.png,10
187_3_590_477_0.823.png,5
187_3_590_477_0.823.png,12
187_3_590_477_0.823.png,18
187_3_590_477_0.823.png,1
248_2_639_576_0.522.png,21
248_2_639_576_0.522.png,3
248_2_639_576_0.522.png,23
248_2_639_576_0.522.png,20
248_2_639_576_0.522.png,15
248_2_639_576_0.522.png,6
248_2_639_576_0.522.png,14
248_2_639_576_0.522.png,10
248_2_639_576_0.522.png,19
248_2_639_576_0.522.png,11
248_2_639_576_0.522.png,22
248_2_639_576_0.522.png,5
248_2_639_576_0.522.png,1
248_2_639_576_0.522.png,19
248_2_639_576_0.522.png,18
248_2_639_576_0.522.png,16
248_2_639_576_0.522.png,17
248_2_639_576_0.522.png,4
248_2_639_576_0.522.png,2
248_2_639_576_0.522.png,16
248_2_639_576_0.522.png,22
248_2_639_576_0.522.png,1
248_2_639_576_0.522.png,2
248_2_639_576_0.522.png,7
248_2_639_576_0.522.png,17
248_2_639_576_0.522.png,9
248_2_639_576_0.522.png,4
248_2_639_576_0.522.png,12
248_2_639_576_0.522.png,15
248_2_639_576_0.522.png,10
248_2_639_576_0.522.png,13
248_2_639_576_0.522.png,21
248_2_639_576_0.522.png,8
248_2_639_576_0.522.png,9
248_2_639_576_0.522.png,14
248_2_639_576_0.522.png,7
248_2_639_576_0.522.png,23
248_2_639_576_0.522.png,20
248_2_639_576_0.522.png,8
248_2_639_576_0.522.png,11
248_2_639_576_0.522.png,3
248_2_639_576_0.522.png,6
248_2_639_576_0.522.png,13
248_2_639_576_0.522.png,5
248_2_639_576_0.522.png,18
248_2_639_576_0.522.png,12
235_1_982_543_0.576.png,12
235_1_982_543_0.576.png,9
235_1_982_543_0.576.png,6
235_1_982_543_0.576.png,23
235_1_982_543_0.576.png,4
235_1_982_543_0.576.png,7
235_1_982_543_0.576.png,6
235_1_982_543_0.576.png,8
235_1_982_543_0.576.png,16
235_1_982_543_0.576.png,2
235_1_982_543_0.576.png,1
235_1_982_543_0.576.png,20
235_1_982_543_0.576.png,22
235_1_982_543_0.576.png,3
235_1_982_543_0.576.png,15
235_1_982_543_0.576.png,8
235_1_982_543_0.576.png,20
235_1_982_543_0.576.png,17
235_1_982_543_0.576.png,11
235_1_982_543_0.576.png,22
235_1_982_543_0.576.png,12
235_1_982_543_0.576.png,23
235_1_982_543_0.576.png,2
235_1_982_543_0.576.png,1
235_1_982_543_0.576.png,9
235_1_982_543_0.576.png,14
235_1_982_543_0.576.png,3
235_1_982_543_0.576.png,19
235_1_982_543_0.576.png,10
235_1_982_543_0.576.png,13
235_1_982_543_0.576.png,13
235_1_982_543_0.576.png,7
235_1_982_543_0.576.png,11
235_1_982_543_0.576.png,19
235_1_982_543_0.576.png,4
235_1_982_543_0.576.png,17
235_1_982_543_0.576.png,5
235_1_982_543_0.576.png,5
235_1_982_543_0.576.png,14
235_1_982_543_0.576.png,18
235_1_982_543_0.576.png,21
235_1_982_543_0.576.png,10
235_1_982_543_0.576.png,18
235_1_982_543_0.576.png,15
235_1_982_543_0.576.png,16
235_1_982_543_0.576.png,21
178_1_1129_444_0.783.png,3
178_1_1129_444_0.783.png,4
178_1_1129_444_0.783.png,23
178_1_1129_444_0.783.png,16
178_1_1129_444_0.783.png,8
178_1_1129_444_0.783.png,21
178_1_1129_444_0.783.png,2
178_1_1129_444_0.783.png,3
178_1_1129_444_0.783.png,13
178_1_1129_444_0.783.png,19
178_1_1129_444_0.783.png,22
178_1_1129_444_0.783.png,21
178_1_1129_444_0.783.png,13
178_1_1129_444_0.783.png,22
178_1_1129_444_0.783.png,17
178_1_1129_444_0.783.png,12
178_1_1129_444_0.783.png,14
178_1_1129_444_0.783.png,18
178_1_1129_444_0.783.png,11
178_1_1129_444_0.783.png,10
178_1_1129_444_0.783.png,6
178_1_1129_444_0.783.png,1
178_1_1129_444_0.783.png,10
178_1_1129_444_0.783.png,14
178_1_1129_444_0.783.png,15
178_1_1129_444_0.783.png,19
178_1_1129_444_0.783.png,7
178_1_1129_444_0.783.png,20
178_1_1129_444_0.783.png,12
178_1_1129_444_0.783.png,17
178_1_1129_444_0.783.png,5
178_1_1129_444_0.783.png,18
178_1_1129_444_0.783.png,8
178_1_1129_444_0.783.png,5
178_1_1129_444_0.783.png,9
178_1_1129_444_0.783.png,23
178_1_1129_444_0.783.png,16
178_1_1129_444_0.783.png,15
178_1_1129_444_0.783.png,2
178_1_1129_444_0.783.png,20
178_1_1129_444_0.783.png,11
178_1_1129_444_0.783.png,9
178_1_1129_444_0.783.png,6
178_1_1129_444_0.783.png,1
178_1_1129_444_0.783.png,4
178_1_1129_444_0.783.png,7
194_5_933_477_0.821.png,8
194_5_933_477_0.821.png,22
194_5_933_477_0.821.png,3
194_5_933_477_0.821.png,4
194_5_933_477_0.821.png,17
194_5_933_477_0.821.png,23
194_5_933_477_0.821.png,16
194_5_933_477_0.821.png,22
194_5_933_477_0.821.png,17
194_5_933_477_0.821.png,13
194_5_933_477_0.821.png,3
194_5_933_477_0.821.png,15
194_5_933_477_0.821.png,10
194_5_933_477_0.821.png,1
194_5_933_477_0.821.png,11
194_5_933_477_0.821.png,9
194_5_933_477_0.821.png,12
194_5_933_477_0.821.png,14
194_5_933_477_0.821.png,11
194_5_933_477_0.821.png,7
194_5_933_477_0.821.png,8
194_5_933_477_0.821.png,18
194_5_933_477_0.821.png,18
194_5_933_477_0.821.png,20
194_5_933_477_0.821.png,1
194_5_933_477_0.821.png,21
194_5_933_477_0.821.png,19
194_5_933_477_0.821.png,16
194_5_933_477_0.821.png,10
194_5_933_477_0.821.png,2
194_5_933_477_0.821.png,12
194_5_933_477_0.821.png,15
194_5_933_477_0.821.png,21
194_5_933_477_0.821.png,7
194_5_933_477_0.821.png,24
194_5_933_477_0.821.png,6
194_5_933_477_0.821.png,20
194_5_933_477_0.821.png,6
194_5_933_477_0.821.png,4
194_5_933_477_0.821.png,9
194_5_933_477_0.821.png,14
194_5_933_477_0.821.png,13
194_5_933_477_0.821.png,2
194_5_933_477_0.821.png,5
208_5_639_510_0.797.png,13
208_5_639_510_0.797.png,15
208_5_639_510_0.797.png,19
208_5_639_510_0.797.png,9
208_5_639_510_0.797.png,2
208_5_639_510_0.797.png,10
208_5_639_510_0.797.png,23
208_5_639_510_0.797.png,4
208_5_639_510_0.797.png,11
208_5_639_510_0.797.png,1
208_5_639_510_0.797.png,19
208_5_639_510_0.797.png,4
208_5_639_510_0.797.png,16
208_5_639_510_0.797.png,4
208_5_639_510_0.797.png,6
208_5_639_510_0.797.png,9
208_5_639_510_0.797.png,16
208_5_639_510_0.797.png,22
208_5_639_510_0.797.png,22
208_5_639_510_0.797.png,21
208_5_639_510_0.797.png,12
208_5_639_510_0.797.png,10
208_5_639_510_0.797.png,5
208_5_639_510_0.797.png,14
208_5_639_510_0.797.png,15
208_5_639_510_0.797.png,20
208_5_639_510_0.797.png,23
208_5_639_510_0.797.png,11
208_5_639_510_0.797.png,19
208_5_639_510_0.797.png,12
208_5_639_510_0.797.png,20
208_5_639_510_0.797.png,2
208_5_639_510_0.797.png,5
208_5_639_510_0.797.png,6
208_5_639_510_0.797.png,14
208_5_639_510_0.797.png,18
208_5_639_510_0.797.png,15
208_5_639_510_0.797.png,18
208_5_639_510_0.797.png,21
208_5_639_510_0.797.png,13
208_5_639_510_0.797.png,1
208_5_639_510_0.797.png,3
208_5_639_510_0.797.png,2
208_5_639_510_0.797.png,18
208_5_639_510_0.797.png,8
208_5_639_510_0.797.png,9
208_5_639_510_0.797.png,3
208_5_639_510_0.797.png,7
208_5_639_510_0.797.png,23
208_5_639_510_0.797.png,8
208_5_639_510_0.797.png,13
208_5_639_510_0.797.png,7
208_5_639_510_0.797.png,1
208_5_639_510_0.797.png,10
118_3_1129_345_0.709.png,6
118_3_1129_345_0.709.png,4
118_3_1129_345_0.709.png,21
118_3_1129_345_0.709.png,10
118_3_1129_345_0.709.png,15
118_3_1129_345_0.709.png,5
118_3_1129_345_0.709.png,2
118_3_1129_345_0.709.png,11
118_3_1129_345_0.709.png,12
118_3_1129_345_0.709.png,3
118_3_1129_345_0.709.png,22
118_3_1129_345_0.709.png,19
118_3_1129_345_0.709.png,7
118_3_1129_345_0.709.png,15
118_3_1129_345_0.709.png,18
118_3_1129_345_0.709.png,2
118_3_1129_345_0.709.png,9
118_3_1129_345_0.709.png,18
118_3_1129_345_0.709.png,20
118_3_1129_345_0.709.png,22
118_3_1129_345_0.709.png,8
118_3_1129_345_0.709.png,17
118_3_1129_345_0.709.png,24
118_3_1129_345_0.709.png,16
118_3_1129_345_0.709.png,10
118_3_1129_345_0.709.png,1
118_3_1129_345_0.709.png,13
118_3_1129_345_0.709.png,11
118_3_1129_345_0.709.png,21
118_3_1129_345_0.709.png,6
118_3_1129_345_0.709.png,4
118_3_1129_345_0.709.png,5
118_3_1129_345_0.709.png,17
118_3_1129_345_0.709.png,12
118_3_1129_345_0.709.png,14
118_3_1129_345_0.709.png,8
118_3_1129_345_0.709.png,9
118_3_1129_345_0.709.png,19
118_3_1129_345_0.709.png,20
118_3_1129_345_0.709.png,13
118_3_1129_345_0.709.png,14
118_3_1129_345_0.709.png,23
118_3_1129_345_0.709.png,3
118_3_1129_345_0.709.png,7
118_3_1129_345_0.709.png,16
118_3_1129_345_0.709.png,1
86_5_541_312_0.883.png,15
86_5_541_312_0.883.png,8
86_5_541_312_0.883.png,9
86_5_541_312_0.883.png,6
86_5_541_312_0.883.png,3
86_5_541_312_0.883.png,20
86_5_541_312_0.883.png,1
86_5_541_312_0.883.png,3
86_5_541_312_0.883.png,4
86_5_541_312_0.883.png,19
86_5_541_312_0.883.png,17
86_5_541_312_0.883.png,17
86_5_541_312_0.883.png,1
86_5_541_312_0.883.png,11
86_5_541_312_0.883.png,22
86_5_541_312_0.883.png,22
86_5_541_312_0.883.png,5
86_5_541_312_0.883.png,7
86_5_541_312_0.883.png,6
86_5_541_312_0.883.png,19
86_5_541_312_0.883.png,23
86_5_541_312_0.883.png,2
86_5_541_312_0.883.png,2
86_5_541_312_0.883.png,5
86_5_541_312_0.883.png,10
86_5_541_312_0.883.png,7
86_5_541_312_0.883.png,12
86_5_541_312_0.883.png,10
86_5_541_312_0.883.png,8
86_5_541_312_0.883.png,15
86_5_541_312_0.883.png,11
86_5_541_312_0.883.png,21
86_5_541_312_0.883.png,16
86_5_541_312_0.883.png,21
86_5_541_312_0.883.png,18
86_5_541_312_0.883.png,12
86_5_541_312_0.883.png,24
86_5_541_312_0.883.png,9
86_5_541_312_0.883.png,4
86_5_541_312_0.883.png,13
86_5_541_312_0.883.png,14
95_2_982_312_0.672.png,1
95_2_982_312_0.672.png,14
95_2_982_312_0.672.png,4
95_2_982_312_0.672.png,11
95_2_982_312_0.672.png,6
95_2_982_312_0.672.png,22
95_2_982_312_0.672.png,21
95_2_982_312_0.672.png,10
95_2_982_312_0.672.png,15
95_2_982_312_0.672.png,13
95_2_982_312_0.672.png,12
95_2_982_312_0.672.png,18
95_2_982_312_0.672.png,12
95_2_982_312_0.672.png,17
95_2_982_312_0.672.png,10
95_2_982_312_0.672.png,23
95_2_982_312_0.672.png,7
95_2_982_312_0.672.png,21
95_2_982_312_0.672.png,22
95_2_982_312_0.672.png,9
95_2_982_312_0.672.png,3
95_2_982_312_0.672.png,16
95_2_982_312_0.672.png,17
95_2_982_312_0.672.png,4
95_2_982_312_0.672.png,20
95_2_982_312_0.672.png,13
95_2_982_312_0.672.png,16
95_2_982_312_0.672.png,23
95_2_982_312_0.672.png,5
95_2_982_312_0.672.png,15
95_2_982_312_0.672.png,14
95_2_982_312_0.672.png,5
95_2_982_312_0.672.png,9
95_2_982_312_0.672.png,19
95_2_982_312_0.672.png,1
95_2_982_312_0.672.png,18
95_2_982_312_0.672.png,20
95_2_982_312_0.672.png,2
95_2_982_312_0.672.png,3
95_2_982_312_0.672.png,8
95_2_982_312_0.672.png,19
95_2_982_312_0.672.png,8
95_2_982_312_0.672.png,2
95_2_982_312_0.672.png,11
95_2_982_312_0.672.png,6
228_2_639_543_0.517.png,2
228_2_639_543_0.517.png,1
228_2_639_543_0.517.png,17
228_2_639_543_0.517.png,20
228_2_639_543_0.517.png,5
228_2_639_543_0.517.png,10
228_2_639_543_0.517.png,19
228_2_639_543_0.517.png,8
228_2_639_543_0.517.png,5
228_2_639_543_0.517.png,6
228_2_639_543_0.517.png,3
228_2_639_543_0.517.png,20
228_2_639_543_0.517.png,3
228_2_639_543_0.517.png,22
228_2_639_543_0.517.png,21
228_2_639_543_0.517.png,2
228_2_639_543_0.517.png,13
228_2_639_543_0.517.png,4
228_2_639_543_0.517.png,9
228_2_639_543_0.517.png,7
228_2_639_543_0.517.png,10
228_2_639_543_0.517.png,18
228_2_639_543_0.517.png,7
228_2_639_543_0.517.png,14
228_2_639_543_0.517.png,12
228_2_639_543_0.517.png,15
228_2_639_543_0.517.png,17
228_2_639_543_0.517.png,23
228_2_639_543_0.517.png,14
228_2_639_543_0.517.png,1
228_2_639_543_0.517.png,13
228_2_639_543_0.517.png,15
228_2_639_543_0.517.png,24
228_2_639_543_0.517.png,9
176_5_1031_444_0.579.png,16
176_5_1031_444_0.579.png,19
176_5_1031_444_0.579.png,1
176_5_1031_444_0.579.png,2
176_5_1031_444_0.579.png,9
176_5_1031_444_0.579.png,11
176_5_1031_444_0.579.png,17
176_5_1031_444_0.579.png,6
176_5_1031_444_0.579.png,6
176_5_1031_444_0.579.png,21
176_5_1031_444_0.579.png,17
176_5_1031_444_0.579.png,8
176_5_1031_444_0.579.png,10
176_5_1031_444_0.579.png,13
176_5_1031_444_0.579.png,23
176_5_1031_444_0.579.png,18
176_5_1031_444_0.579.png,14
176_5_1031_444_0.579.png,16
176_5_1031_444_0.579.png,23
176_5_1031_444_0.579.png,8
176_5_1031_444_0.579.png,15
176_5_1031_444_0.579.png,18
176_5_1031_444_0.579.png,4
176_5_1031_444_0.579.png,14
176_5_1031_444_0.579.png,7
176_5_1031_444_0.579.png,12
176_5_1031_444_0.579.png,7
176_5_1031_444_0.579.png,3
176_5_1031_444_0.579.png,12
176_5_1031_444_0.579.png,9
176_5_1031_444_0.579.png,19
176_5_1031_444_0.579.png,20
176_5_1031_444_0.579.png,11
176_5_1031_444_0.579.png,5
176_5_1031_444_0.579.png,3
176_5_1031_444_0.579.png,5
176_5_1031_444_0.579.png,22
176_5_1031_444_0.579.png,13
176_5_1031_444_0.579.png,21
176_5_1031_444_0.579.png,22
176_5_1031_444_0.579.png,1
176_5_1031_444_0.579.png,4
176_5_1031_444_0.579.png,15
176_5_1031_444_0.579.png,10
176_5_1031_444_0.579.png,20
176_5_1031_444_0.579.png,2
20_5_247_213_0.894.png,20
20_5_247_213_0.894.png,16
20_5_247_213_0.894.png,12
20_5_247_213_0.894.png,9
20_5_247_213_0.894.png,3
20_5_247_213_0.894.png,18
20_5_247_213_0.894.png,1
20_5_247_213_0.894.png,18
20_5_247_213_0.894.png,6
20_5_247_213_0.894.png,22
20_5_247_213_0.894.png,21
20_5_247_213_0.894.png,21
20_5_247_213_0.894.png,23
20_5_247_213_0.894.png,8
20_5_247_213_0.894.png,1
20_5_247_213_0.894.png,12
20_5_247_213_0.894.png,10
20_5_247_213_0.894.png,19
20_5_247_213_0.894.png,7
20_5_247_213_0.894.png,8
20_5_247_213_0.894.png,4
20_5_247_213_0.894.png,7
20_5_247_213_0.894.png,19
20_5_247_213_0.894.png,11
20_5_247_213_0.894.png,17
20_5_247_213_0.894.png,15
20_5_247_213_0.894.png,17
20_5_247_213_0.894.png,2
20_5_247_213_0.894.png,20
20_5_247_213_0.894.png,6
20_5_247_213_0.894.png,14
20_5_247_213_0.894.png,5
20_5_247_213_0.894.png,3
20_5_247_213_0.894.png,16
20_5_247_213_0.894.png,24
20_5_247_213_0.894.png,10
20_5_247_213_0.894.png,4
20_5_247_213_0.894.png,2
20_5_247_213_0.894.png,14
20_5_247_213_0.894.png,5
20_5_247_213_0.894.png,22
20_5_247_213_0.894.png,13
20_5_247_213_0.894.png,13
20_5_247_213_0.894.png,15
14_5_933_180_0.915.png,8
14_5_933_180_0.915.png,16
14_5_933_180_0.915.png,23
14_5_933_180_0.915.png,11
14_5_933_180_0.915.png,1
14_5_933_180_0.915.png,22
14_5_933_180_0.915.png,6
14_5_933_180_0.915.png,7
14_5_933_180_0.915.png,2
14_5_933_180_0.915.png,16
14_5_933_180_0.915.png,9
14_5_933_180_0.915.png,2
14_5_933_180_0.915.png,10
14_5_933_180_0.915.png,20
14_5_933_180_0.915.png,17
14_5_933_180_0.915.png,13
14_5_933_180_0.915.png,3
14_5_933_180_0.915.png,22
14_5_933_180_0.915.png,19
14_5_933_180_0.915.png,14
14_5_933_180_0.915.png,6
14_5_933_180_0.915.png,5
14_5_933_180_0.915.png,21
14_5_933_180_0.915.png,19
14_5_933_180_0.915.png,10
14_5_933_180_0.915.png,17
14_5_933_180_0.915.png,8
14_5_933_180_0.915.png,11
14_5_933_180_0.915.png,5
14_5_933_180_0.915.png,20
14_5_933_180_0.915.png,12
14_5_933_180_0.915.png,13
14_5_933_180_0.915.png,7
14_5_933_180_0.915.png,3
14_5_933_180_0.915.png,18
14_5_933_180_0.915.png,9
14_5_933_180_0.915.png,1
14_5_933_180_0.915.png,15
14_5_933_180_0.915.png,21
14_5_933_180_0.915.png,12
14_5_933_180_0.915.png,4
14_5_933_180_0.915.png,24
14_5_933_180_0.915.png,15
14_5_933_180_0.915.png,18
14_5_933_180_0.915.png,14
14_5_933_180_0.915.png,4
13_1_884_180_0.728.png,17
13_1_884_180_0.728.png,18
13_1_884_180_0.728.png,9
13_1_884_180_0.728.png,8
13_1_884_180_0.728.png,13
13_1_884_180_0.728.png,11
13_1_884_180_0.728.png,20
13_1_884_180_0.728.png,3
13_1_884_180_0.728.png,22
13_1_884_180_0.728.png,16
13_1_884_180_0.728.png,4
13_1_884_180_0.728.png,13
13_1_884_180_0.728.png,21
13_1_884_180_0.728.png,10
13_1_884_180_0.728.png,15
13_1_884_180_0.728.png,10
13_1_884_180_0.728.png,14
13_1_884_180_0.728.png,5
13_1_884_180_0.728.png,11
13_1_884_180_0.728.png,2
13_1_884_180_0.728.png,6
13_1_884_180_0.728.png,20
13_1_884_180_0.728.png,21
13_1_884_180_0.728.png,18
13_1_884_180_0.728.png,22
13_1_884_180_0.728.png,4
13_1_884_180_0.728.png,7
13_1_884_180_0.728.png,2
13_1_884_180_0.728.png,16
13_1_884_180_0.728.png,8
13_1_884_180_0.728.png,1
13_1_884_180_0.728.png,15
13_1_884_180_0.728.png,19
13_1_884_180_0.728.png,19
13_1_884_180_0.728.png,3
13_1_884_180_0.728.png,1
13_1_884_180_0.728.png,6
13_1_884_180_0.728.png,7
13_1_884_180_0.728.png,14
13_1_884_180_0.728.png,9
13_1_884_180_0.728.png,12
13_1_884_180_0.728.png,17
13_1_884_180_0.728.png,5
13_1_884_180_0.728.png,12
13_1_884_180_0.728.png,23
12_7_835_180_0.887.png,7
12_7_835_180_0.887.png,18
12_7_835_180_0.887.png,13
12_7_835_180_0.887.png,6
12_7_835_180_0.887.png,12
12_7_835_180_0.887.png,2
12_7_835_180_0.887.png,17
12_7_835_180_0.887.png,10
12_7_835_180_0.887.png,8
12_7_835_180_0.887.png,22
12_7_835_180_0.887.png,22
12_7_835_180_0.887.png,19
12_7_835_180_0.887.png,14
12_7_835_180_0.887.png,8
12_7_835_180_0.887.png,23
12_7_835_180_0.887.png,14
12_7_835_180_0.887.png,20
12_7_835_180_0.887.png,15
12_7_835_180_0.887.png,18
12_7_835_180_0.887.png,15
12_7_835_180_0.887.png,7
12_7_835_180_0.887.png,10
12_7_835_180_0.887.png,21
12_7_835_180_0.887.png,16
12_7_835_180_0.887.png,17
12_7_835_180_0.887.png,5
12_7_835_180_0.887.png,3
12_7_835_180_0.887.png,11
12_7_835_180_0.887.png,1
12_7_835_180_0.887.png,1
12_7_835_180_0.887.png,9
12_7_835_180_0.887.png,20
12_7_835_180_0.887.png,4
12_7_835_180_0.887.png,2
12_7_835_180_0.887.png,5
12_7_835_180_0.887.png,6
12_7_835_180_0.887.png,3
12_7_835_180_0.887.png,11
12_7_835_180_0.887.png,4
12_7_835_180_0.887.png,16
12_7_835_180_0.887.png,12
12_7_835_180_0.887.png,9
12_7_835_180_0.887.png,19
12_7_835_180_0.887.png,21
12_7_835_180_0.887.png,24
135_2_982_378_0.854.png,14
135_2_982_378_0.854.png,1
135_2_982_378_0.854.png,16
135_2_982_378_0.854.png,12
135_2_982_378_0.854.png,19
135_2_982_378_0.854.png,18
135_2_982_378_0.854.png,16
135_2_982_378_0.854.png,22
135_2_982_378_0.854.png,7
135_2_982_378_0.854.png,24
135_2_982_378_0.854.png,15
135_2_982_378_0.854.png,9
135_2_982_378_0.854.png,11
135_2_982_378_0.854.png,21
135_2_982_378_0.854.png,12
135_2_982_378_0.854.png,13
135_2_982_378_0.854.png,21
135_2_982_378_0.854.png,17
135_2_982_378_0.854.png,3
135_2_982_378_0.854.png,15
135_2_982_378_0.854.png,1
135_2_982_378_0.854.png,20
135_2_982_378_0.854.png,10
135_2_982_378_0.854.png,7
135_2_982_378_0.854.png,5
135_2_982_378_0.854.png,3
135_2_982_378_0.854.png,5
135_2_982_378_0.854.png,2
135_2_982_378_0.854.png,14
135_2_982_378_0.854.png,11
135_2_982_378_0.854.png,2
135_2_982_378_0.854.png,8
135_2_982_378_0.854.png,20
135_2_982_378_0.854.png,4
135_2_982_378_0.854.png,13
135_2_982_378_0.854.png,6
135_2_982_378_0.854.png,17
135_2_982_378_0.854.png,23
135_2_982_378_0.854.png,6
135_2_982_378_0.854.png,16
135_2_982_378_0.854.png,9
135_2_982_378_0.854.png,18
135_2_982_378_0.854.png,8
135_2_982_378_0.854.png,22
135_2_982_378_0.854.png,4
135_2_982_378_0.854.png,10
136_5_1031_378_0.895.png,4
136_5_1031_378_0.895.png,19
136_5_1031_378_0.895.png,9
136_5_1031_378_0.895.png,1
136_5_1031_378_0.895.png,14
136_5_1031_378_0.895.png,16
136_5_1031_378_0.895.png,7
136_5_1031_378_0.895.png,20
136_5_1031_378_0.895.png,8
136_5_1031_378_0.895.png,3
136_5_1031_378_0.895.png,2
136_5_1031_378_0.895.png,10
136_5_1031_378_0.895.png,23
136_5_1031_378_0.895.png,18
136_5_1031_378_0.895.png,3
136_5_1031_378_0.895.png,13
136_5_1031_378_0.895.png,6
136_5_1031_378_0.895.png,16
136_5_1031_378_0.895.png,22
136_5_1031_378_0.895.png,12
136_5_1031_378_0.895.png,9
136_5_1031_378_0.895.png,7
136_5_1031_378_0.895.png,24
136_5_1031_378_0.895.png,5
136_5_1031_378_0.895.png,12
136_5_1031_378_0.895.png,19
136_5_1031_378_0.895.png,15
136_5_1031_378_0.895.png,21
136_5_1031_378_0.895.png,13
136_5_1031_378_0.895.png,1
136_5_1031_378_0.895.png,18
136_5_1031_378_0.895.png,15
136_5_1031_378_0.895.png,2
136_5_1031_378_0.895.png,11
136_5_1031_378_0.895.png,17
136_5_1031_378_0.895.png,14
136_5_1031_378_0.895.png,5
136_5_1031_378_0.895.png,6
136_5_1031_378_0.895.png,8
120_5_247_378_0.729.png,7
120_5_247_378_0.729.png,3
120_5_247_378_0.729.png,4
120_5_247_378_0.729.png,9
120_5_247_378_0.729.png,5
120_5_247_378_0.729.png,18
120_5_247_378_0.729.png,13
120_5_247_378_0.729.png,20
120_5_247_378_0.729.png,15
120_5_247_378_0.729.png,19
120_5_247_378_0.729.png,20
120_5_247_378_0.729.png,6
120_5_247_378_0.729.png,12
120_5_247_378_0.729.png,22
120_5_247_378_0.729.png,10
120_5_247_378_0.729.png,13
120_5_247_378_0.729.png,12
120_5_247_378_0.729.png,9
120_5_247_378_0.729.png,6
120_5_247_378_0.729.png,7
120_5_247_378_0.729.png,10
120_5_247_378_0.729.png,21
120_5_247_378_0.729.png,23
120_5_247_378_0.729.png,14
120_5_247_378_0.729.png,24
120_5_247_378_0.729.png,16
120_5_247_378_0.729.png,4
120_5_247_378_0.729.png,19
120_5_247_378_0.729.png,11
120_5_247_378_0.729.png,22
120_5_247_378_0.729.png,11
120_5_247_378_0.729.png,1
120_5_247_378_0.729.png,8
120_5_247_378_0.729.png,21
120_5_247_378_0.729.png,2
120_5_247_378_0.729.png,2
120_5_247_378_0.729.png,15
120_5_247_378_0.729.png,5
120_5_247_378_0.729.png,16
120_5_247_378_0.729.png,8
120_5_247_378_0.729.png,17
120_5_247_378_0.729.png,1
120_5_247_378_0.729.png,3
120_5_247_378_0.729.png,17
120_5_247_378_0.729.png,14
120_5_247_378_0.729.png,18
100_2_247_345_0.480.png,4
100_2_247_345_0.480.png,24
100_2_247_345_0.480.png,10
100_2_247_345_0.480.png,17
100_2_247_345_0.480.png,5
100_2_247_345_0.480.png,2
100_2_247_345_0.480.png,11
100_2_247_345_0.480.png,14
100_2_247_345_0.480.png,3
100_2_247_345_0.480.png,13
100_2_247_345_0.480.png,21
100_2_247_345_0.480.png,14
100_2_247_345_0.480.png,9
100_2_247_345_0.480.png,3
100_2_247_345_0.480.png,16
100_2_247_345_0.480.png,22
100_2_247_345_0.480.png,21
100_2_247_345_0.480.png,19
100_2_247_345_0.480.png,7
100_2_247_345_0.480.png,8
100_2_247_345_0.480.png,5
100_2_247_345_0.480.png,8
100_2_247_345_0.480.png,20
100_2_247_345_0.480.png,10
100_2_247_345_0.480.png,1
100_2_247_345_0.480.png,18
100_2_247_345_0.480.png,18
100_2_247_345_0.480.png,11
100_2_247_345_0.480.png,19
100_2_247_345_0.480.png,1
100_2_247_345_0.480.png,12
100_2_247_345_0.480.png,20
100_2_247_345_0.480.png,16
100_2_247_345_0.480.png,9
100_2_247_345_0.480.png,23
100_2_247_345_0.480.png,6
100_2_247_345_0.480.png,17
100_2_247_345_0.480.png,6
100_2_247_345_0.480.png,2
100_2_247_345_0.480.png,13
100_2_247_345_0.480.png,7
100_2_247_345_0.480.png,12
100_2_247_345_0.480.png,22
100_2_247_345_0.480.png,4
100_2_247_345_0.480.png,15
100_2_247_345_0.480.png,15
256_4_1031_576_0.452.png,16
256_4_1031_576_0.452.png,3
256_4_1031_576_0.452.png,11
256_4_1031_576_0.452.png,13
256_4_1031_576_0.452.png,23
256_4_1031_576_0.452.png,5
256_4_1031_576_0.452.png,16
256_4_1031_576_0.452.png,7
256_4_1031_576_0.452.png,2
256_4_1031_576_0.452.png,22
256_4_1031_576_0.452.png,6
256_4_1031_576_0.452.png,8
256_4_1031_576_0.452.png,14
256_4_1031_576_0.452.png,21
256_4_1031_576_0.452.png,19
256_4_1031_576_0.452.png,15
256_4_1031_576_0.452.png,1
256_4_1031_576_0.452.png,6
256_4_1031_576_0.452.png,17
256_4_1031_576_0.452.png,18
256_4_1031_576_0.452.png,12
256_4_1031_576_0.452.png,10
256_4_1031_576_0.452.png,24
256_4_1031_576_0.452.png,2
256_4_1031_576_0.452.png,15
256_4_1031_576_0.452.png,22
256_4_1031_576_0.452.png,1
256_4_1031_576_0.452.png,4
256_4_1031_576_0.452.png,20
256_4_1031_576_0.452.png,7
256_4_1031_576_0.452.png,12
256_4_1031_576_0.452.png,4
256_4_1031_576_0.452.png,18
256_4_1031_576_0.452.png,19
256_4_1031_576_0.452.png,17
256_4_1031_576_0.452.png,10
256_4_1031_576_0.452.png,20
256_4_1031_576_0.452.png,14
256_4_1031_576_0.452.png,8
256_4_1031_576_0.452.png,9
256_4_1031_576_0.452.png,5
285_3_492_642_0.794.png,22
285_3_492_642_0.794.png,24
285_3_492_642_0.794.png,4
285_3_492_642_0.794.png,20
285_3_492_642_0.794.png,2
285_3_492_642_0.794.png,12
285_3_492_642_0.794.png,14
285_3_492_642_0.794.png,7
285_3_492_642_0.794.png,1
285_3_492_642_0.794.png,3
285_3_492_642_0.794.png,18
285_3_492_642_0.794.png,3
285_3_492_642_0.794.png,19
285_3_492_642_0.794.png,2
285_3_492_642_0.794.png,11
285_3_492_642_0.794.png,1
285_3_492_642_0.794.png,17
285_3_492_642_0.794.png,9
285_3_492_642_0.794.png,11
285_3_492_642_0.794.png,13
285_3_492_642_0.794.png,15
285_3_492_642_0.794.png,16
285_3_492_642_0.794.png,15
285_3_492_642_0.794.png,7
285_3_492_642_0.794.png,19
285_3_492_642_0.794.png,22
285_3_492_642_0.794.png,5
285_3_492_642_0.794.png,23
285_3_492_642_0.794.png,21
285_3_492_642_0.794.png,14
285_3_492_642_0.794.png,9
285_3_492_642_0.794.png,12
285_3_492_642_0.794.png,10
285_3_492_642_0.794.png,10
285_3_492_642_0.794.png,4
285_3_492_642_0.794.png,21
285_3_492_642_0.794.png,5
285_3_492_642_0.794.png,20
285_3_492_642_0.794.png,8
285_3_492_642_0.794.png,6
285_3_492_642_0.794.png,8
285_3_492_642_0.794.png,6
285_3_492_642_0.794.png,18
285_3_492_642_0.794.png,17
285_3_492_642_0.794.png,13
256_4_1031_576_0.491.png,14
256_4_1031_576_0.491.png,17
256_4_1031_576_0.491.png,9
256_4_1031_576_0.491.png,3
256_4_1031_576_0.491.png,5
256_4_1031_576_0.491.png,14
256_4_1031_576_0.491.png,9
256_4_1031_576_0.491.png,19
256_4_1031_576_0.491.png,18
256_4_1031_576_0.491.png,12
256_4_1031_576_0.491.png,7
256_4_1031_576_0.491.png,3
256_4_1031_576_0.491.png,8
256_4_1031_576_0.491.png,15
256_4_1031_576_0.491.png,22
256_4_1031_576_0.491.png,6
256_4_1031_576_0.491.png,17
256_4_1031_576_0.491.png,16
256_4_1031_576_0.491.png,8
256_4_1031_576_0.491.png,4
256_4_1031_576_0.491.png,12
256_4_1031_576_0.491.png,10
256_4_1031_576_0.491.png,1
256_4_1031_576_0.491.png,2
256_4_1031_576_0.491.png,1
256_4_1031_576_0.491.png,16
256_4_1031_576_0.491.png,19
256_4_1031_576_0.491.png,21
256_4_1031_576_0.491.png,6
256_4_1031_576_0.491.png,21
256_4_1031_576_0.491.png,11
256_4_1031_576_0.491.png,15
256_4_1031_576_0.491.png,23
256_4_1031_576_0.491.png,11
256_4_1031_576_0.491.png,2
256_4_1031_576_0.491.png,20
256_4_1031_576_0.491.png,10
256_4_1031_576_0.491.png,24
256_4_1031_576_0.491.png,7
256_4_1031_576_0.491.png,20
256_4_1031_576_0.491.png,5
256_4_1031_576_0.491.png,4
256_4_1031_576_0.491.png,13
256_4_1031_576_0.491.png,22
256_4_1031_576_0.491.png,13
256_4_1031_576_0.491.png,18
81_2_296_312_0.470.png,2
81_2_296_312_0.470.png,3
81_2_296_312_0.470.png,14
81_2_296_312_0.470.png,12
81_2_296_312_0.470.png,13
81_2_296_312_0.470.png,12
81_2_296_312_0.470.png,11
81_2_296_312_0.470.png,7
81_2_296_312_0.470.png,11
81_2_296_312_0.470.png,18
81_2_296_312_0.470.png,17
81_2_296_312_0.470.png,9
81_2_296_312_0.470.png,21
81_2_296_312_0.470.png,20
81_2_296_312_0.470.png,5
81_2_296_312_0.470.png,10
81_2_296_312_0.470.png,3
81_2_296_312_0.470.png,18
81_2_296_312_0.470.png,9
81_2_296_312_0.470.png,15
81_2_296_312_0.470.png,16
81_2_296_312_0.470.png,4
81_2_296_312_0.470.png,13
81_2_296_312_0.470.png,6
81_2_296_312_0.470.png,2
81_2_296_312_0.470.png,5
81_2_296_312_0.470.png,4
81_2_296_312_0.470.png,15
81_2_296_312_0.470.png,1
81_2_296_312_0.470.png,20
81_2_296_312_0.470.png,7
81_2_296_312_0.470.png,10
81_2_296_312_0.470.png,19
81_2_296_312_0.470.png,1
81_2_296_312_0.470.png,23
81_2_296_312_0.470.png,19
81_2_296_312_0.470.png,17
81_2_296_312_0.470.png,6
81_2_296_312_0.470.png,16
81_2_296_312_0.470.png,22
81_2_296_312_0.470.png,14
81_2_296_312_0.470.png,21
81_2_296_312_0.470.png,8
81_2_296_312_0.470.png,22
231_2_786_543_0.790.png,4
231_2_786_543_0.790.png,18
231_2_786_543_0.790.png,12
231_2_786_543_0.790.png,3
231_2_786_543_0.790.png,6
231_2_786_543_0.790.png,6
231_2_786_543_0.790.png,2
231_2_786_543_0.790.png,15
231_2_786_543_0.790.png,10
231_2_786_543_0.790.png,14
231_2_786_543_0.790.png,21
231_2_786_543_0.790.png,20
231_2_786_543_0.790.png,14
231_2_786_543_0.790.png,7
231_2_786_543_0.790.png,13
231_2_786_543_0.790.png,4
231_2_786_543_0.790.png,8
231_2_786_543_0.790.png,22
231_2_786_543_0.790.png,5
231_2_786_543_0.790.png,3
231_2_786_543_0.790.png,11
231_2_786_543_0.790.png,17
231_2_786_543_0.790.png,8
231_2_786_543_0.790.png,16
231_2_786_543_0.790.png,19
231_2_786_543_0.790.png,11
231_2_786_543_0.790.png,23
231_2_786_543_0.790.png,9
231_2_786_543_0.790.png,12
231_2_786_543_0.790.png,1
231_2_786_543_0.790.png,5
231_2_786_543_0.790.png,20
231_2_786_543_0.790.png,18
231_2_786_543_0.790.png,23
231_2_786_543_0.790.png,21
231_2_786_543_0.790.png,22
231_2_786_543_0.790.png,16
231_2_786_543_0.790.png,1
231_2_786_543_0.790.png,7
231_2_786_543_0.790.png,19
231_2_786_543_0.790.png,15
231_2_786_543_0.790.png,10
231_2_786_543_0.790.png,17
231_2_786_543_0.790.png,9
231_2_786_543_0.790.png,2
261_2_296_609_0.729.png,13
261_2_296_609_0.729.png,23
261_2_296_609_0.729.png,15
261_2_296_609_0.729.png,22
261_2_296_609_0.729.png,8
261_2_296_609_0.729.png,8
261_2_296_609_0.729.png,9
261_2_296_609_0.729.png,23
261_2_296_609_0.729.png,16
261_2_296_609_0.729.png,14
261_2_296_609_0.729.png,4
261_2_296_609_0.729.png,1
261_2_296_609_0.729.png,20
261_2_296_609_0.729.png,19
261_2_296_609_0.729.png,20
261_2_296_609_0.729.png,17
261_2_296_609_0.729.png,15
261_2_296_609_0.729.png,22
261_2_296_609_0.729.png,7
261_2_296_609_0.729.png,3
261_2_296_609_0.729.png,11
261_2_296_609_0.729.png,11
261_2_296_609_0.729.png,13
261_2_296_609_0.729.png,9
261_2_296_609_0.729.png,2
261_2_296_609_0.729.png,2
261_2_296_609_0.729.png,4
261_2_296_609_0.729.png,18
261_2_296_609_0.729.png,12
261_2_296_609_0.729.png,5
261_2_296_609_0.729.png,3
261_2_296_609_0.729.png,12
261_2_296_609_0.729.png,1
261_2_296_609_0.729.png,19
261_2_296_609_0.729.png,17
261_2_296_609_0.729.png,18
127_2_590_378_0.856.png,9
127_2_590_378_0.856.png,9
127_2_590_378_0.856.png,17
127_2_590_378_0.856.png,6
127_2_590_378_0.856.png,5
127_2_590_378_0.856.png,13
127_2_590_378_0.856.png,10
127_2_590_378_0.856.png,23
127_2_590_378_0.856.png,5
127_2_590_378_0.856.png,4
127_2_590_378_0.856.png,18
127_2_590_378_0.856.png,8
127_2_590_378_0.856.png,13
127_2_590_378_0.856.png,12
127_2_590_378_0.856.png,15
127_2_590_378_0.856.png,18
127_2_590_378_0.856.png,21
127_2_590_378_0.856.png,22
127_2_590_378_0.856.png,16
127_2_590_378_0.856.png,14
127_2_590_378_0.856.png,10
127_2_590_378_0.856.png,6
127_2_590_378_0.856.png,3
127_2_590_378_0.856.png,17
127_2_590_378_0.856.png,14
127_2_590_378_0.856.png,12
127_2_590_378_0.856.png,8
127_2_590_378_0.856.png,15
127_2_590_378_0.856.png,11
127_2_590_378_0.856.png,3
127_2_590_378_0.856.png,20
127_2_590_378_0.856.png,11
127_2_590_378_0.856.png,2
127_2_590_378_0.856.png,19
127_2_590_378_0.856.png,1
127_2_590_378_0.856.png,7
127_2_590_378_0.856.png,2
127_2_590_378_0.856.png,22
127_2_590_378_0.856.png,7
127_2_590_378_0.856.png,16
127_2_590_378_0.856.png,4
127_2_590_378_0.856.png,1
127_2_590_378_0.856.png,23
127_2_590_378_0.856.png,19
127_2_590_378_0.856.png,20
206_2_541_510_0.475.png,17
206_2_541_510_0.475.png,3
206_2_541_510_0.475.png,7
206_2_541_510_0.475.png,14
206_2_541_510_0.475.png,5
206_2_541_510_0.475.png,4
206_2_541_510_0.475.png,9
206_2_541_510_0.475.png,13
206_2_541_510_0.475.png,5
206_2_541_510_0.475.png,8
206_2_541_510_0.475.png,14
206_2_541_510_0.475.png,7
206_2_541_510_0.475.png,20
206_2_541_510_0.475.png,2
206_2_541_510_0.475.png,1
206_2_541_510_0.475.png,22
206_2_541_510_0.475.png,20
206_2_541_510_0.475.png,18
206_2_541_510_0.475.png,15
206_2_541_510_0.475.png,17
206_2_541_510_0.475.png,19
206_2_541_510_0.475.png,8
206_2_541_510_0.475.png,11
206_2_541_510_0.475.png,16
206_2_541_510_0.475.png,23
206_2_541_510_0.475.png,16
206_2_541_510_0.475.png,6
206_2_541_510_0.475.png,12
206_2_541_510_0.475.png,21
206_2_541_510_0.475.png,3
206_2_541_510_0.475.png,10
206_2_541_510_0.475.png,4
206_2_541_510_0.475.png,19
206_2_541_510_0.475.png,22
206_2_541_510_0.475.png,10
206_2_541_510_0.475.png,23
206_2_541_510_0.475.png,11
206_2_541_510_0.475.png,1
206_2_541_510_0.475.png,6
206_2_541_510_0.475.png,2
206_2_541_510_0.475.png,15
206_2_541_510_0.475.png,21
11_2_786_180_0.476.png,22
11_2_786_180_0.476.png,14
11_2_786_180_0.476.png,5
11_2_786_180_0.476.png,3
11_2_786_180_0.476.png,12
11_2_786_180_0.476.png,21
11_2_786_180_0.476.png,15
11_2_786_180_0.476.png,13
11_2_786_180_0.476.png,21
11_2_786_180_0.476.png,22
11_2_786_180_0.476.png,2
11_2_786_180_0.476.png,4
11_2_786_180_0.476.png,19
11_2_786_180_0.476.png,13
11_2_786_180_0.476.png,11
11_2_786_180_0.476.png,1
11_2_786_180_0.476.png,18
11_2_786_180_0.476.png,4
11_2_786_180_0.476.png,3
11_2_786_180_0.476.png,18
11_2_786_180_0.476.png,11
11_2_786_180_0.476.png,17
11_2_786_180_0.476.png,7
11_2_786_180_0.476.png,6
11_2_786_180_0.476.png,14
11_2_786_180_0.476.png,6
11_2_786_180_0.476.png,5
11_2_786_180_0.476.png,19
11_2_786_180_0.476.png,16
11_2_786_180_0.476.png,20
11_2_786_180_0.476.png,15
11_2_786_180_0.476.png,12
11_2_786_180_0.476.png,7
11_2_786_180_0.476.png,10
11_2_786_180_0.476.png,23
11_2_786_180_0.476.png,17
11_2_786_180_0.476.png,23
11_2_786_180_0.476.png,8
11_2_786_180_0.476.png,2
11_2_786_180_0.476.png,9
11_2_786_180_0.476.png,8
11_2_786_180_0.476.png,1
11_2_786_180_0.476.png,9
11_2_786_180_0.476.png,16
11_2_786_180_0.476.png,20
101_2_296_345_0.793.png,5
101_2_296_345_0.793.png,19
101_2_296_345_0.793.png,14
101_2_296_345_0.793.png,3
101_2_296_345_0.793.png,10
101_2_296_345_0.793.png,17
101_2_296_345_0.793.png,13
101_2_296_345_0.793.png,22
101_2_296_345_0.793.png,14
101_2_296_345_0.793.png,1
101_2_296_345_0.793.png,15
101_2_296_345_0.793.png,23
101_2_296_345_0.793.png,22
101_2_296_345_0.793.png,23
101_2_296_345_0.793.png,13
101_2_296_345_0.793.png,7
101_2_296_345_0.793.png,6
101_2_296_345_0.793.png,4
101_2_296_345_0.793.png,18
101_2_296_345_0.793.png,10
101_2_296_345_0.793.png,2
101_2_296_345_0.793.png,11
101_2_296_345_0.793.png,13
101_2_296_345_0.793.png,20
101_2_296_345_0.793.png,16
101_2_296_345_0.793.png,17
101_2_296_345_0.793.png,9
101_2_296_345_0.793.png,20
101_2_296_345_0.793.png,23
101_2_296_345_0.793.png,12
101_2_296_345_0.793.png,19
101_2_296_345_0.793.png,16
101_2_296_345_0.793.png,11
101_2_296_345_0.793.png,18
101_2_296_345_0.793.png,5
101_2_296_345_0.793.png,12
101_2_296_345_0.793.png,2
101_2_296_345_0.793.png,21
101_2_296_345_0.793.png,9
101_2_296_345_0.793.png,3
101_2_296_345_0.793.png,1
101_2_296_345_0.793.png,6
101_2_296_345_0.793.png,4
101_2_296_345_0.793.png,7
101_2_296_345_0.793.png,8
101_2_296_345_0.793.png,21
167_3_590_444_0.860.png,19
167_3_590_444_0.860.png,14
167_3_590_444_0.860.png,4
167_3_590_444_0.860.png,20
167_3_590_444_0.860.png,12
167_3_590_444_0.860.png,9
167_3_590_444_0.860.png,15
167_3_590_444_0.860.png,22
167_3_590_444_0.860.png,10
167_3_590_444_0.860.png,11
167_3_590_444_0.860.png,4
167_3_590_444_0.860.png,15
167_3_590_444_0.860.png,7
167_3_590_444_0.860.png,2
167_3_590_444_0.860.png,19
167_3_590_444_0.860.png,14
167_3_590_444_0.860.png,3
167_3_590_444_0.860.png,8
167_3_590_444_0.860.png,13
167_3_590_444_0.860.png,1
167_3_590_444_0.860.png,16
167_3_590_444_0.860.png,18
167_3_590_444_0.860.png,20
167_3_590_444_0.860.png,17
167_3_590_444_0.860.png,12
167_3_590_444_0.860.png,5
167_3_590_444_0.860.png,17
167_3_590_444_0.860.png,16
167_3_590_444_0.860.png,10
167_3_590_444_0.860.png,1
167_3_590_444_0.860.png,5
167_3_590_444_0.860.png,6
167_3_590_444_0.860.png,13
167_3_590_444_0.860.png,18
167_3_590_444_0.860.png,6
167_3_590_444_0.860.png,7
167_3_590_444_0.860.png,22
167_3_590_444_0.860.png,3
167_3_590_444_0.860.png,2
167_3_590_444_0.860.png,8
167_3_590_444_0.860.png,21
167_3_590_444_0.860.png,9
167_3_590_444_0.860.png,21
167_3_590_444_0.860.png,23
167_3_590_444_0.860.png,11
167_3_590_444_0.860.png,23
6_4_541_180_0.830.png,7
6_4_541_180_0.830.png,22
6_4_541_180_0.830.png,13
6_4_541_180_0.830.png,19
6_4_541_180_0.830.png,23
6_4_541_180_0.830.png,15
6_4_541_180_0.830.png,13
6_4_541_180_0.830.png,6
6_4_541_180_0.830.png,1
6_4_541_180_0.830.png,20
6_4_541_180_0.830.png,3
6_4_541_180_0.830.png,16
6_4_541_180_0.830.png,9
6_4_541_180_0.830.png,3
6_4_541_180_0.830.png,12
6_4_541_180_0.830.png,4
6_4_541_180_0.830.png,11
6_4_541_180_0.830.png,17
6_4_541_180_0.830.png,22
6_4_541_180_0.830.png,5
6_4_541_180_0.830.png,14
6_4_541_180_0.830.png,2
6_4_541_180_0.830.png,5
6_4_541_180_0.830.png,10
6_4_541_180_0.830.png,21
6_4_541_180_0.830.png,7
6_4_541_180_0.830.png,17
6_4_541_180_0.830.png,16
6_4_541_180_0.830.png,19
6_4_541_180_0.830.png,8
6_4_541_180_0.830.png,8
6_4_541_180_0.830.png,9
6_4_541_180_0.830.png,20
6_4_541_180_0.830.png,23
6_4_541_180_0.830.png,15
6_4_541_180_0.830.png,14
6_4_541_180_0.830.png,1
6_4_541_180_0.830.png,21
6_4_541_180_0.830.png,10
6_4_541_180_0.830.png,18
6_4_541_180_0.830.png,12
6_4_541_180_0.830.png,4
6_4_541_180_0.830.png,6
6_4_541_180_0.830.png,11
6_4_541_180_0.830.png,5
6_4_541_180_0.830.png,2
6_4_541_180_0.830.png,2
6_4_541_180_0.830.png,18
192_3_835_477_0.500.png,10
192_3_835_477_0.500.png,17
192_3_835_477_0.500.png,3
192_3_835_477_0.500.png,22
192_3_835_477_0.500.png,21
192_3_835_477_0.500.png,5
192_3_835_477_0.500.png,12
192_3_835_477_0.500.png,9
192_3_835_477_0.500.png,2
192_3_835_477_0.500.png,18
192_3_835_477_0.500.png,8
192_3_835_477_0.500.png,20
192_3_835_477_0.500.png,2
192_3_835_477_0.500.png,18
192_3_835_477_0.500.png,1
192_3_835_477_0.500.png,1
192_3_835_477_0.500.png,17
192_3_835_477_0.500.png,4
192_3_835_477_0.500.png,7
192_3_835_477_0.500.png,14
192_3_835_477_0.500.png,21
192_3_835_477_0.500.png,19
192_3_835_477_0.500.png,12
192_3_835_477_0.500.png,6
192_3_835_477_0.500.png,19
192_3_835_477_0.500.png,22
192_3_835_477_0.500.png,5
192_3_835_477_0.500.png,15
192_3_835_477_0.500.png,13
192_3_835_477_0.500.png,23
192_3_835_477_0.500.png,11
192_3_835_477_0.500.png,8
192_3_835_477_0.500.png,13
192_3_835_477_0.500.png,3
192_3_835_477_0.500.png,6
192_3_835_477_0.500.png,15
192_3_835_477_0.500.png,14
192_3_835_477_0.500.png,4
192_3_835_477_0.500.png,7
192_3_835_477_0.500.png,20
192_3_835_477_0.500.png,16
192_3_835_477_0.500.png,23
192_3_835_477_0.500.png,11
192_3_835_477_0.500.png,9
192_3_835_477_0.500.png,16
192_3_835_477_0.500.png,10
215_3_982_510_0.499.png,10
215_3_982_510_0.499.png,23
215_3_982_510_0.499.png,3
215_3_982_510_0.499.png,8
215_3_982_510_0.499.png,6
215_3_982_510_0.499.png,1
215_3_982_510_0.499.png,5
215_3_982_510_0.499.png,11
215_3_982_510_0.499.png,15
215_3_982_510_0.499.png,14
215_3_982_510_0.499.png,7
215_3_982_510_0.499.png,11
215_3_982_510_0.499.png,5
215_3_982_510_0.499.png,1
215_3_982_510_0.499.png,3
215_3_982_510_0.499.png,2
215_3_982_510_0.499.png,18
215_3_982_510_0.499.png,16
215_3_982_510_0.499.png,4
215_3_982_510_0.499.png,21
215_3_982_510_0.499.png,7
215_3_982_510_0.499.png,13
215_3_982_510_0.499.png,12
215_3_982_510_0.499.png,9
215_3_982_510_0.499.png,16
215_3_982_510_0.499.png,21
215_3_982_510_0.499.png,19
215_3_982_510_0.499.png,18
215_3_982_510_0.499.png,17
215_3_982_510_0.499.png,10
215_3_982_510_0.499.png,20
215_3_982_510_0.499.png,19
215_3_982_510_0.499.png,12
215_3_982_510_0.499.png,6
215_3_982_510_0.499.png,9
215_3_982_510_0.499.png,4
215_3_982_510_0.499.png,8
215_3_982_510_0.499.png,2
215_3_982_510_0.499.png,20
215_3_982_510_0.499.png,13
215_3_982_510_0.499.png,22
215_3_982_510_0.499.png,15
215_3_982_510_0.499.png,14
214_3_933_510_0.860.png,8
214_3_933_510_0.860.png,11
214_3_933_510_0.860.png,12
214_3_933_510_0.860.png,18
214_3_933_510_0.860.png,16
214_3_933_510_0.860.png,13
214_3_933_510_0.860.png,20
214_3_933_510_0.860.png,6
214_3_933_510_0.860.png,15
214_3_933_510_0.860.png,4
214_3_933_510_0.860.png,1
214_3_933_510_0.860.png,23
214_3_933_510_0.860.png,9
214_3_933_510_0.860.png,13
214_3_933_510_0.860.png,22
214_3_933_510_0.860.png,4
214_3_933_510_0.860.png,2
214_3_933_510_0.860.png,10
214_3_933_510_0.860.png,7
214_3_933_510_0.860.png,2
214_3_933_510_0.860.png,3
214_3_933_510_0.860.png,14
214_3_933_510_0.860.png,16
214_3_933_510_0.860.png,11
214_3_933_510_0.860.png,3
214_3_933_510_0.860.png,1
214_3_933_510_0.860.png,8
214_3_933_510_0.860.png,10
214_3_933_510_0.860.png,19
214_3_933_510_0.860.png,12
214_3_933_510_0.860.png,22
214_3_933_510_0.860.png,7
214_3_933_510_0.860.png,18
214_3_933_510_0.860.png,20
214_3_933_510_0.860.png,21
214_3_933_510_0.860.png,17
214_3_933_510_0.860.png,14
214_3_933_510_0.860.png,19
214_3_933_510_0.860.png,6
214_3_933_510_0.860.png,5
214_3_933_510_0.860.png,5
214_3_933_510_0.860.png,17
214_3_933_510_0.860.png,15
214_3_933_510_0.860.png,9
214_3_933_510_0.860.png,21
185_2_492_477_0.775.png,3
185_2_492_477_0.775.png,8
185_2_492_477_0.775.png,2
185_2_492_477_0.775.png,12
185_2_492_477_0.775.png,10
185_2_492_477_0.775.png,16
185_2_492_477_0.775.png,21
185_2_492_477_0.775.png,14
185_2_492_477_0.775.png,10
185_2_492_477_0.775.png,11
185_2_492_477_0.775.png,9
185_2_492_477_0.775.png,5
185_2_492_477_0.775.png,17
185_2_492_477_0.775.png,19
185_2_492_477_0.775.png,15
185_2_492_477_0.775.png,2
185_2_492_477_0.775.png,1
185_2_492_477_0.775.png,12
185_2_492_477_0.775.png,18
185_2_492_477_0.775.png,4
185_2_492_477_0.775.png,23
185_2_492_477_0.775.png,16
185_2_492_477_0.775.png,13
185_2_492_477_0.775.png,6
185_2_492_477_0.775.png,6
185_2_492_477_0.775.png,5
185_2_492_477_0.775.png,20
185_2_492_477_0.775.png,21
185_2_492_477_0.775.png,13
185_2_492_477_0.775.png,19
185_2_492_477_0.775.png,10
185_2_492_477_0.775.png,7
185_2_492_477_0.775.png,17
185_2_492_477_0.775.png,4
185_2_492_477_0.775.png,22
185_2_492_477_0.775.png,18
185_2_492_477_0.775.png,1
185_2_492_477_0.775.png,22
185_2_492_477_0.775.png,8
185_2_492_477_0.775.png,23
185_2_492_477_0.775.png,9
185_2_492_477_0.775.png,3
185_2_492_477_0.775.png,7
185_2_492_477_0.775.png,11
185_2_492_477_0.775.png,14
185_2_492_477_0.775.png,20
147_5_590_411_0.857.png,1
147_5_590_411_0.857.png,14
147_5_590_411_0.857.png,2
147_5_590_411_0.857.png,7
147_5_590_411_0.857.png,5
147_5_590_411_0.857.png,1
147_5_590_411_0.857.png,4
147_5_590_411_0.857.png,21
147_5_590_411_0.857.png,12
147_5_590_411_0.857.png,13
147_5_590_411_0.857.png,11
147_5_590_411_0.857.png,18
147_5_590_411_0.857.png,6
147_5_590_411_0.857.png,4
147_5_590_411_0.857.png,12
147_5_590_411_0.857.png,20
147_5_590_411_0.857.png,23
147_5_590_411_0.857.png,5
147_5_590_411_0.857.png,22
147_5_590_411_0.857.png,9
147_5_590_411_0.857.png,16
147_5_590_411_0.857.png,20
147_5_590_411_0.857.png,17
147_5_590_411_0.857.png,16
147_5_590_411_0.857.png,11
147_5_590_411_0.857.png,15
147_5_590_411_0.857.png,19
147_5_590_411_0.857.png,19
147_5_590_411_0.857.png,14
147_5_590_411_0.857.png,2
147_5_590_411_0.857.png,8
147_5_590_411_0.857.png,3
147_5_590_411_0.857.png,16
147_5_590_411_0.857.png,10
147_5_590_411_0.857.png,23
147_5_590_411_0.857.png,8
147_5_590_411_0.857.png,14
147_5_590_411_0.857.png,13
147_5_590_411_0.857.png,21
147_5_590_411_0.857.png,6
147_5_590_411_0.857.png,10
147_5_590_411_0.857.png,18
147_5_590_411_0.857.png,3
147_5_590_411_0.857.png,7
147_5_590_411_0.857.png,9
21_4_296_213_0.760.png,2
21_4_296_213_0.760.png,19
21_4_296_213_0.760.png,13
21_4_296_213_0.760.png,10
21_4_296_213_0.760.png,9
21_4_296_213_0.760.png,21
21_4_296_213_0.760.png,4
21_4_296_213_0.760.png,15
21_4_296_213_0.760.png,19
21_4_296_213_0.760.png,4
21_4_296_213_0.760.png,20
21_4_296_213_0.760.png,16
21_4_296_213_0.760.png,18
21_4_296_213_0.760.png,12
21_4_296_213_0.760.png,14
21_4_296_213_0.760.png,12
21_4_296_213_0.760.png,5
21_4_296_213_0.760.png,6
21_4_296_213_0.760.png,8
21_4_296_213_0.760.png,3
21_4_296_213_0.760.png,2
21_4_296_213_0.760.png,1
21_4_296_213_0.760.png,17
21_4_296_213_0.760.png,7
21_4_296_213_0.760.png,5
21_4_296_213_0.760.png,23
21_4_296_213_0.760.png,23
21_4_296_213_0.760.png,22
21_4_296_213_0.760.png,9
21_4_296_213_0.760.png,14
21_4_296_213_0.760.png,7
21_4_296_213_0.760.png,13
21_4_296_213_0.760.png,10
21_4_296_213_0.760.png,11
21_4_296_213_0.760.png,22
21_4_296_213_0.760.png,1
21_4_296_213_0.760.png,6
21_4_296_213_0.760.png,17
21_4_296_213_0.760.png,11
21_4_296_213_0.760.png,8
21_4_296_213_0.760.png,15
21_4_296_213_0.760.png,16
21_4_296_213_0.760.png,21
21_4_296_213_0.760.png,3
21_4_296_213_0.760.png,18
21_4_296_213_0.760.png,20
26_2_541_213_0.830.png,5
26_2_541_213_0.830.png,20
26_2_541_213_0.830.png,10
26_2_541_213_0.830.png,16
26_2_541_213_0.830.png,12
26_2_541_213_0.830.png,17
26_2_541_213_0.830.png,15
26_2_541_213_0.830.png,11
26_2_541_213_0.830.png,9
26_2_541_213_0.830.png,8
26_2_541_213_0.830.png,11
26_2_541_213_0.830.png,7
26_2_541_213_0.830.png,8
26_2_541_213_0.830.png,13
26_2_541_213_0.830.png,17
26_2_541_213_0.830.png,2
26_2_541_213_0.830.png,1
26_2_541_213_0.830.png,14
26_2_541_213_0.830.png,22
26_2_541_213_0.830.png,14
26_2_541_213_0.830.png,19
26_2_541_213_0.830.png,13
26_2_541_213_0.830.png,5
26_2_541_213_0.830.png,6
26_2_541_213_0.830.png,18
26_2_541_213_0.830.png,7
26_2_541_213_0.830.png,18
26_2_541_213_0.830.png,21
26_2_541_213_0.830.png,20
26_2_541_213_0.830.png,10
26_2_541_213_0.830.png,2
26_2_541_213_0.830.png,4
26_2_541_213_0.830.png,1
26_2_541_213_0.830.png,3
26_2_541_213_0.830.png,6
26_2_541_213_0.830.png,3
26_2_541_213_0.830.png,22
26_2_541_213_0.830.png,15
26_2_541_213_0.830.png,12
26_2_541_213_0.830.png,9
26_2_541_213_0.830.png,19
26_2_541_213_0.830.png,16
26_2_541_213_0.830.png,23
26_2_541_213_0.830.png,21
26_2_541_213_0.830.png,4
26_2_541_213_0.830.png,23
40_2_247_246_0.779.png,2
40_2_247_246_0.779.png,21
40_2_247_246_0.779.png,6
40_2_247_246_0.779.png,13
40_2_247_246_0.779.png,20
40_2_247_246_0.779.png,23
40_2_247_246_0.779.png,16
40_2_247_246_0.779.png,10
40_2_247_246_0.779.png,7
40_2_247_246_0.779.png,1
40_2_247_246_0.779.png,10
40_2_247_246_0.779.png,19
40_2_247_246_0.779.png,8
40_2_247_246_0.779.png,3
40_2_247_246_0.779.png,2
40_2_247_246_0.779.png,11
40_2_247_246_0.779.png,12
40_2_247_246_0.779.png,9
40_2_247_246_0.779.png,21
40_2_247_246_0.779.png,17
40_2_247_246_0.779.png,22
40_2_247_246_0.779.png,18
40_2_247_246_0.779.png,20
40_2_247_246_0.779.png,12
40_2_247_246_0.779.png,9
40_2_247_246_0.779.png,15
40_2_247_246_0.779.png,3
40_2_247_246_0.779.png,18
40_2_247_246_0.779.png,11
40_2_247_246_0.779.png,16
40_2_247_246_0.779.png,22
40_2_247_246_0.779.png,8
40_2_247_246_0.779.png,5
40_2_247_246_0.779.png,23
40_2_247_246_0.779.png,4
40_2_247_246_0.779.png,13
40_2_247_246_0.779.png,15
40_2_247_246_0.779.png,14
40_2_247_246_0.779.png,4
40_2_247_246_0.779.png,5
40_2_247_246_0.779.png,1
40_2_247_246_0.779.png,6
40_2_247_246_0.779.png,17
40_2_247_246_0.779.png,7
40_2_247_246_0.779.png,14
40_2_247_246_0.779.png,19
47_2_590_246_0.802.png,9
47_2_590_246_0.802.png,11
47_2_590_246_0.802.png,2
47_2_590_246_0.802.png,23
47_2_590_246_0.802.png,1
47_2_590_246_0.802.png,2
47_2_590_246_0.802.png,3
47_2_590_246_0.802.png,22
47_2_590_246_0.802.png,13
47_2_590_246_0.802.png,4
47_2_590_246_0.802.png,19
47_2_590_246_0.802.png,16
47_2_590_246_0.802.png,17
47_2_590_246_0.802.png,19
47_2_590_246_0.802.png,7
47_2_590_246_0.802.png,7
47_2_590_246_0.802.png,20
47_2_590_246_0.802.png,8
47_2_590_246_0.802.png,8
47_2_590_246_0.802.png,4
47_2_590_246_0.802.png,5
47_2_590_246_0.802.png,18
47_2_590_246_0.802.png,15
47_2_590_246_0.802.png,6
47_2_590_246_0.802.png,17
47_2_590_246_0.802.png,12
47_2_590_246_0.802.png,14
47_2_590_246_0.802.png,20
47_2_590_246_0.802.png,23
47_2_590_246_0.802.png,16
47_2_590_246_0.802.png,10
47_2_590_246_0.802.png,1
47_2_590_246_0.802.png,14
47_2_590_246_0.802.png,5
47_2_590_246_0.802.png,9
47_2_590_246_0.802.png,6
47_2_590_246_0.802.png,12
47_2_590_246_0.802.png,13
47_2_590_246_0.802.png,11
47_2_590_246_0.802.png,22
47_2_590_246_0.802.png,3
47_2_590_246_0.802.png,15
47_2_590_246_0.802.png,10
47_2_590_246_0.802.png,18
47_2_590_246_0.802.png,21
47_2_590_246_0.802.png,21
48_1_639_246_0.822.png,18
48_1_639_246_0.822.png,10
48_1_639_246_0.822.png,3
48_1_639_246_0.822.png,14
48_1_639_246_0.822.png,16
48_1_639_246_0.822.png,1
48_1_639_246_0.822.png,22
48_1_639_246_0.822.png,7
48_1_639_246_0.822.png,20
48_1_639_246_0.822.png,2
48_1_639_246_0.822.png,15
48_1_639_246_0.822.png,3
48_1_639_246_0.822.png,16
48_1_639_246_0.822.png,18
48_1_639_246_0.822.png,19
48_1_639_246_0.822.png,7
48_1_639_246_0.822.png,6
48_1_639_246_0.822.png,1
48_1_639_246_0.822.png,8
48_1_639_246_0.822.png,4
48_1_639_246_0.822.png,13
48_1_639_246_0.822.png,5
48_1_639_246_0.822.png,14
48_1_639_246_0.822.png,10
48_1_639_246_0.822.png,22
48_1_639_246_0.822.png,23
48_1_639_246_0.822.png,19
48_1_639_246_0.822.png,5
48_1_639_246_0.822.png,2
48_1_639_246_0.822.png,8
48_1_639_246_0.822.png,13
48_1_639_246_0.822.png,11
48_1_639_246_0.822.png,21
48_1_639_246_0.822.png,12
48_1_639_246_0.822.png,11
48_1_639_246_0.822.png,17
48_1_639_246_0.822.png,4
48_1_639_246_0.822.png,15
48_1_639_246_0.822.png,12
48_1_639_246_0.822.png,23
48_1_639_246_0.822.png,21
48_1_639_246_0.822.png,20
48_1_639_246_0.822.png,9
48_1_639_246_0.822.png,6
48_1_639_246_0.822.png,17
48_1_639_246_0.822.png,9
49_5_688_246_0.703.png,16
49_5_688_246_0.703.png,9
49_5_688_246_0.703.png,20
49_5_688_246_0.703.png,21
49_5_688_246_0.703.png,18
49_5_688_246_0.703.png,19
49_5_688_246_0.703.png,21
49_5_688_246_0.703.png,22
49_5_688_246_0.703.png,22
49_5_688_246_0.703.png,6
49_5_688_246_0.703.png,11
49_5_688_246_0.703.png,12
49_5_688_246_0.703.png,10
49_5_688_246_0.703.png,16
49_5_688_246_0.703.png,17
49_5_688_246_0.703.png,1
49_5_688_246_0.703.png,14
49_5_688_246_0.703.png,7
49_5_688_246_0.703.png,3
49_5_688_246_0.703.png,15
49_5_688_246_0.703.png,8
49_5_688_246_0.703.png,3
49_5_688_246_0.703.png,17
49_5_688_246_0.703.png,5
49_5_688_246_0.703.png,18
49_5_688_246_0.703.png,8
49_5_688_246_0.703.png,20
49_5_688_246_0.703.png,6
49_5_688_246_0.703.png,11
49_5_688_246_0.703.png,4
49_5_688_246_0.703.png,9
49_5_688_246_0.703.png,5
49_5_688_246_0.703.png,23
49_5_688_246_0.703.png,13
49_5_688_246_0.703.png,7
49_5_688_246_0.703.png,19
49_5_688_246_0.703.png,2
49_5_688_246_0.703.png,15
49_5_688_246_0.703.png,4
49_5_688_246_0.703.png,10
49_5_688_246_0.703.png,12
49_5_688_246_0.703.png,1
49_5_688_246_0.703.png,14
49_5_688_246_0.703.png,2
49_5_688_246_0.703.png,13
49_5_688_246_0.703.png,23
49_5_688_246_0.907.png,11
49_5_688_246_0.907.png,6
49_5_688_246_0.907.png,2
49_5_688_246_0.907.png,9
49_5_688_246_0.907.png,18
49_5_688_246_0.907.png,19
49_5_688_246_0.907.png,21
49_5_688_246_0.907.png,14
49_5_688_246_0.907.png,1
49_5_688_246_0.907.png,3
49_5_688_246_0.907.png,2
49_5_688_246_0.907.png,10
49_5_688_246_0.907.png,14
49_5_688_246_0.907.png,7
49_5_688_246_0.907.png,22
49_5_688_246_0.907.png,8
49_5_688_246_0.907.png,18
49_5_688_246_0.907.png,4
49_5_688_246_0.907.png,23
49_5_688_246_0.907.png,23
49_5_688_246_0.907.png,10
49_5_688_246_0.907.png,19
49_5_688_246_0.907.png,3
49_5_688_246_0.907.png,11
49_5_688_246_0.907.png,4
49_5_688_246_0.907.png,6
49_5_688_246_0.907.png,16
49_5_688_246_0.907.png,22
49_5_688_246_0.907.png,7
49_5_688_246_0.907.png,15
49_5_688_246_0.907.png,5
49_5_688_246_0.907.png,21
49_5_688_246_0.907.png,8
49_5_688_246_0.907.png,5
49_5_688_246_0.907.png,20
49_5_688_246_0.907.png,9
49_5_688_246_0.907.png,13
49_5_688_246_0.907.png,15
49_5_688_246_0.907.png,17
49_5_688_246_0.907.png,17
49_5_688_246_0.907.png,13
49_5_688_246_0.907.png,12
49_5_688_246_0.907.png,12
49_5_688_246_0.907.png,16
49_5_688_246_0.907.png,20
49_5_688_246_0.907.png,1
99_4_1178_312_0.853.png,21
99_4_1178_312_0.853.png,5
99_4_1178_312_0.853.png,14
99_4_1178_312_0.853.png,20
99_4_1178_312_0.853.png,18
99_4_1178_312_0.853.png,12
99_4_1178_312_0.853.png,3
99_4_1178_312_0.853.png,22
99_4_1178_312_0.853.png,7
99_4_1178_312_0.853.png,7
99_4_1178_312_0.853.png,2
99_4_1178_312_0.853.png,4
99_4_1178_312_0.853.png,13
99_4_1178_312_0.853.png,23
99_4_1178_312_0.853.png,2
99_4_1178_312_0.853.png,8
99_4_1178_312_0.853.png,3
99_4_1178_312_0.853.png,18
99_4_1178_312_0.853.png,11
99_4_1178_312_0.853.png,12
99_4_1178_312_0.853.png,8
99_4_1178_312_0.853.png,20
99_4_1178_312_0.853.png,19
99_4_1178_312_0.853.png,10
99_4_1178_312_0.853.png,13
99_4_1178_312_0.853.png,15
99_4_1178_312_0.853.png,14
99_4_1178_312_0.853.png,21
99_4_1178_312_0.853.png,17
99_4_1178_312_0.853.png,6
99_4_1178_312_0.853.png,22
99_4_1178_312_0.853.png,1
99_4_1178_312_0.853.png,10
99_4_1178_312_0.853.png,16
99_4_1178_312_0.853.png,17
99_4_1178_312_0.853.png,4
99_4_1178_312_0.853.png,6
99_4_1178_312_0.853.png,16
99_4_1178_312_0.853.png,15
99_4_1178_312_0.853.png,9
99_4_1178_312_0.853.png,23
99_4_1178_312_0.853.png,11
99_4_1178_312_0.853.png,19
99_4_1178_312_0.853.png,5
99_4_1178_312_0.853.png,9
99_4_1178_312_0.853.png,1
9_2_688_180_0.814.png,16
9_2_688_180_0.814.png,22
9_2_688_180_0.814.png,17
9_2_688_180_0.814.png,18
9_2_688_180_0.814.png,8
9_2_688_180_0.814.png,3
9_2_688_180_0.814.png,22
9_2_688_180_0.814.png,11
9_2_688_180_0.814.png,15
9_2_688_180_0.814.png,5
9_2_688_180_0.814.png,18
9_2_688_180_0.814.png,9
9_2_688_180_0.814.png,16
9_2_688_180_0.814.png,18
9_2_688_180_0.814.png,19
9_2_688_180_0.814.png,12
9_2_688_180_0.814.png,10
9_2_688_180_0.814.png,19
9_2_688_180_0.814.png,9
9_2_688_180_0.814.png,17
9_2_688_180_0.814.png,16
9_2_688_180_0.814.png,23
9_2_688_180_0.814.png,23
9_2_688_180_0.814.png,6
9_2_688_180_0.814.png,17
9_2_688_180_0.814.png,2
9_2_688_180_0.814.png,7
9_2_688_180_0.814.png,10
9_2_688_180_0.814.png,14
9_2_688_180_0.814.png,20
9_2_688_180_0.814.png,3
9_2_688_180_0.814.png,11
9_2_688_180_0.814.png,14
9_2_688_180_0.814.png,1
9_2_688_180_0.814.png,7
9_2_688_180_0.814.png,1
9_2_688_180_0.814.png,20
9_2_688_180_0.814.png,6
9_2_688_180_0.814.png,12
9_2_688_180_0.814.png,2
9_2_688_180_0.814.png,4
9_2_688_180_0.814.png,4
9_2_688_180_0.814.png,5
9_2_688_180_0.814.png,13
9_2_688_180_0.814.png,13
9_2_688_180_0.814.png,8
9_2_688_180_0.814.png,21
9_2_688_180_0.814.png,22
9_2_688_180_0.814.png,21
9_2_688_180_0.814.png,15
87_1_590_312_0.747.png,6
87_1_590_312_0.747.png,2
87_1_590_312_0.747.png,16
87_1_590_312_0.747.png,19
87_1_590_312_0.747.png,10
87_1_590_312_0.747.png,18
87_1_590_312_0.747.png,23
87_1_590_312_0.747.png,4
87_1_590_312_0.747.png,5
87_1_590_312_0.747.png,17
87_1_590_312_0.747.png,1
87_1_590_312_0.747.png,2
87_1_590_312_0.747.png,3
87_1_590_312_0.747.png,6
87_1_590_312_0.747.png,14
87_1_590_312_0.747.png,14
87_1_590_312_0.747.png,15
87_1_590_312_0.747.png,20
87_1_590_312_0.747.png,19
87_1_590_312_0.747.png,13
87_1_590_312_0.747.png,4
87_1_590_312_0.747.png,3
87_1_590_312_0.747.png,22
87_1_590_312_0.747.png,12
87_1_590_312_0.747.png,16
87_1_590_312_0.747.png,18
87_1_590_312_0.747.png,7
87_1_590_312_0.747.png,5
87_1_590_312_0.747.png,12
87_1_590_312_0.747.png,22
87_1_590_312_0.747.png,9
87_1_590_312_0.747.png,8
87_1_590_312_0.747.png,23
87_1_590_312_0.747.png,11
87_1_590_312_0.747.png,9
87_1_590_312_0.747.png,10
87_1_590_312_0.747.png,7
87_1_590_312_0.747.png,21
87_1_590_312_0.747.png,15
87_1_590_312_0.747.png,11
87_1_590_312_0.747.png,17
87_1_590_312_0.747.png,1
87_1_590_312_0.747.png,20
87_1_590_312_0.747.png,8
87_1_590_312_0.747.png,13
87_1_590_312_0.747.png,21
181_2_296_477_0.795.png,1
181_2_296_477_0.795.png,17
181_2_296_477_0.795.png,15
181_2_296_477_0.795.png,22
181_2_296_477_0.795.png,10
181_2_296_477_0.795.png,17
181_2_296_477_0.795.png,22
181_2_296_477_0.795.png,9
181_2_296_477_0.795.png,4
181_2_296_477_0.795.png,16
181_2_296_477_0.795.png,18
181_2_296_477_0.795.png,21
181_2_296_477_0.795.png,4
181_2_296_477_0.795.png,8
181_2_296_477_0.795.png,20
181_2_296_477_0.795.png,11
181_2_296_477_0.795.png,14
181_2_296_477_0.795.png,7
181_2_296_477_0.795.png,2
181_2_296_477_0.795.png,6
181_2_296_477_0.795.png,13
181_2_296_477_0.795.png,2
181_2_296_477_0.795.png,10
181_2_296_477_0.795.png,21
181_2_296_477_0.795.png,16
181_2_296_477_0.795.png,19
181_2_296_477_0.795.png,20
181_2_296_477_0.795.png,5
181_2_296_477_0.795.png,6
181_2_296_477_0.795.png,12
181_2_296_477_0.795.png,3
181_2_296_477_0.795.png,3
181_2_296_477_0.795.png,15
181_2_296_477_0.795.png,5
181_2_296_477_0.795.png,13
181_2_296_477_0.795.png,19
181_2_296_477_0.795.png,9
181_2_296_477_0.795.png,23
181_2_296_477_0.795.png,14
181_2_296_477_0.795.png,23
181_2_296_477_0.795.png,18
181_2_296_477_0.795.png,11
181_2_296_477_0.795.png,23
181_2_296_477_0.795.png,1
181_2_296_477_0.795.png,7
181_2_296_477_0.795.png,8
18_1_1129_180_0.716.png,11
18_1_1129_180_0.716.png,1
18_1_1129_180_0.716.png,21
18_1_1129_180_0.716.png,3
18_1_1129_180_0.716.png,1
18_1_1129_180_0.716.png,13
18_1_1129_180_0.716.png,9
18_1_1129_180_0.716.png,14
18_1_1129_180_0.716.png,4
18_1_1129_180_0.716.png,17
18_1_1129_180_0.716.png,2
18_1_1129_180_0.716.png,4
18_1_1129_180_0.716.png,10
18_1_1129_180_0.716.png,6
18_1_1129_180_0.716.png,17
18_1_1129_180_0.716.png,12
18_1_1129_180_0.716.png,23
18_1_1129_180_0.716.png,20
18_1_1129_180_0.716.png,8
18_1_1129_180_0.716.png,13
18_1_1129_180_0.716.png,19
18_1_1129_180_0.716.png,2
18_1_1129_180_0.716.png,19
18_1_1129_180_0.716.png,5
18_1_1129_180_0.716.png,23
18_1_1129_180_0.716.png,15
18_1_1129_180_0.716.png,8
18_1_1129_180_0.716.png,10
18_1_1129_180_0.716.png,7
18_1_1129_180_0.716.png,5
18_1_1129_180_0.716.png,6
18_1_1129_180_0.716.png,3
18_1_1129_180_0.716.png,11
18_1_1129_180_0.716.png,7
18_1_1129_180_0.716.png,18
18_1_1129_180_0.716.png,9
18_1_1129_180_0.716.png,20
18_1_1129_180_0.716.png,14
18_1_1129_180_0.716.png,22
103_2_394_345_0.841.png,5
103_2_394_345_0.841.png,9
103_2_394_345_0.841.png,16
103_2_394_345_0.841.png,16
103_2_394_345_0.841.png,9
103_2_394_345_0.841.png,20
103_2_394_345_0.841.png,14
103_2_394_345_0.841.png,14
103_2_394_345_0.841.png,18
103_2_394_345_0.841.png,4
103_2_394_345_0.841.png,11
103_2_394_345_0.841.png,22
103_2_394_345_0.841.png,6
103_2_394_345_0.841.png,6
103_2_394_345_0.841.png,7
103_2_394_345_0.841.png,19
103_2_394_345_0.841.png,15
103_2_394_345_0.841.png,22
103_2_394_345_0.841.png,1
103_2_394_345_0.841.png,4
103_2_394_345_0.841.png,3
103_2_394_345_0.841.png,13
103_2_394_345_0.841.png,18
103_2_394_345_0.841.png,7
103_2_394_345_0.841.png,1
103_2_394_345_0.841.png,17
103_2_394_345_0.841.png,12
103_2_394_345_0.841.png,17
103_2_394_345_0.841.png,8
103_2_394_345_0.841.png,2
103_2_394_345_0.841.png,21
103_2_394_345_0.841.png,11
103_2_394_345_0.841.png,2
103_2_394_345_0.841.png,15
103_2_394_345_0.841.png,23
103_2_394_345_0.841.png,23
103_2_394_345_0.841.png,19
103_2_394_345_0.841.png,10
103_2_394_345_0.841.png,10
103_2_394_345_0.841.png,13
103_2_394_345_0.841.png,12
103_2_394_345_0.841.png,8
103_2_394_345_0.841.png,21
103_2_394_345_0.841.png,5
104_6_443_345_0.487.png,2
104_6_443_345_0.487.png,4
104_6_443_345_0.487.png,23
104_6_443_345_0.487.png,14
104_6_443_345_0.487.png,18
104_6_443_345_0.487.png,8
104_6_443_345_0.487.png,11
104_6_443_345_0.487.png,10
104_6_443_345_0.487.png,15
104_6_443_345_0.487.png,10
104_6_443_345_0.487.png,4
104_6_443_345_0.487.png,12
104_6_443_345_0.487.png,5
104_6_443_345_0.487.png,22
104_6_443_345_0.487.png,6
104_6_443_345_0.487.png,15
104_6_443_345_0.487.png,20
104_6_443_345_0.487.png,22
104_6_443_345_0.487.png,7
104_6_443_345_0.487.png,13
104_6_443_345_0.487.png,1
104_6_443_345_0.487.png,20
104_6_443_345_0.487.png,19
104_6_443_345_0.487.png,14
104_6_443_345_0.487.png,2
104_6_443_345_0.487.png,16
104_6_443_345_0.487.png,21
104_6_443_345_0.487.png,1
104_6_443_345_0.487.png,17
104_6_443_345_0.487.png,19
104_6_443_345_0.487.png,11
104_6_443_345_0.487.png,5
104_6_443_345_0.487.png,3
104_6_443_345_0.487.png,16
104_6_443_345_0.487.png,6
104_6_443_345_0.487.png,12
104_6_443_345_0.487.png,18
104_6_443_345_0.487.png,9
104_6_443_345_0.487.png,3
104_6_443_345_0.487.png,17
104_6_443_345_0.487.png,9
104_6_443_345_0.487.png,23
104_6_443_345_0.487.png,8
104_6_443_345_0.487.png,7
104_6_443_345_0.487.png,13
104_6_443_345_0.487.png,21
104_6_443_345_0.793.png,2
104_6_443_345_0.793.png,8
104_6_443_345_0.793.png,8
104_6_443_345_0.793.png,22
104_6_443_345_0.793.png,6
104_6_443_345_0.793.png,2
104_6_443_345_0.793.png,16
104_6_443_345_0.793.png,11
104_6_443_345_0.793.png,15
104_6_443_345_0.793.png,11
104_6_443_345_0.793.png,10
104_6_443_345_0.793.png,14
104_6_443_345_0.793.png,23
104_6_443_345_0.793.png,12
104_6_443_345_0.793.png,17
104_6_443_345_0.793.png,7
104_6_443_345_0.793.png,14
104_6_443_345_0.793.png,1
104_6_443_345_0.793.png,18
104_6_443_345_0.793.png,4
104_6_443_345_0.793.png,3
104_6_443_345_0.793.png,6
104_6_443_345_0.793.png,19
104_6_443_345_0.793.png,7
104_6_443_345_0.793.png,4
104_6_443_345_0.793.png,23
104_6_443_345_0.793.png,5
104_6_443_345_0.793.png,1
104_6_443_345_0.793.png,9
104_6_443_345_0.793.png,21
104_6_443_345_0.793.png,10
104_6_443_345_0.793.png,19
104_6_443_345_0.793.png,13
104_6_443_345_0.793.png,21
104_6_443_345_0.793.png,5
104_6_443_345_0.793.png,15
104_6_443_345_0.793.png,20
104_6_443_345_0.793.png,3
104_6_443_345_0.793.png,22
104_6_443_345_0.793.png,13
104_6_443_345_0.793.png,9
104_6_443_345_0.793.png,17
104_6_443_345_0.793.png,20
104_6_443_345_0.793.png,16
104_6_443_345_0.793.png,12
104_6_443_345_0.793.png,18
105_2_492_345_0.788.png,13
105_2_492_345_0.788.png,7
105_2_492_345_0.788.png,14
105_2_492_345_0.788.png,18
105_2_492_345_0.788.png,2
105_2_492_345_0.788.png,20
105_2_492_345_0.788.png,10
105_2_492_345_0.788.png,15
105_2_492_345_0.788.png,13
105_2_492_345_0.788.png,7
105_2_492_345_0.788.png,19
105_2_492_345_0.788.png,14
105_2_492_345_0.788.png,1
105_2_492_345_0.788.png,22
105_2_492_345_0.788.png,15
105_2_492_345_0.788.png,2
105_2_492_345_0.788.png,4
105_2_492_345_0.788.png,9
105_2_492_345_0.788.png,23
105_2_492_345_0.788.png,10
105_2_492_345_0.788.png,11
105_2_492_345_0.788.png,8
105_2_492_345_0.788.png,4
105_2_492_345_0.788.png,12
105_2_492_345_0.788.png,6
105_2_492_345_0.788.png,16
105_2_492_345_0.788.png,19
105_2_492_345_0.788.png,21
105_2_492_345_0.788.png,1
105_2_492_345_0.788.png,17
105_2_492_345_0.788.png,20
105_2_492_345_0.788.png,22
105_2_492_345_0.788.png,5
105_2_492_345_0.788.png,23
105_2_492_345_0.788.png,8
105_2_492_345_0.788.png,11
105_2_492_345_0.788.png,5
105_2_492_345_0.788.png,3
105_2_492_345_0.788.png,6
105_2_492_345_0.788.png,16
105_2_492_345_0.788.png,12
105_2_492_345_0.788.png,18
105_2_492_345_0.788.png,9
105_2_492_345_0.788.png,17
105_2_492_345_0.788.png,3
105_2_492_345_0.788.png,21
170_2_737_444_0.888.png,9
170_2_737_444_0.888.png,4
170_2_737_444_0.888.png,17
170_2_737_444_0.888.png,18
170_2_737_444_0.888.png,10
170_2_737_444_0.888.png,13
170_2_737_444_0.888.png,10
170_2_737_444_0.888.png,11
170_2_737_444_0.888.png,9
170_2_737_444_0.888.png,20
170_2_737_444_0.888.png,6
170_2_737_444_0.888.png,15
170_2_737_444_0.888.png,20
170_2_737_444_0.888.png,21
170_2_737_444_0.888.png,1
170_2_737_444_0.888.png,8
170_2_737_444_0.888.png,8
170_2_737_444_0.888.png,13
170_2_737_444_0.888.png,1
170_2_737_444_0.888.png,23
170_2_737_444_0.888.png,15
170_2_737_444_0.888.png,12
170_2_737_444_0.888.png,16
170_2_737_444_0.888.png,2
170_2_737_444_0.888.png,14
170_2_737_444_0.888.png,22
170_2_737_444_0.888.png,7
170_2_737_444_0.888.png,2
170_2_737_444_0.888.png,3
170_2_737_444_0.888.png,14
170_2_737_444_0.888.png,17
170_2_737_444_0.888.png,7
170_2_737_444_0.888.png,19
170_2_737_444_0.888.png,19
170_2_737_444_0.888.png,22
170_2_737_444_0.888.png,21
170_2_737_444_0.888.png,11
170_2_737_444_0.888.png,3
170_2_737_444_0.888.png,5
170_2_737_444_0.888.png,4
170_2_737_444_0.888.png,5
170_2_737_444_0.888.png,6
170_2_737_444_0.888.png,18
170_2_737_444_0.888.png,23
170_2_737_444_0.888.png,12
192_3_835_477_0.501.png,18
192_3_835_477_0.501.png,4
192_3_835_477_0.501.png,22
192_3_835_477_0.501.png,14
192_3_835_477_0.501.png,11
192_3_835_477_0.501.png,3
192_3_835_477_0.501.png,14
192_3_835_477_0.501.png,5
192_3_835_477_0.501.png,11
192_3_835_477_0.501.png,15
192_3_835_477_0.501.png,19
192_3_835_477_0.501.png,9
192_3_835_477_0.501.png,7
192_3_835_477_0.501.png,1
192_3_835_477_0.501.png,19
192_3_835_477_0.501.png,17
192_3_835_477_0.501.png,2
192_3_835_477_0.501.png,16
192_3_835_477_0.501.png,21
192_3_835_477_0.501.png,20
192_3_835_477_0.501.png,13
192_3_835_477_0.501.png,18
192_3_835_477_0.501.png,22
192_3_835_477_0.501.png,3
192_3_835_477_0.501.png,16
192_3_835_477_0.501.png,2
192_3_835_477_0.501.png,23
192_3_835_477_0.501.png,20
192_3_835_477_0.501.png,17
192_3_835_477_0.501.png,10
192_3_835_477_0.501.png,6
192_3_835_477_0.501.png,5
192_3_835_477_0.501.png,10
192_3_835_477_0.501.png,8
192_3_835_477_0.501.png,7
192_3_835_477_0.501.png,12
192_3_835_477_0.501.png,12
192_3_835_477_0.501.png,15
192_3_835_477_0.501.png,9
192_3_835_477_0.501.png,21
192_3_835_477_0.501.png,6
192_3_835_477_0.501.png,8
192_3_835_477_0.501.png,1
192_3_835_477_0.501.png,23
192_3_835_477_0.501.png,4
192_3_835_477_0.501.png,13
256_8_1031_576_0.831.png,13
256_8_1031_576_0.831.png,1
256_8_1031_576_0.831.png,9
256_8_1031_576_0.831.png,22
256_8_1031_576_0.831.png,9
256_8_1031_576_0.831.png,10
256_8_1031_576_0.831.png,20
256_8_1031_576_0.831.png,6
256_8_1031_576_0.831.png,2
256_8_1031_576_0.831.png,18
256_8_1031_576_0.831.png,18
256_8_1031_576_0.831.png,6
256_8_1031_576_0.831.png,21
256_8_1031_576_0.831.png,8
256_8_1031_576_0.831.png,15
256_8_1031_576_0.831.png,20
256_8_1031_576_0.831.png,5
256_8_1031_576_0.831.png,7
256_8_1031_576_0.831.png,4
256_8_1031_576_0.831.png,13
256_8_1031_576_0.831.png,1
256_8_1031_576_0.831.png,12
256_8_1031_576_0.831.png,11
256_8_1031_576_0.831.png,14
256_8_1031_576_0.831.png,17
256_8_1031_576_0.831.png,12
256_8_1031_576_0.831.png,8
256_8_1031_576_0.831.png,22
256_8_1031_576_0.831.png,2
256_8_1031_576_0.831.png,19
256_8_1031_576_0.831.png,7
256_8_1031_576_0.831.png,3
256_8_1031_576_0.831.png,16
256_8_1031_576_0.831.png,14
256_8_1031_576_0.831.png,10
256_8_1031_576_0.831.png,4
256_8_1031_576_0.831.png,17
256_8_1031_576_0.831.png,5
256_8_1031_576_0.831.png,3
256_8_1031_576_0.831.png,23
256_8_1031_576_0.831.png,11
256_8_1031_576_0.831.png,19
256_8_1031_576_0.831.png,16
256_8_1031_576_0.831.png,21
256_8_1031_576_0.831.png,23
256_8_1031_576_0.831.png,15
4_2_443_180_0.907.png,18
4_2_443_180_0.907.png,8
4_2_443_180_0.907.png,22
4_2_443_180_0.907.png,18
4_2_443_180_0.907.png,7
4_2_443_180_0.907.png,5
4_2_443_180_0.907.png,9
4_2_443_180_0.907.png,12
4_2_443_180_0.907.png,11
4_2_443_180_0.907.png,10
4_2_443_180_0.907.png,16
4_2_443_180_0.907.png,2
4_2_443_180_0.907.png,6
4_2_443_180_0.907.png,9
4_2_443_180_0.907.png,22
4_2_443_180_0.907.png,15
4_2_443_180_0.907.png,13
4_2_443_180_0.907.png,21
4_2_443_180_0.907.png,23
4_2_443_180_0.907.png,15
4_2_443_180_0.907.png,1
4_2_443_180_0.907.png,1
4_2_443_180_0.907.png,12
4_2_443_180_0.907.png,21
4_2_443_180_0.907.png,17
4_2_443_180_0.907.png,8
4_2_443_180_0.907.png,16
4_2_443_180_0.907.png,20
4_2_443_180_0.907.png,19
4_2_443_180_0.907.png,11
4_2_443_180_0.907.png,3
4_2_443_180_0.907.png,20
4_2_443_180_0.907.png,3
4_2_443_180_0.907.png,4
4_2_443_180_0.907.png,19
4_2_443_180_0.907.png,5
4_2_443_180_0.907.png,2
4_2_443_180_0.907.png,14
4_2_443_180_0.907.png,6
4_2_443_180_0.907.png,13
4_2_443_180_0.907.png,4
4_2_443_180_0.907.png,10
4_2_443_180_0.907.png,14
4_2_443_180_0.907.png,17
4_2_443_180_0.907.png,23
61_2_296_279_0.594.png,22
61_2_296_279_0.594.png,9
61_2_296_279_0.594.png,5
61_2_296_279_0.594.png,12
61_2_296_279_0.594.png,6
61_2_296_279_0.594.png,1
61_2_296_279_0.594.png,7
61_2_296_279_0.594.png,16
61_2_296_279_0.594.png,18
61_2_296_279_0.594.png,3
61_2_296_279_0.594.png,20
61_2_296_279_0.594.png,7
61_2_296_279_0.594.png,23
61_2_296_279_0.594.png,16
61_2_296_279_0.594.png,12
61_2_296_279_0.594.png,1
61_2_296_279_0.594.png,2
61_2_296_279_0.594.png,23
61_2_296_279_0.594.png,13
61_2_296_279_0.594.png,11
61_2_296_279_0.594.png,19
61_2_296_279_0.594.png,10
61_2_296_279_0.594.png,2
61_2_296_279_0.594.png,14
61_2_296_279_0.594.png,22
61_2_296_279_0.594.png,15
61_2_296_279_0.594.png,20
61_2_296_279_0.594.png,8
61_2_296_279_0.594.png,13
61_2_296_279_0.594.png,8
61_2_296_279_0.594.png,21
61_2_296_279_0.594.png,18
61_2_296_279_0.594.png,6
61_2_296_279_0.594.png,10
61_2_296_279_0.594.png,11
61_2_296_279_0.594.png,4
61_2_296_279_0.594.png,4
61_2_296_279_0.594.png,5
61_2_296_279_0.594.png,14
61_2_296_279_0.594.png,9
61_2_296_279_0.594.png,3
61_2_296_279_0.594.png,21
61_2_296_279_0.594.png,19
61_2_296_279_0.594.png,17
61_2_296_279_0.594.png,17
67_2_590_279_0.755.png,13
67_2_590_279_0.755.png,17
67_2_590_279_0.755.png,23
67_2_590_279_0.755.png,8
67_2_590_279_0.755.png,12
67_2_590_279_0.755.png,13
67_2_590_279_0.755.png,19
67_2_590_279_0.755.png,16
67_2_590_279_0.755.png,8
67_2_590_279_0.755.png,11
67_2_590_279_0.755.png,5
67_2_590_279_0.755.png,14
67_2_590_279_0.755.png,1
67_2_590_279_0.755.png,7
67_2_590_279_0.755.png,20
67_2_590_279_0.755.png,14
67_2_590_279_0.755.png,12
67_2_590_279_0.755.png,4
67_2_590_279_0.755.png,23
67_2_590_279_0.755.png,21
67_2_590_279_0.755.png,22
67_2_590_279_0.755.png,19
67_2_590_279_0.755.png,5
67_2_590_279_0.755.png,15
67_2_590_279_0.755.png,18
67_2_590_279_0.755.png,3
67_2_590_279_0.755.png,6
67_2_590_279_0.755.png,16
67_2_590_279_0.755.png,10
67_2_590_279_0.755.png,2
67_2_590_279_0.755.png,21
67_2_590_279_0.755.png,18
67_2_590_279_0.755.png,9
67_2_590_279_0.755.png,17
67_2_590_279_0.755.png,1
67_2_590_279_0.755.png,4
67_2_590_279_0.755.png,9
67_2_590_279_0.755.png,11
67_2_590_279_0.755.png,6
67_2_590_279_0.755.png,10
67_2_590_279_0.755.png,3
67_2_590_279_0.755.png,7
67_2_590_279_0.755.png,15
67_2_590_279_0.755.png,2
67_2_590_279_0.755.png,22
67_2_590_279_0.755.png,20
69_2_688_279_0.611.png,4
69_2_688_279_0.611.png,21
69_2_688_279_0.611.png,21
69_2_688_279_0.611.png,3
69_2_688_279_0.611.png,7
69_2_688_279_0.611.png,19
69_2_688_279_0.611.png,11
69_2_688_279_0.611.png,20
69_2_688_279_0.611.png,22
69_2_688_279_0.611.png,2
69_2_688_279_0.611.png,17
69_2_688_279_0.611.png,5
69_2_688_279_0.611.png,1
69_2_688_279_0.611.png,12
69_2_688_279_0.611.png,18
69_2_688_279_0.611.png,7
69_2_688_279_0.611.png,23
69_2_688_279_0.611.png,20
69_2_688_279_0.611.png,1
69_2_688_279_0.611.png,4
69_2_688_279_0.611.png,17
69_2_688_279_0.611.png,3
69_2_688_279_0.611.png,15
69_2_688_279_0.611.png,10
69_2_688_279_0.611.png,8
69_2_688_279_0.611.png,16
69_2_688_279_0.611.png,13
69_2_688_279_0.611.png,8
69_2_688_279_0.611.png,9
69_2_688_279_0.611.png,16
69_2_688_279_0.611.png,2
69_2_688_279_0.611.png,13
69_2_688_279_0.611.png,14
69_2_688_279_0.611.png,12
69_2_688_279_0.611.png,9
69_2_688_279_0.611.png,14
69_2_688_279_0.611.png,11
69_2_688_279_0.611.png,6
69_2_688_279_0.611.png,19
69_2_688_279_0.611.png,5
69_2_688_279_0.611.png,18
69_2_688_279_0.611.png,10
69_2_688_279_0.611.png,15
69_2_688_279_0.611.png,22
69_2_688_279_0.611.png,23
69_2_688_279_0.611.png,6
83_2_394_312_0.609.png,3
83_2_394_312_0.609.png,3
83_2_394_312_0.609.png,15
83_2_394_312_0.609.png,12
83_2_394_312_0.609.png,20
83_2_394_312_0.609.png,2
83_2_394_312_0.609.png,19
83_2_394_312_0.609.png,4
83_2_394_312_0.609.png,1
83_2_394_312_0.609.png,15
83_2_394_312_0.609.png,8
83_2_394_312_0.609.png,23
83_2_394_312_0.609.png,23
83_2_394_312_0.609.png,16
83_2_394_312_0.609.png,5
83_2_394_312_0.609.png,12
83_2_394_312_0.609.png,14
83_2_394_312_0.609.png,22
83_2_394_312_0.609.png,4
83_2_394_312_0.609.png,13
83_2_394_312_0.609.png,18
83_2_394_312_0.609.png,18
83_2_394_312_0.609.png,14
83_2_394_312_0.609.png,21
83_2_394_312_0.609.png,13
83_2_394_312_0.609.png,10
83_2_394_312_0.609.png,9
83_2_394_312_0.609.png,9
83_2_394_312_0.609.png,7
83_2_394_312_0.609.png,16
83_2_394_312_0.609.png,20
83_2_394_312_0.609.png,10
83_2_394_312_0.609.png,1
83_2_394_312_0.609.png,11
83_2_394_312_0.609.png,19
83_2_394_312_0.609.png,7
83_2_394_312_0.609.png,5
83_2_394_312_0.609.png,17
83_2_394_312_0.609.png,6
83_2_394_312_0.609.png,17
83_2_394_312_0.609.png,22
83_2_394_312_0.609.png,6
83_2_394_312_0.609.png,2
83_2_394_312_0.609.png,11
83_2_394_312_0.609.png,8
83_2_394_312_0.609.png,21
85_1_492_312_0.550.png,23
85_1_492_312_0.550.png,17
85_1_492_312_0.550.png,15
85_1_492_312_0.550.png,6
85_1_492_312_0.550.png,21
85_1_492_312_0.550.png,15
85_1_492_312_0.550.png,22
85_1_492_312_0.550.png,3
85_1_492_312_0.550.png,19
85_1_492_312_0.550.png,12
85_1_492_312_0.550.png,4
85_1_492_312_0.550.png,10
85_1_492_312_0.550.png,14
85_1_492_312_0.550.png,5
85_1_492_312_0.550.png,19
85_1_492_312_0.550.png,8
85_1_492_312_0.550.png,16
85_1_492_312_0.550.png,8
85_1_492_312_0.550.png,21
85_1_492_312_0.550.png,14
85_1_492_312_0.550.png,9
85_1_492_312_0.550.png,17
85_1_492_312_0.550.png,13
85_1_492_312_0.550.png,1
85_1_492_312_0.550.png,16
85_1_492_312_0.550.png,20
85_1_492_312_0.550.png,18
85_1_492_312_0.550.png,7
85_1_492_312_0.550.png,15
85_1_492_312_0.550.png,6
85_1_492_312_0.550.png,20
85_1_492_312_0.550.png,3
85_1_492_312_0.550.png,11
85_1_492_312_0.550.png,4
85_1_492_312_0.550.png,9
85_1_492_312_0.550.png,18
85_1_492_312_0.550.png,5
85_1_492_312_0.550.png,2
85_1_492_312_0.550.png,2
85_1_492_312_0.550.png,10
85_1_492_312_0.550.png,23
85_1_492_312_0.550.png,11
85_1_492_312_0.550.png,1
85_1_492_312_0.550.png,12
85_1_492_312_0.550.png,7
88_1_639_312_0.825.png,5
88_1_639_312_0.825.png,4
88_1_639_312_0.825.png,23
88_1_639_312_0.825.png,16
88_1_639_312_0.825.png,17
88_1_639_312_0.825.png,2
88_1_639_312_0.825.png,4
88_1_639_312_0.825.png,19
88_1_639_312_0.825.png,13
88_1_639_312_0.825.png,19
88_1_639_312_0.825.png,6
88_1_639_312_0.825.png,2
88_1_639_312_0.825.png,10
88_1_639_312_0.825.png,5
88_1_639_312_0.825.png,18
88_1_639_312_0.825.png,12
88_1_639_312_0.825.png,7
88_1_639_312_0.825.png,18
88_1_639_312_0.825.png,16
88_1_639_312_0.825.png,11
88_1_639_312_0.825.png,21
88_1_639_312_0.825.png,12
88_1_639_312_0.825.png,13
88_1_639_312_0.825.png,3
88_1_639_312_0.825.png,9
88_1_639_312_0.825.png,22
88_1_639_312_0.825.png,1
88_1_639_312_0.825.png,3
88_1_639_312_0.825.png,6
88_1_639_312_0.825.png,14
88_1_639_312_0.825.png,14
88_1_639_312_0.825.png,15
88_1_639_312_0.825.png,20
88_1_639_312_0.825.png,8
88_1_639_312_0.825.png,23
88_1_639_312_0.825.png,10
88_1_639_312_0.825.png,11
88_1_639_312_0.825.png,9
88_1_639_312_0.825.png,7
88_1_639_312_0.825.png,15
88_1_639_312_0.825.png,17
88_1_639_312_0.825.png,1
88_1_639_312_0.825.png,20
88_1_639_312_0.825.png,8
88_1_639_312_0.825.png,21
88_1_639_312_0.825.png,21
92_6_835_312_0.531.png,5
92_6_835_312_0.531.png,19
92_6_835_312_0.531.png,2
92_6_835_312_0.531.png,7
92_6_835_312_0.531.png,12
92_6_835_312_0.531.png,10
92_6_835_312_0.531.png,11
92_6_835_312_0.531.png,2
92_6_835_312_0.531.png,20
92_6_835_312_0.531.png,17
92_6_835_312_0.531.png,18
92_6_835_312_0.531.png,1
92_6_835_312_0.531.png,9
92_6_835_312_0.531.png,16
92_6_835_312_0.531.png,19
92_6_835_312_0.531.png,4
92_6_835_312_0.531.png,23
92_6_835_312_0.531.png,14
92_6_835_312_0.531.png,11
92_6_835_312_0.531.png,13
92_6_835_312_0.531.png,9
92_6_835_312_0.531.png,3
92_6_835_312_0.531.png,17
92_6_835_312_0.531.png,1
92_6_835_312_0.531.png,16
92_6_835_312_0.531.png,14
92_6_835_312_0.531.png,7
92_6_835_312_0.531.png,3
92_6_835_312_0.531.png,15
92_6_835_312_0.531.png,15
92_6_835_312_0.531.png,4
92_6_835_312_0.531.png,10
92_6_835_312_0.531.png,5
92_6_835_312_0.531.png,12
92_6_835_312_0.531.png,6
92_6_835_312_0.531.png,18
92_6_835_312_0.531.png,20
92_6_835_312_0.531.png,21
92_6_835_312_0.531.png,13
92_6_835_312_0.531.png,21
92_6_835_312_0.531.png,23
92_6_835_312_0.531.png,8
92_6_835_312_0.531.png,8
92_6_835_312_0.531.png,22
92_6_835_312_0.531.png,22
92_6_835_312_0.531.png,6
92_6_835_312_0.847.png,17
92_6_835_312_0.847.png,4
92_6_835_312_0.847.png,18
92_6_835_312_0.847.png,8
92_6_835_312_0.847.png,3
92_6_835_312_0.847.png,21
92_6_835_312_0.847.png,13
92_6_835_312_0.847.png,9
92_6_835_312_0.847.png,2
92_6_835_312_0.847.png,16
92_6_835_312_0.847.png,12
92_6_835_312_0.847.png,13
92_6_835_312_0.847.png,19
92_6_835_312_0.847.png,16
92_6_835_312_0.847.png,3
92_6_835_312_0.847.png,12
92_6_835_312_0.847.png,6
92_6_835_312_0.847.png,1
92_6_835_312_0.847.png,22
92_6_835_312_0.847.png,9
92_6_835_312_0.847.png,17
92_6_835_312_0.847.png,6
92_6_835_312_0.847.png,10
92_6_835_312_0.847.png,10
92_6_835_312_0.847.png,8
92_6_835_312_0.847.png,21
92_6_835_312_0.847.png,2
92_6_835_312_0.847.png,23
92_6_835_312_0.847.png,15
92_6_835_312_0.847.png,15
92_6_835_312_0.847.png,5
92_6_835_312_0.847.png,18
92_6_835_312_0.847.png,7
92_6_835_312_0.847.png,23
92_6_835_312_0.847.png,1
92_6_835_312_0.847.png,7
92_6_835_312_0.847.png,22
92_6_835_312_0.847.png,4
92_6_835_312_0.847.png,14
92_6_835_312_0.847.png,5
92_6_835_312_0.847.png,14
92_6_835_312_0.847.png,19
92_6_835_312_0.847.png,20
92_6_835_312_0.847.png,20
92_6_835_312_0.847.png,11
92_6_835_312_0.847.png,11
94_5_933_312_0.819.png,19
94_5_933_312_0.819.png,1
94_5_933_312_0.819.png,20
94_5_933_312_0.819.png,2
94_5_933_312_0.819.png,11
94_5_933_312_0.819.png,16
94_5_933_312_0.819.png,6
94_5_933_312_0.819.png,7
94_5_933_312_0.819.png,17
94_5_933_312_0.819.png,12
94_5_933_312_0.819.png,11
94_5_933_312_0.819.png,6
94_5_933_312_0.819.png,8
94_5_933_312_0.819.png,13
94_5_933_312_0.819.png,14
94_5_933_312_0.819.png,13
94_5_933_312_0.819.png,16
94_5_933_312_0.819.png,7
94_5_933_312_0.819.png,4
94_5_933_312_0.819.png,15
94_5_933_312_0.819.png,10
94_5_933_312_0.819.png,2
94_5_933_312_0.819.png,10
94_5_933_312_0.819.png,14
94_5_933_312_0.819.png,15
94_5_933_312_0.819.png,12
94_5_933_312_0.819.png,22
94_5_933_312_0.819.png,18
94_5_933_312_0.819.png,19
94_5_933_312_0.819.png,23
94_5_933_312_0.819.png,4
94_5_933_312_0.819.png,5
94_5_933_312_0.819.png,21
94_5_933_312_0.819.png,17
94_5_933_312_0.819.png,22
94_5_933_312_0.819.png,8
94_5_933_312_0.819.png,3
94_5_933_312_0.819.png,23
94_5_933_312_0.819.png,20
94_5_933_312_0.819.png,9
94_5_933_312_0.819.png,5
94_5_933_312_0.819.png,3
94_5_933_312_0.819.png,21
94_5_933_312_0.819.png,18
94_5_933_312_0.819.png,9
94_5_933_312_0.819.png,1
94_5_933_312_0.838.png,4
94_5_933_312_0.838.png,20
94_5_933_312_0.838.png,19
94_5_933_312_0.838.png,5
94_5_933_312_0.838.png,18
94_5_933_312_0.838.png,23
94_5_933_312_0.838.png,3
94_5_933_312_0.838.png,17
94_5_933_312_0.838.png,1
94_5_933_312_0.838.png,19
94_5_933_312_0.838.png,11
94_5_933_312_0.838.png,5
94_5_933_312_0.838.png,8
94_5_933_312_0.838.png,23
94_5_933_312_0.838.png,8
94_5_933_312_0.838.png,1
94_5_933_312_0.838.png,12
94_5_933_312_0.838.png,15
94_5_933_312_0.838.png,4
94_5_933_312_0.838.png,3
94_5_933_312_0.838.png,14
94_5_933_312_0.838.png,6
94_5_933_312_0.838.png,21
94_5_933_312_0.838.png,2
94_5_933_312_0.838.png,10
94_5_933_312_0.838.png,16
94_5_933_312_0.838.png,20
94_5_933_312_0.838.png,7
94_5_933_312_0.838.png,7
94_5_933_312_0.838.png,2
94_5_933_312_0.838.png,9
94_5_933_312_0.838.png,17
94_5_933_312_0.838.png,13
94_5_933_312_0.838.png,22
94_5_933_312_0.838.png,15
94_5_933_312_0.838.png,10
94_5_933_312_0.838.png,22
94_5_933_312_0.838.png,14
94_5_933_312_0.838.png,16
94_5_933_312_0.838.png,13
94_5_933_312_0.838.png,6
94_5_933_312_0.838.png,9
94_5_933_312_0.838.png,11
94_5_933_312_0.838.png,18
94_5_933_312_0.838.png,12
94_5_933_312_0.838.png,21
0_2_247_180_0.811.png,9
0_2_247_180_0.811.png,24
0_2_247_180_0.811.png,3
0_2_247_180_0.811.png,5
0_2_247_180_0.811.png,9
0_2_247_180_0.811.png,11
0_2_247_180_0.811.png,1
0_2_247_180_0.811.png,16
0_2_247_180_0.811.png,1
0_2_247_180_0.811.png,22
0_2_247_180_0.811.png,2
0_2_247_180_0.811.png,7
0_2_247_180_0.811.png,15
0_2_247_180_0.811.png,20
0_2_247_180_0.811.png,17
0_2_247_180_0.811.png,12
0_2_247_180_0.811.png,7
0_2_247_180_0.811.png,6
0_2_247_180_0.811.png,5
0_2_247_180_0.811.png,18
0_2_247_180_0.811.png,19
0_2_247_180_0.811.png,4
0_2_247_180_0.811.png,15
0_2_247_180_0.811.png,15
0_2_247_180_0.811.png,2
0_2_247_180_0.811.png,17
0_2_247_180_0.811.png,20
0_2_247_180_0.811.png,4
0_2_247_180_0.811.png,19
0_2_247_180_0.811.png,21
0_2_247_180_0.811.png,22
0_2_247_180_0.811.png,14
0_2_247_180_0.811.png,12
0_2_247_180_0.811.png,10
0_2_247_180_0.811.png,8
0_2_247_180_0.811.png,21
0_2_247_180_0.811.png,6
100_1_247_345_0.728.png,17
100_1_247_345_0.728.png,13
100_1_247_345_0.728.png,11
100_1_247_345_0.728.png,4
100_1_247_345_0.728.png,10
100_1_247_345_0.728.png,8
100_1_247_345_0.728.png,8
100_1_247_345_0.728.png,18
100_1_247_345_0.728.png,3
100_1_247_345_0.728.png,21
100_1_247_345_0.728.png,19
100_1_247_345_0.728.png,15
100_1_247_345_0.728.png,22
100_1_247_345_0.728.png,17
100_1_247_345_0.728.png,4
100_1_247_345_0.728.png,7
100_1_247_345_0.728.png,18
100_1_247_345_0.728.png,3
100_1_247_345_0.728.png,20
100_1_247_345_0.728.png,11
100_1_247_345_0.728.png,22
100_1_247_345_0.728.png,9
100_1_247_345_0.728.png,15
100_1_247_345_0.728.png,19
100_1_247_345_0.728.png,14
100_1_247_345_0.728.png,13
100_1_247_345_0.728.png,7
100_1_247_345_0.728.png,23
100_1_247_345_0.728.png,21
100_1_247_345_0.728.png,5
100_1_247_345_0.728.png,5
100_1_247_345_0.728.png,12
100_1_247_345_0.728.png,14
100_1_247_345_0.728.png,20
100_1_247_345_0.728.png,1
100_1_247_345_0.728.png,1
100_1_247_345_0.728.png,6
100_1_247_345_0.728.png,2
100_1_247_345_0.728.png,16
100_1_247_345_0.728.png,10
100_1_247_345_0.728.png,9
100_1_247_345_0.728.png,16
100_1_247_345_0.728.png,2
100_1_247_345_0.728.png,24
100_1_247_345_0.728.png,12
100_1_247_345_0.728.png,6
104_1_443_345_0.856.png,11
104_1_443_345_0.856.png,16
104_1_443_345_0.856.png,7
104_1_443_345_0.856.png,13
104_1_443_345_0.856.png,9
104_1_443_345_0.856.png,12
104_1_443_345_0.856.png,20
104_1_443_345_0.856.png,5
104_1_443_345_0.856.png,11
104_1_443_345_0.856.png,5
104_1_443_345_0.856.png,9
104_1_443_345_0.856.png,3
104_1_443_345_0.856.png,4
104_1_443_345_0.856.png,13
104_1_443_345_0.856.png,10
104_1_443_345_0.856.png,17
104_1_443_345_0.856.png,7
104_1_443_345_0.856.png,2
104_1_443_345_0.856.png,20
104_1_443_345_0.856.png,16
104_1_443_345_0.856.png,4
104_1_443_345_0.856.png,21
104_1_443_345_0.856.png,15
104_1_443_345_0.856.png,22
104_1_443_345_0.856.png,19
104_1_443_345_0.856.png,15
104_1_443_345_0.856.png,18
104_1_443_345_0.856.png,22
104_1_443_345_0.856.png,1
104_1_443_345_0.856.png,8
104_1_443_345_0.856.png,14
104_1_443_345_0.856.png,10
104_1_443_345_0.856.png,23
104_1_443_345_0.856.png,2
104_1_443_345_0.856.png,14
104_1_443_345_0.856.png,18
104_1_443_345_0.856.png,12
104_1_443_345_0.856.png,3
104_1_443_345_0.856.png,1
104_1_443_345_0.856.png,8
104_1_443_345_0.856.png,24
104_1_443_345_0.856.png,19
104_1_443_345_0.856.png,6
104_1_443_345_0.856.png,6
10_2_737_180_0.590.png,7
10_2_737_180_0.590.png,4
10_2_737_180_0.590.png,11
10_2_737_180_0.590.png,9
10_2_737_180_0.590.png,12
10_2_737_180_0.590.png,10
10_2_737_180_0.590.png,4
10_2_737_180_0.590.png,1
10_2_737_180_0.590.png,18
10_2_737_180_0.590.png,3
10_2_737_180_0.590.png,1
10_2_737_180_0.590.png,7
10_2_737_180_0.590.png,2
10_2_737_180_0.590.png,15
10_2_737_180_0.590.png,10
10_2_737_180_0.590.png,5
10_2_737_180_0.590.png,16
10_2_737_180_0.590.png,13
10_2_737_180_0.590.png,8
10_2_737_180_0.590.png,20
112_1_835_345_0.722.png,9
112_1_835_345_0.722.png,9
112_1_835_345_0.722.png,11
112_1_835_345_0.722.png,22
112_1_835_345_0.722.png,8
112_1_835_345_0.722.png,10
112_1_835_345_0.722.png,22
112_1_835_345_0.722.png,14
112_1_835_345_0.722.png,6
112_1_835_345_0.722.png,18
112_1_835_345_0.722.png,13
112_1_835_345_0.722.png,17
112_1_835_345_0.722.png,6
112_1_835_345_0.722.png,5
112_1_835_345_0.722.png,23
112_1_835_345_0.722.png,15
112_1_835_345_0.722.png,16
112_1_835_345_0.722.png,19
112_1_835_345_0.722.png,12
112_1_835_345_0.722.png,4
112_1_835_345_0.722.png,11
112_1_835_345_0.722.png,24
112_1_835_345_0.722.png,2
112_1_835_345_0.722.png,10
112_1_835_345_0.722.png,5
112_1_835_345_0.722.png,12
112_1_835_345_0.722.png,3
112_1_835_345_0.722.png,14
112_1_835_345_0.722.png,8
112_1_835_345_0.722.png,16
112_1_835_345_0.722.png,19
112_1_835_345_0.722.png,13
112_1_835_345_0.722.png,2
112_1_835_345_0.722.png,1
112_1_835_345_0.722.png,15
112_1_835_345_0.722.png,17
112_1_835_345_0.722.png,20
112_1_835_345_0.722.png,7
112_1_835_345_0.722.png,7
112_1_835_345_0.722.png,21
112_1_835_345_0.722.png,3
112_1_835_345_0.722.png,4
112_1_835_345_0.722.png,18
112_1_835_345_0.722.png,21
112_1_835_345_0.722.png,1
117_4_1080_345_0.847.png,15
117_4_1080_345_0.847.png,9
117_4_1080_345_0.847.png,3
117_4_1080_345_0.847.png,15
117_4_1080_345_0.847.png,1
117_4_1080_345_0.847.png,8
117_4_1080_345_0.847.png,19
117_4_1080_345_0.847.png,13
117_4_1080_345_0.847.png,6
117_4_1080_345_0.847.png,20
117_4_1080_345_0.847.png,15
117_4_1080_345_0.847.png,1
117_4_1080_345_0.847.png,15
117_4_1080_345_0.847.png,12
117_4_1080_345_0.847.png,24
117_4_1080_345_0.847.png,11
117_4_1080_345_0.847.png,23
117_4_1080_345_0.847.png,19
117_4_1080_345_0.847.png,11
117_4_1080_345_0.847.png,3
117_4_1080_345_0.847.png,23
117_4_1080_345_0.847.png,21
117_4_1080_345_0.847.png,22
117_4_1080_345_0.847.png,9
117_4_1080_345_0.847.png,11
117_4_1080_345_0.847.png,2
117_4_1080_345_0.847.png,21
117_4_1080_345_0.847.png,6
117_4_1080_345_0.847.png,1
117_4_1080_345_0.847.png,4
117_4_1080_345_0.847.png,17
117_4_1080_345_0.847.png,3
117_4_1080_345_0.847.png,10
117_4_1080_345_0.847.png,22
117_4_1080_345_0.847.png,14
117_4_1080_345_0.847.png,19
117_4_1080_345_0.847.png,20
117_4_1080_345_0.847.png,17
117_4_1080_345_0.847.png,6
117_4_1080_345_0.847.png,9
117_4_1080_345_0.847.png,7
117_4_1080_345_0.847.png,22
117_4_1080_345_0.847.png,13
117_4_1080_345_0.847.png,24
117_4_1080_345_0.847.png,16
117_4_1080_345_0.847.png,8
117_4_1080_345_0.847.png,11
117_4_1080_345_0.847.png,8
117_4_1080_345_0.847.png,18
117_4_1080_345_0.847.png,5
117_4_1080_345_0.847.png,10
117_4_1080_345_0.847.png,4
117_4_1080_345_0.847.png,7
117_4_1080_345_0.847.png,2
117_4_1080_345_0.847.png,9
117_4_1080_345_0.847.png,5
117_4_1080_345_0.847.png,21
117_4_1080_345_0.847.png,20
117_4_1080_345_0.847.png,11
117_4_1080_345_0.847.png,8
117_4_1080_345_0.847.png,15
117_4_1080_345_0.847.png,10
117_4_1080_345_0.847.png,16
117_4_1080_345_0.847.png,18
117_4_1080_345_0.847.png,7
117_4_1080_345_0.847.png,12
117_4_1080_345_0.847.png,20
117_4_1080_345_0.847.png,13
117_4_1080_345_0.847.png,21
117_4_1080_345_0.847.png,4
117_4_1080_345_0.847.png,23
117_4_1080_345_0.847.png,4
117_4_1080_345_0.847.png,20
117_4_1080_345_0.847.png,17
117_4_1080_345_0.847.png,22
117_4_1080_345_0.847.png,7
117_4_1080_345_0.847.png,2
117_4_1080_345_0.847.png,12
117_4_1080_345_0.847.png,18
117_4_1080_345_0.847.png,5
117_4_1080_345_0.847.png,10
117_4_1080_345_0.847.png,3
117_4_1080_345_0.847.png,7
117_4_1080_345_0.847.png,14
117_4_1080_345_0.847.png,23
117_4_1080_345_0.847.png,19
117_4_1080_345_0.847.png,18
117_4_1080_345_0.847.png,6
117_4_1080_345_0.847.png,22
117_4_1080_345_0.847.png,14
118_2_1129_345_0.889.png,9
118_2_1129_345_0.889.png,12
118_2_1129_345_0.889.png,7
118_2_1129_345_0.889.png,5
118_2_1129_345_0.889.png,7
118_2_1129_345_0.889.png,23
118_2_1129_345_0.889.png,18
118_2_1129_345_0.889.png,16
118_2_1129_345_0.889.png,2
118_2_1129_345_0.889.png,14
118_2_1129_345_0.889.png,8
118_2_1129_345_0.889.png,3
118_2_1129_345_0.889.png,24
118_2_1129_345_0.889.png,1
118_2_1129_345_0.889.png,12
118_2_1129_345_0.889.png,15
118_2_1129_345_0.889.png,16
118_2_1129_345_0.889.png,1
118_2_1129_345_0.889.png,19
118_2_1129_345_0.889.png,11
118_2_1129_345_0.889.png,20
118_2_1129_345_0.889.png,15
118_2_1129_345_0.889.png,18
118_2_1129_345_0.889.png,4
118_2_1129_345_0.889.png,5
118_2_1129_345_0.889.png,19
118_2_1129_345_0.889.png,17
118_2_1129_345_0.889.png,9
118_2_1129_345_0.889.png,14
118_2_1129_345_0.889.png,17
118_2_1129_345_0.889.png,6
118_2_1129_345_0.889.png,11
118_2_1129_345_0.889.png,21
118_2_1129_345_0.889.png,10
118_2_1129_345_0.889.png,20
118_2_1129_345_0.889.png,4
118_2_1129_345_0.889.png,3
118_2_1129_345_0.889.png,8
118_2_1129_345_0.889.png,22
118_2_1129_345_0.889.png,2
118_2_1129_345_0.889.png,13
118_2_1129_345_0.889.png,10
118_2_1129_345_0.889.png,22
118_2_1129_345_0.889.png,13
118_2_1129_345_0.889.png,6
118_2_1129_345_0.889.png,21
134_2_933_378_0.715.png,10
134_2_933_378_0.715.png,7
134_2_933_378_0.715.png,5
134_2_933_378_0.715.png,14
134_2_933_378_0.715.png,3
134_2_933_378_0.715.png,12
134_2_933_378_0.715.png,14
134_2_933_378_0.715.png,9
134_2_933_378_0.715.png,16
134_2_933_378_0.715.png,17
134_2_933_378_0.715.png,21
134_2_933_378_0.715.png,13
134_2_933_378_0.715.png,24
134_2_933_378_0.715.png,10
134_2_933_378_0.715.png,22
134_2_933_378_0.715.png,21
134_2_933_378_0.715.png,20
134_2_933_378_0.715.png,19
134_2_933_378_0.715.png,8
134_2_933_378_0.715.png,1
134_2_933_378_0.715.png,22
134_2_933_378_0.715.png,12
134_2_933_378_0.715.png,17
134_2_933_378_0.715.png,2
134_2_933_378_0.715.png,23
134_2_933_378_0.715.png,13
134_2_933_378_0.715.png,18
134_2_933_378_0.715.png,18
134_2_933_378_0.715.png,11
134_2_933_378_0.715.png,16
134_2_933_378_0.715.png,1
134_2_933_378_0.715.png,4
134_2_933_378_0.715.png,6
134_2_933_378_0.715.png,5
134_2_933_378_0.715.png,15
134_2_933_378_0.715.png,4
134_2_933_378_0.715.png,3
134_2_933_378_0.715.png,11
134_2_933_378_0.715.png,19
134_2_933_378_0.715.png,15
134_2_933_378_0.715.png,8
134_2_933_378_0.715.png,7
134_2_933_378_0.715.png,16
134_2_933_378_0.715.png,11
134_2_933_378_0.715.png,19
134_2_933_378_0.715.png,14
134_2_933_378_0.715.png,14
134_2_933_378_0.715.png,4
134_2_933_378_0.715.png,4
134_2_933_378_0.715.png,24
134_2_933_378_0.715.png,8
134_2_933_378_0.715.png,2
134_2_933_378_0.715.png,5
134_2_933_378_0.715.png,1
134_2_933_378_0.715.png,13
134_2_933_378_0.715.png,2
134_2_933_378_0.715.png,21
134_2_933_378_0.715.png,7
134_2_933_378_0.715.png,20
134_2_933_378_0.715.png,3
134_2_933_378_0.715.png,18
134_2_933_378_0.715.png,18
134_2_933_378_0.715.png,21
134_2_933_378_0.715.png,5
134_2_933_378_0.715.png,12
134_2_933_378_0.715.png,1
134_2_933_378_0.715.png,8
134_2_933_378_0.715.png,11
134_2_933_378_0.715.png,9
134_2_933_378_0.715.png,7
134_2_933_378_0.715.png,17
134_2_933_378_0.715.png,15
134_2_933_378_0.715.png,16
134_2_933_378_0.715.png,13
134_2_933_378_0.715.png,3
134_2_933_378_0.715.png,15
134_2_933_378_0.715.png,10
134_2_933_378_0.715.png,10
134_2_933_378_0.715.png,23
134_2_933_378_0.715.png,6
134_2_933_378_0.715.png,2
134_2_933_378_0.715.png,17
134_2_933_378_0.715.png,9
134_2_933_378_0.715.png,22
134_2_933_378_0.715.png,6
134_2_933_378_0.715.png,22
134_2_933_378_0.715.png,9
134_2_933_378_0.715.png,12
134_2_933_378_0.715.png,6
134_2_933_378_0.715.png,20
134_2_933_378_0.715.png,20
134_2_933_378_0.715.png,21
159_4_1178_411_0.819.png,4
159_4_1178_411_0.819.png,20
159_4_1178_411_0.819.png,19
159_4_1178_411_0.819.png,5
159_4_1178_411_0.819.png,5
159_4_1178_411_0.819.png,6
159_4_1178_411_0.819.png,15
159_4_1178_411_0.819.png,17
159_4_1178_411_0.819.png,21
159_4_1178_411_0.819.png,7
159_4_1178_411_0.819.png,8
159_4_1178_411_0.819.png,9
159_4_1178_411_0.819.png,3
159_4_1178_411_0.819.png,13
159_4_1178_411_0.819.png,10
159_4_1178_411_0.819.png,13
159_4_1178_411_0.819.png,11
159_4_1178_411_0.819.png,17
159_4_1178_411_0.819.png,16
159_4_1178_411_0.819.png,2
159_4_1178_411_0.819.png,6
159_4_1178_411_0.819.png,15
159_4_1178_411_0.819.png,2
159_4_1178_411_0.819.png,10
159_4_1178_411_0.819.png,18
159_4_1178_411_0.819.png,19
159_4_1178_411_0.819.png,23
159_4_1178_411_0.819.png,12
159_4_1178_411_0.819.png,14
159_4_1178_411_0.819.png,9
159_4_1178_411_0.819.png,8
159_4_1178_411_0.819.png,16
159_4_1178_411_0.819.png,1
159_4_1178_411_0.819.png,11
159_4_1178_411_0.819.png,14
159_4_1178_411_0.819.png,12
159_4_1178_411_0.819.png,21
159_4_1178_411_0.819.png,20
159_4_1178_411_0.819.png,24
159_4_1178_411_0.819.png,22
159_4_1178_411_0.819.png,18
159_4_1178_411_0.819.png,3
159_4_1178_411_0.819.png,4
159_4_1178_411_0.819.png,7
159_4_1178_411_0.819.png,22
159_4_1178_411_0.819.png,1
233_1_884_543_0.843.png,23
233_1_884_543_0.843.png,18
233_1_884_543_0.843.png,10
233_1_884_543_0.843.png,13
233_1_884_543_0.843.png,12
233_1_884_543_0.843.png,18
233_1_884_543_0.843.png,4
233_1_884_543_0.843.png,6
233_1_884_543_0.843.png,7
233_1_884_543_0.843.png,17
233_1_884_543_0.843.png,8
233_1_884_543_0.843.png,8
233_1_884_543_0.843.png,22
233_1_884_543_0.843.png,22
233_1_884_543_0.843.png,21
233_1_884_543_0.843.png,15
233_1_884_543_0.843.png,6
233_1_884_543_0.843.png,13
233_1_884_543_0.843.png,7
233_1_884_543_0.843.png,21
233_1_884_543_0.843.png,19
233_1_884_543_0.843.png,3
233_1_884_543_0.843.png,2
233_1_884_543_0.843.png,5
233_1_884_543_0.843.png,14
233_1_884_543_0.843.png,20
233_1_884_543_0.843.png,17
233_1_884_543_0.843.png,2
233_1_884_543_0.843.png,24
233_1_884_543_0.843.png,15
233_1_884_543_0.843.png,20
233_1_884_543_0.843.png,1
233_1_884_543_0.843.png,9
233_1_884_543_0.843.png,3
233_1_884_543_0.843.png,11
233_1_884_543_0.843.png,10
233_1_884_543_0.843.png,12
233_1_884_543_0.843.png,11
233_1_884_543_0.843.png,5
233_1_884_543_0.843.png,6
233_1_884_543_0.843.png,9
233_1_884_543_0.843.png,4
233_1_884_543_0.843.png,19
233_1_884_543_0.843.png,14
233_1_884_543_0.843.png,1
289_1_688_642_0.678.png,14
289_1_688_642_0.678.png,17
289_1_688_642_0.678.png,20
289_1_688_642_0.678.png,8
289_1_688_642_0.678.png,7
289_1_688_642_0.678.png,17
289_1_688_642_0.678.png,4
289_1_688_642_0.678.png,18
289_1_688_642_0.678.png,8
289_1_688_642_0.678.png,13
289_1_688_642_0.678.png,15
289_1_688_642_0.678.png,12
289_1_688_642_0.678.png,7
289_1_688_642_0.678.png,23
289_1_688_642_0.678.png,20
289_1_688_642_0.678.png,19
289_1_688_642_0.678.png,1
289_1_688_642_0.678.png,15
289_1_688_642_0.678.png,16
289_1_688_642_0.678.png,11
289_1_688_642_0.678.png,13
289_1_688_642_0.678.png,10
289_1_688_642_0.678.png,6
289_1_688_642_0.678.png,22
289_1_688_642_0.678.png,10
289_1_688_642_0.678.png,5
289_1_688_642_0.678.png,3
289_1_688_642_0.678.png,2
289_1_688_642_0.678.png,6
289_1_688_642_0.678.png,1
289_1_688_642_0.678.png,5
289_1_688_642_0.678.png,22
289_1_688_642_0.678.png,12
289_1_688_642_0.678.png,21
289_1_688_642_0.678.png,9
289_1_688_642_0.678.png,18
289_1_688_642_0.678.png,4
289_1_688_642_0.678.png,9
289_1_688_642_0.678.png,21
289_1_688_642_0.678.png,19
289_1_688_642_0.678.png,11
289_1_688_642_0.678.png,3
289_1_688_642_0.678.png,14
289_1_688_642_0.678.png,2
289_1_688_642_0.678.png,24
27_5_590_213_0.558.png,11
27_5_590_213_0.558.png,7
27_5_590_213_0.558.png,21
27_5_590_213_0.558.png,18
27_5_590_213_0.558.png,5
27_5_590_213_0.558.png,13
27_5_590_213_0.558.png,15
27_5_590_213_0.558.png,9
27_5_590_213_0.558.png,8
27_5_590_213_0.558.png,14
27_5_590_213_0.558.png,21
27_5_590_213_0.558.png,4
27_5_590_213_0.558.png,22
27_5_590_213_0.558.png,10
27_5_590_213_0.558.png,14
27_5_590_213_0.558.png,5
27_5_590_213_0.558.png,23
27_5_590_213_0.558.png,20
27_5_590_213_0.558.png,7
27_5_590_213_0.558.png,2
27_5_590_213_0.558.png,2
27_5_590_213_0.558.png,6
27_5_590_213_0.558.png,11
27_5_590_213_0.558.png,22
27_5_590_213_0.558.png,16
27_5_590_213_0.558.png,1
27_5_590_213_0.558.png,15
27_5_590_213_0.558.png,17
27_5_590_213_0.558.png,1
27_5_590_213_0.558.png,16
27_5_590_213_0.558.png,16
27_5_590_213_0.558.png,19
27_5_590_213_0.558.png,24
27_5_590_213_0.558.png,4
27_5_590_213_0.558.png,3
27_5_590_213_0.558.png,12
27_5_590_213_0.558.png,19
27_5_590_213_0.558.png,12
27_5_590_213_0.558.png,20
27_5_590_213_0.558.png,9
27_5_590_213_0.558.png,8
27_5_590_213_0.558.png,17
27_5_590_213_0.558.png,6
27_5_590_213_0.558.png,16
27_5_590_213_0.558.png,18
27_5_590_213_0.558.png,10
177_2_1080_444_0.789.png,5
177_2_1080_444_0.789.png,4
177_2_1080_444_0.789.png,8
177_2_1080_444_0.789.png,7
177_2_1080_444_0.789.png,19
177_2_1080_444_0.789.png,6
177_2_1080_444_0.789.png,24
177_2_1080_444_0.789.png,12
177_2_1080_444_0.789.png,2
177_2_1080_444_0.789.png,5
177_2_1080_444_0.789.png,8
177_2_1080_444_0.789.png,10
177_2_1080_444_0.789.png,7
177_2_1080_444_0.789.png,18
177_2_1080_444_0.789.png,21
177_2_1080_444_0.789.png,4
177_2_1080_444_0.789.png,1
177_2_1080_444_0.789.png,20
177_2_1080_444_0.789.png,12
177_2_1080_444_0.789.png,22
177_2_1080_444_0.789.png,15
177_2_1080_444_0.789.png,12
177_2_1080_444_0.789.png,19
177_2_1080_444_0.789.png,3
177_2_1080_444_0.789.png,18
177_2_1080_444_0.789.png,17
177_2_1080_444_0.789.png,22
177_2_1080_444_0.789.png,9
177_2_1080_444_0.789.png,15
177_2_1080_444_0.789.png,2
177_2_1080_444_0.789.png,13
177_2_1080_444_0.789.png,10
177_2_1080_444_0.789.png,14
177_2_1080_444_0.789.png,9
177_2_1080_444_0.789.png,14
177_2_1080_444_0.789.png,10
177_2_1080_444_0.789.png,1
177_2_1080_444_0.789.png,17
177_2_1080_444_0.789.png,23
177_2_1080_444_0.789.png,6
177_2_1080_444_0.789.png,16
177_2_1080_444_0.789.png,21
177_2_1080_444_0.789.png,3
66_2_541_279_0.772.png,14
66_2_541_279_0.772.png,3
66_2_541_279_0.772.png,8
66_2_541_279_0.772.png,9
66_2_541_279_0.772.png,20
66_2_541_279_0.772.png,21
66_2_541_279_0.772.png,10
66_2_541_279_0.772.png,1
66_2_541_279_0.772.png,21
66_2_541_279_0.772.png,16
66_2_541_279_0.772.png,3
66_2_541_279_0.772.png,20
66_2_541_279_0.772.png,24
66_2_541_279_0.772.png,6
66_2_541_279_0.772.png,19
66_2_541_279_0.772.png,19
66_2_541_279_0.772.png,2
66_2_541_279_0.772.png,15
66_2_541_279_0.772.png,4
66_2_541_279_0.772.png,13
66_2_541_279_0.772.png,18
66_2_541_279_0.772.png,17
66_2_541_279_0.772.png,16
66_2_541_279_0.772.png,15
66_2_541_279_0.772.png,11
66_2_541_279_0.772.png,9
66_2_541_279_0.772.png,7
66_2_541_279_0.772.png,18
66_2_541_279_0.772.png,2
66_2_541_279_0.772.png,22
66_2_541_279_0.772.png,12
66_2_541_279_0.772.png,4
66_2_541_279_0.772.png,11
66_2_541_279_0.772.png,7
66_2_541_279_0.772.png,8
66_2_541_279_0.772.png,23
66_2_541_279_0.772.png,10
66_2_541_279_0.772.png,12
66_2_541_279_0.772.png,14
66_2_541_279_0.772.png,5
66_2_541_279_0.772.png,22
66_2_541_279_0.772.png,6
66_2_541_279_0.772.png,13
66_2_541_279_0.772.png,1
66_2_541_279_0.772.png,5
66_2_541_279_0.772.png,17
80_2_247_312_0.727.png,16
80_2_247_312_0.727.png,14
80_2_247_312_0.727.png,7
80_2_247_312_0.727.png,11
80_2_247_312_0.727.png,22
80_2_247_312_0.727.png,17
80_2_247_312_0.727.png,6
80_2_247_312_0.727.png,1
80_2_247_312_0.727.png,18
80_2_247_312_0.727.png,19
80_2_247_312_0.727.png,8
80_2_247_312_0.727.png,8
80_2_247_312_0.727.png,22
80_2_247_312_0.727.png,12
80_2_247_312_0.727.png,15
80_2_247_312_0.727.png,9
80_2_247_312_0.727.png,3
80_2_247_312_0.727.png,15
80_2_247_312_0.727.png,4
80_2_247_312_0.727.png,17
80_2_247_312_0.727.png,12
80_2_247_312_0.727.png,10
80_2_247_312_0.727.png,2
80_2_247_312_0.727.png,4
80_2_247_312_0.727.png,5
80_2_247_312_0.727.png,14
80_2_247_312_0.727.png,18
80_2_247_312_0.727.png,9
80_2_247_312_0.727.png,11
80_2_247_312_0.727.png,24
80_2_247_312_0.727.png,5
80_2_247_312_0.727.png,20
80_2_247_312_0.727.png,13
80_2_247_312_0.727.png,1
80_2_247_312_0.727.png,19
80_2_247_312_0.727.png,23
80_2_247_312_0.727.png,6
80_2_247_312_0.727.png,13
80_2_247_312_0.727.png,2
80_2_247_312_0.727.png,7
80_2_247_312_0.727.png,10
80_2_247_312_0.727.png,20
80_2_247_312_0.727.png,3
80_2_247_312_0.727.png,21
80_2_247_312_0.727.png,16
80_2_247_312_0.727.png,21
49_4_688_246_0.690.png,14
49_4_688_246_0.690.png,19
49_4_688_246_0.690.png,6
49_4_688_246_0.690.png,4
49_4_688_246_0.690.png,13
49_4_688_246_0.690.png,20
49_4_688_246_0.690.png,18
49_4_688_246_0.690.png,2
49_4_688_246_0.690.png,17
49_4_688_246_0.690.png,22
49_4_688_246_0.690.png,22
49_4_688_246_0.690.png,16
49_4_688_246_0.690.png,5
49_4_688_246_0.690.png,7
49_4_688_246_0.690.png,4
49_4_688_246_0.690.png,6
49_4_688_246_0.690.png,8
49_4_688_246_0.690.png,13
49_4_688_246_0.690.png,7
49_4_688_246_0.690.png,16
49_4_688_246_0.690.png,3
49_4_688_246_0.690.png,24
49_4_688_246_0.690.png,1
49_4_688_246_0.690.png,11
49_4_688_246_0.690.png,15
49_4_688_246_0.690.png,11
49_4_688_246_0.690.png,10
49_4_688_246_0.690.png,23
49_4_688_246_0.690.png,19
49_4_688_246_0.690.png,1
49_4_688_246_0.690.png,14
49_4_688_246_0.690.png,10
49_4_688_246_0.690.png,3
49_4_688_246_0.690.png,5
49_4_688_246_0.690.png,21
49_4_688_246_0.690.png,9
49_4_688_246_0.690.png,15
49_4_688_246_0.690.png,8
49_4_688_246_0.690.png,20
49_4_688_246_0.690.png,9
49_4_688_246_0.690.png,12
49_4_688_246_0.690.png,2
49_4_688_246_0.690.png,18
49_4_688_246_0.690.png,21
49_4_688_246_0.690.png,12
51_1_786_246_0.870.png,10
51_1_786_246_0.870.png,5
51_1_786_246_0.870.png,2
51_1_786_246_0.870.png,13
51_1_786_246_0.870.png,9
51_1_786_246_0.870.png,12
51_1_786_246_0.870.png,9
51_1_786_246_0.870.png,6
51_1_786_246_0.870.png,20
51_1_786_246_0.870.png,16
51_1_786_246_0.870.png,10
51_1_786_246_0.870.png,15
51_1_786_246_0.870.png,17
51_1_786_246_0.870.png,2
51_1_786_246_0.870.png,3
51_1_786_246_0.870.png,21
51_1_786_246_0.870.png,7
51_1_786_246_0.870.png,11
51_1_786_246_0.870.png,17
51_1_786_246_0.870.png,20
51_1_786_246_0.870.png,22
51_1_786_246_0.870.png,1
51_1_786_246_0.870.png,13
51_1_786_246_0.870.png,1
51_1_786_246_0.870.png,21
51_1_786_246_0.870.png,16
51_1_786_246_0.870.png,11
51_1_786_246_0.870.png,8
51_1_786_246_0.870.png,15
51_1_786_246_0.870.png,14
51_1_786_246_0.870.png,23
51_1_786_246_0.870.png,3
51_1_786_246_0.870.png,14
51_1_786_246_0.870.png,24
51_1_786_246_0.870.png,19
51_1_786_246_0.870.png,7
51_1_786_246_0.870.png,8
51_1_786_246_0.870.png,4
51_1_786_246_0.870.png,18
51_1_786_246_0.870.png,6
51_1_786_246_0.870.png,19
51_1_786_246_0.870.png,5
51_1_786_246_0.870.png,22
51_1_786_246_0.870.png,4
51_1_786_246_0.870.png,12
51_1_786_246_0.870.png,18
30_2_737_213_0.878.png,6
30_2_737_213_0.878.png,24
30_2_737_213_0.878.png,18
30_2_737_213_0.878.png,13
30_2_737_213_0.878.png,12
30_2_737_213_0.878.png,9
30_2_737_213_0.878.png,5
30_2_737_213_0.878.png,8
30_2_737_213_0.878.png,15
30_2_737_213_0.878.png,18
30_2_737_213_0.878.png,16
30_2_737_213_0.878.png,10
30_2_737_213_0.878.png,22
30_2_737_213_0.878.png,5
30_2_737_213_0.878.png,11
30_2_737_213_0.878.png,19
30_2_737_213_0.878.png,6
30_2_737_213_0.878.png,1
30_2_737_213_0.878.png,15
30_2_737_213_0.878.png,4
30_2_737_213_0.878.png,2
30_2_737_213_0.878.png,22
30_2_737_213_0.878.png,11
30_2_737_213_0.878.png,3
30_2_737_213_0.878.png,21
30_2_737_213_0.878.png,7
30_2_737_213_0.878.png,20
30_2_737_213_0.878.png,17
30_2_737_213_0.878.png,8
30_2_737_213_0.878.png,9
30_2_737_213_0.878.png,19
30_2_737_213_0.878.png,4
30_2_737_213_0.878.png,21
30_2_737_213_0.878.png,20
30_2_737_213_0.878.png,10
30_2_737_213_0.878.png,17
30_2_737_213_0.878.png,2
30_2_737_213_0.878.png,16
30_2_737_213_0.878.png,13
30_2_737_213_0.878.png,14
30_2_737_213_0.878.png,12
30_2_737_213_0.878.png,3
30_2_737_213_0.878.png,23
30_2_737_213_0.878.png,1
30_2_737_213_0.878.png,7
30_2_737_213_0.878.png,14
201_2_296_510_0.916.png,3
201_2_296_510_0.916.png,20
201_2_296_510_0.916.png,24
201_2_296_510_0.916.png,22
201_2_296_510_0.916.png,9
201_2_296_510_0.916.png,17
201_2_296_510_0.916.png,6
201_2_296_510_0.916.png,5
201_2_296_510_0.916.png,23
201_2_296_510_0.916.png,7
201_2_296_510_0.916.png,17
201_2_296_510_0.916.png,14
201_2_296_510_0.916.png,3
201_2_296_510_0.916.png,1
201_2_296_510_0.916.png,8
201_2_296_510_0.916.png,11
201_2_296_510_0.916.png,14
201_2_296_510_0.916.png,19
201_2_296_510_0.916.png,20
201_2_296_510_0.916.png,10
201_2_296_510_0.916.png,11
201_2_296_510_0.916.png,13
201_2_296_510_0.916.png,16
201_2_296_510_0.916.png,1
201_2_296_510_0.916.png,13
201_2_296_510_0.916.png,9
201_2_296_510_0.916.png,2
201_2_296_510_0.916.png,10
201_2_296_510_0.916.png,18
201_2_296_510_0.916.png,16
201_2_296_510_0.916.png,15
201_2_296_510_0.916.png,6
201_2_296_510_0.916.png,7
201_2_296_510_0.916.png,2
201_2_296_510_0.916.png,5
201_2_296_510_0.916.png,22
201_2_296_510_0.916.png,18
201_2_296_510_0.916.png,12
201_2_296_510_0.916.png,15
201_2_296_510_0.916.png,8
201_2_296_510_0.916.png,12
201_2_296_510_0.916.png,4
201_2_296_510_0.916.png,21
201_2_296_510_0.916.png,4
122_1_345_378_0.845.png,24
122_1_345_378_0.845.png,2
122_1_345_378_0.845.png,23
122_1_345_378_0.845.png,16
122_1_345_378_0.845.png,6
122_1_345_378_0.845.png,4
122_1_345_378_0.845.png,21
122_1_345_378_0.845.png,22
122_1_345_378_0.845.png,12
122_1_345_378_0.845.png,8
122_1_345_378_0.845.png,3
122_1_345_378_0.845.png,17
122_1_345_378_0.845.png,6
122_1_345_378_0.845.png,13
122_1_345_378_0.845.png,21
122_1_345_378_0.845.png,12
122_1_345_378_0.845.png,15
122_1_345_378_0.845.png,11
122_1_345_378_0.845.png,20
122_1_345_378_0.845.png,10
122_1_345_378_0.845.png,11
122_1_345_378_0.845.png,8
122_1_345_378_0.845.png,15
122_1_345_378_0.845.png,14
122_1_345_378_0.845.png,20
122_1_345_378_0.845.png,13
122_1_345_378_0.845.png,2
122_1_345_378_0.845.png,5
122_1_345_378_0.845.png,19
122_1_345_378_0.845.png,22
122_1_345_378_0.845.png,16
122_1_345_378_0.845.png,15
122_1_345_378_0.845.png,14
122_1_345_378_0.845.png,7
122_1_345_378_0.845.png,5
122_1_345_378_0.845.png,1
122_1_345_378_0.845.png,1
122_1_345_378_0.845.png,17
122_1_345_378_0.845.png,9
122_1_345_378_0.845.png,4
122_1_345_378_0.845.png,3
122_1_345_378_0.845.png,18
133_2_884_378_0.831.png,19
133_2_884_378_0.831.png,22
133_2_884_378_0.831.png,15
133_2_884_378_0.831.png,2
133_2_884_378_0.831.png,6
133_2_884_378_0.831.png,5
133_2_884_378_0.831.png,21
133_2_884_378_0.831.png,6
133_2_884_378_0.831.png,14
133_2_884_378_0.831.png,16
133_2_884_378_0.831.png,8
133_2_884_378_0.831.png,7
133_2_884_378_0.831.png,12
133_2_884_378_0.831.png,7
133_2_884_378_0.831.png,11
133_2_884_378_0.831.png,23
133_2_884_378_0.831.png,2
133_2_884_378_0.831.png,20
133_2_884_378_0.831.png,3
133_2_884_378_0.831.png,8
133_2_884_378_0.831.png,15
133_2_884_378_0.831.png,14
133_2_884_378_0.831.png,3
133_2_884_378_0.831.png,13
133_2_884_378_0.831.png,12
133_2_884_378_0.831.png,10
133_2_884_378_0.831.png,17
133_2_884_378_0.831.png,24
133_2_884_378_0.831.png,18
133_2_884_378_0.831.png,17
133_2_884_378_0.831.png,22
133_2_884_378_0.831.png,4
133_2_884_378_0.831.png,19
133_2_884_378_0.831.png,9
133_2_884_378_0.831.png,21
133_2_884_378_0.831.png,5
133_2_884_378_0.831.png,9
133_2_884_378_0.831.png,10
133_2_884_378_0.831.png,11
133_2_884_378_0.831.png,1
133_2_884_378_0.831.png,16
133_2_884_378_0.831.png,1
133_2_884_378_0.831.png,13
133_2_884_378_0.831.png,20
133_2_884_378_0.831.png,18
133_2_884_378_0.831.png,4
35_4_982_213_0.808.png,6
35_4_982_213_0.808.png,20
35_4_982_213_0.808.png,8
35_4_982_213_0.808.png,18
35_4_982_213_0.808.png,6
35_4_982_213_0.808.png,14
35_4_982_213_0.808.png,7
35_4_982_213_0.808.png,1
35_4_982_213_0.808.png,11
35_4_982_213_0.808.png,17
35_4_982_213_0.808.png,4
35_4_982_213_0.808.png,13
35_4_982_213_0.808.png,18
35_4_982_213_0.808.png,1
35_4_982_213_0.808.png,23
35_4_982_213_0.808.png,13
35_4_982_213_0.808.png,9
35_4_982_213_0.808.png,3
35_4_982_213_0.808.png,15
35_4_982_213_0.808.png,22
35_4_982_213_0.808.png,11
35_4_982_213_0.808.png,4
35_4_982_213_0.808.png,16
35_4_982_213_0.808.png,21
35_4_982_213_0.808.png,10
35_4_982_213_0.808.png,7
35_4_982_213_0.808.png,22
35_4_982_213_0.808.png,10
35_4_982_213_0.808.png,12
35_4_982_213_0.808.png,9
35_4_982_213_0.808.png,2
35_4_982_213_0.808.png,19
35_4_982_213_0.808.png,5
35_4_982_213_0.808.png,21
35_4_982_213_0.808.png,2
35_4_982_213_0.808.png,24
35_4_982_213_0.808.png,20
35_4_982_213_0.808.png,3
35_4_982_213_0.808.png,19
35_4_982_213_0.808.png,8
35_4_982_213_0.808.png,15
35_4_982_213_0.808.png,17
35_4_982_213_0.808.png,5
35_4_982_213_0.808.png,12
35_4_982_213_0.781.png,22
35_4_982_213_0.781.png,7
35_4_982_213_0.781.png,9
35_4_982_213_0.781.png,12
35_4_982_213_0.781.png,13
35_4_982_213_0.781.png,17
35_4_982_213_0.781.png,7
35_4_982_213_0.781.png,14
35_4_982_213_0.781.png,18
35_4_982_213_0.781.png,12
35_4_982_213_0.781.png,17
35_4_982_213_0.781.png,6
35_4_982_213_0.781.png,5
35_4_982_213_0.781.png,8
35_4_982_213_0.781.png,11
35_4_982_213_0.781.png,24
35_4_982_213_0.781.png,21
35_4_982_213_0.781.png,19
35_4_982_213_0.781.png,6
35_4_982_213_0.781.png,16
35_4_982_213_0.781.png,3
35_4_982_213_0.781.png,2
35_4_982_213_0.781.png,20
35_4_982_213_0.781.png,19
35_4_982_213_0.781.png,1
35_4_982_213_0.781.png,4
35_4_982_213_0.781.png,16
35_4_982_213_0.781.png,10
35_4_982_213_0.781.png,10
35_4_982_213_0.781.png,3
35_4_982_213_0.781.png,2
35_4_982_213_0.781.png,15
35_4_982_213_0.781.png,1
35_4_982_213_0.781.png,8
35_4_982_213_0.781.png,11
35_4_982_213_0.781.png,21
35_4_982_213_0.781.png,5
110_1_737_345_0.748.png,20
110_1_737_345_0.748.png,12
110_1_737_345_0.748.png,13
110_1_737_345_0.748.png,15
110_1_737_345_0.748.png,14
110_1_737_345_0.748.png,22
110_1_737_345_0.748.png,11
110_1_737_345_0.748.png,6
110_1_737_345_0.748.png,6
110_1_737_345_0.748.png,21
110_1_737_345_0.748.png,13
110_1_737_345_0.748.png,3
110_1_737_345_0.748.png,18
110_1_737_345_0.748.png,9
110_1_737_345_0.748.png,10
110_1_737_345_0.748.png,17
110_1_737_345_0.748.png,19
110_1_737_345_0.748.png,12
110_1_737_345_0.748.png,5
110_1_737_345_0.748.png,18
110_1_737_345_0.748.png,7
110_1_737_345_0.748.png,4
110_1_737_345_0.748.png,11
110_1_737_345_0.748.png,24
110_1_737_345_0.748.png,8
110_1_737_345_0.748.png,19
110_1_737_345_0.748.png,1
110_1_737_345_0.748.png,16
110_1_737_345_0.748.png,14
110_1_737_345_0.748.png,17
110_1_737_345_0.748.png,4
110_1_737_345_0.748.png,23
110_1_737_345_0.748.png,2
110_1_737_345_0.748.png,15
110_1_737_345_0.748.png,20
110_1_737_345_0.748.png,1
110_1_737_345_0.748.png,9
110_1_737_345_0.748.png,7
110_1_737_345_0.748.png,10
110_1_737_345_0.748.png,21
110_1_737_345_0.748.png,2
110_1_737_345_0.748.png,5
110_1_737_345_0.748.png,3
14_2_933_180_0.853.png,8
14_2_933_180_0.853.png,9
14_2_933_180_0.853.png,6
14_2_933_180_0.853.png,2
14_2_933_180_0.853.png,5
14_2_933_180_0.853.png,22
14_2_933_180_0.853.png,21
14_2_933_180_0.853.png,12
14_2_933_180_0.853.png,4
14_2_933_180_0.853.png,20
14_2_933_180_0.853.png,11
14_2_933_180_0.853.png,4
14_2_933_180_0.853.png,8
14_2_933_180_0.853.png,9
14_2_933_180_0.853.png,7
14_2_933_180_0.853.png,5
14_2_933_180_0.853.png,13
14_2_933_180_0.853.png,10
14_2_933_180_0.853.png,16
14_2_933_180_0.853.png,20
14_2_933_180_0.853.png,6
14_2_933_180_0.853.png,1
14_2_933_180_0.853.png,20
14_2_933_180_0.853.png,1
14_2_933_180_0.853.png,16
14_2_933_180_0.853.png,7
14_2_933_180_0.853.png,14
14_2_933_180_0.853.png,13
14_2_933_180_0.853.png,14
14_2_933_180_0.853.png,5
14_2_933_180_0.853.png,19
14_2_933_180_0.853.png,6
14_2_933_180_0.853.png,21
14_2_933_180_0.853.png,13
14_2_933_180_0.853.png,1
14_2_933_180_0.853.png,24
11_1_786_180_0.529.png,11
11_1_786_180_0.529.png,9
11_1_786_180_0.529.png,18
11_1_786_180_0.529.png,6
11_1_786_180_0.529.png,24
11_1_786_180_0.529.png,7
11_1_786_180_0.529.png,15
11_1_786_180_0.529.png,19
11_1_786_180_0.529.png,6
11_1_786_180_0.529.png,22
11_1_786_180_0.529.png,9
11_1_786_180_0.529.png,13
11_1_786_180_0.529.png,7
11_1_786_180_0.529.png,12
11_1_786_180_0.529.png,12
11_1_786_180_0.529.png,13
11_1_786_180_0.529.png,14
11_1_786_180_0.529.png,4
11_1_786_180_0.529.png,5
11_1_786_180_0.529.png,10
11_1_786_180_0.529.png,1
11_1_786_180_0.529.png,4
11_1_786_180_0.529.png,11
11_1_786_180_0.529.png,18
11_1_786_180_0.529.png,20
11_1_786_180_0.529.png,17
11_1_786_180_0.529.png,20
11_1_786_180_0.529.png,1
11_1_786_180_0.529.png,21
11_1_786_180_0.529.png,2
11_1_786_180_0.529.png,8
11_1_786_180_0.529.png,23
11_1_786_180_0.529.png,8
11_1_786_180_0.529.png,14
11_1_786_180_0.529.png,3
11_1_786_180_0.529.png,16
11_1_786_180_0.529.png,17
11_1_786_180_0.529.png,5
11_1_786_180_0.529.png,22
11_1_786_180_0.529.png,15
11_1_786_180_0.529.png,10
11_1_786_180_0.529.png,3
11_1_786_180_0.529.png,19
11_1_786_180_0.529.png,16
11_1_786_180_0.529.png,11
116_2_1031_345_0.499.png,3
116_2_1031_345_0.499.png,10
116_2_1031_345_0.499.png,6
116_2_1031_345_0.499.png,12
116_2_1031_345_0.499.png,14
116_2_1031_345_0.499.png,7
116_2_1031_345_0.499.png,24
116_2_1031_345_0.499.png,13
116_2_1031_345_0.499.png,5
116_2_1031_345_0.499.png,11
116_2_1031_345_0.499.png,10
116_2_1031_345_0.499.png,17
116_2_1031_345_0.499.png,17
116_2_1031_345_0.499.png,18
116_2_1031_345_0.499.png,1
116_2_1031_345_0.499.png,2
116_2_1031_345_0.499.png,21
116_2_1031_345_0.499.png,1
116_2_1031_345_0.499.png,8
116_2_1031_345_0.499.png,22
116_2_1031_345_0.499.png,20
116_2_1031_345_0.499.png,4
116_2_1031_345_0.499.png,7
116_2_1031_345_0.499.png,16
116_2_1031_345_0.499.png,6
116_2_1031_345_0.499.png,16
40_3_247_246_0.786.png,3
40_3_247_246_0.786.png,7
40_3_247_246_0.786.png,24
40_3_247_246_0.786.png,1
40_3_247_246_0.786.png,11
40_3_247_246_0.786.png,18
40_3_247_246_0.786.png,4
40_3_247_246_0.786.png,2
40_3_247_246_0.786.png,22
40_3_247_246_0.786.png,1
40_3_247_246_0.786.png,18
40_3_247_246_0.786.png,14
40_3_247_246_0.786.png,16
40_3_247_246_0.786.png,9
40_3_247_246_0.786.png,16
40_3_247_246_0.786.png,17
40_3_247_246_0.786.png,10
40_3_247_246_0.786.png,21
40_3_247_246_0.786.png,9
40_3_247_246_0.786.png,22
40_3_247_246_0.786.png,13
40_3_247_246_0.786.png,20
40_3_247_246_0.786.png,15
40_3_247_246_0.786.png,20
40_3_247_246_0.786.png,8
40_3_247_246_0.786.png,13
40_3_247_246_0.786.png,3
40_3_247_246_0.786.png,19
40_3_247_246_0.786.png,12
40_3_247_246_0.786.png,14
40_3_247_246_0.786.png,2
40_3_247_246_0.786.png,6
40_3_247_246_0.786.png,5
40_3_247_246_0.786.png,19
40_3_247_246_0.786.png,16
40_3_247_246_0.786.png,17
40_3_247_246_0.786.png,10
40_3_247_246_0.786.png,4
40_3_247_246_0.786.png,11
40_3_247_246_0.786.png,8
40_3_247_246_0.786.png,7
40_3_247_246_0.786.png,15
40_3_247_246_0.786.png,23
40_3_247_246_0.786.png,21
40_3_247_246_0.786.png,5
40_3_247_246_0.786.png,6
70_4_737_279_0.822.png,18
70_4_737_279_0.822.png,8
70_4_737_279_0.822.png,23
70_4_737_279_0.822.png,17
70_4_737_279_0.822.png,4
70_4_737_279_0.822.png,24
70_4_737_279_0.822.png,7
70_4_737_279_0.822.png,16
70_4_737_279_0.822.png,2
70_4_737_279_0.822.png,20
70_4_737_279_0.822.png,19
70_4_737_279_0.822.png,20
70_4_737_279_0.822.png,15
70_4_737_279_0.822.png,11
70_4_737_279_0.822.png,15
70_4_737_279_0.822.png,12
70_4_737_279_0.822.png,22
70_4_737_279_0.822.png,10
70_4_737_279_0.822.png,13
70_4_737_279_0.822.png,2
70_4_737_279_0.822.png,5
70_4_737_279_0.822.png,4
70_4_737_279_0.822.png,7
70_4_737_279_0.822.png,14
70_4_737_279_0.822.png,13
70_4_737_279_0.822.png,21
70_4_737_279_0.822.png,11
70_4_737_279_0.822.png,10
70_4_737_279_0.822.png,18
70_4_737_279_0.822.png,9
70_4_737_279_0.822.png,3
70_4_737_279_0.822.png,16
70_4_737_279_0.822.png,21
70_4_737_279_0.822.png,22
70_4_737_279_0.822.png,5
70_4_737_279_0.822.png,1
70_4_737_279_0.822.png,3
70_4_737_279_0.822.png,8
70_4_737_279_0.822.png,1
70_4_737_279_0.822.png,17
70_4_737_279_0.822.png,6
70_4_737_279_0.822.png,6
70_4_737_279_0.822.png,12
70_4_737_279_0.822.png,9
70_4_737_279_0.822.png,19
70_4_737_279_0.822.png,14
25_11_492_213_0.906.png,15
25_11_492_213_0.906.png,21
25_11_492_213_0.906.png,20
25_11_492_213_0.906.png,8
25_11_492_213_0.906.png,17
25_11_492_213_0.906.png,11
25_11_492_213_0.906.png,11
25_11_492_213_0.906.png,4
25_11_492_213_0.906.png,10
25_11_492_213_0.906.png,12
25_11_492_213_0.906.png,22
25_11_492_213_0.906.png,22
25_11_492_213_0.906.png,5
25_11_492_213_0.906.png,13
25_11_492_213_0.906.png,18
25_11_492_213_0.906.png,3
25_11_492_213_0.906.png,7
25_11_492_213_0.906.png,18
25_11_492_213_0.906.png,3
25_11_492_213_0.906.png,15
25_11_492_213_0.906.png,9
25_11_492_213_0.906.png,13
25_11_492_213_0.906.png,6
25_11_492_213_0.906.png,2
25_11_492_213_0.906.png,19
25_11_492_213_0.906.png,23
25_11_492_213_0.906.png,19
25_11_492_213_0.906.png,21
25_11_492_213_0.906.png,7
25_11_492_213_0.906.png,4
25_11_492_213_0.906.png,1
25_11_492_213_0.906.png,24
25_11_492_213_0.906.png,9
25_11_492_213_0.906.png,5
25_11_492_213_0.906.png,8
25_11_492_213_0.906.png,16
25_11_492_213_0.906.png,12
25_11_492_213_0.906.png,20
25_11_492_213_0.906.png,16
25_11_492_213_0.906.png,2
25_11_492_213_0.906.png,14
25_11_492_213_0.906.png,10
25_11_492_213_0.906.png,14
25_11_492_213_0.906.png,17
25_11_492_213_0.906.png,6
25_11_492_213_0.906.png,1
210_4_737_510_0.673.png,6
210_4_737_510_0.673.png,11
210_4_737_510_0.673.png,13
210_4_737_510_0.673.png,14
210_4_737_510_0.673.png,15
210_4_737_510_0.673.png,18
210_4_737_510_0.673.png,1
210_4_737_510_0.673.png,10
210_4_737_510_0.673.png,12
210_4_737_510_0.673.png,3
210_4_737_510_0.673.png,17
210_4_737_510_0.673.png,7
210_4_737_510_0.673.png,23
210_4_737_510_0.673.png,8
210_4_737_510_0.673.png,5
210_4_737_510_0.673.png,5
210_4_737_510_0.673.png,8
210_4_737_510_0.673.png,16
210_4_737_510_0.673.png,15
210_4_737_510_0.673.png,16
210_4_737_510_0.673.png,24
210_4_737_510_0.673.png,6
210_4_737_510_0.673.png,21
210_4_737_510_0.673.png,3
210_4_737_510_0.673.png,12
210_4_737_510_0.673.png,20
210_4_737_510_0.673.png,9
210_4_737_510_0.673.png,4
210_4_737_510_0.673.png,7
210_4_737_510_0.673.png,20
210_4_737_510_0.673.png,19
210_4_737_510_0.673.png,13
210_4_737_510_0.673.png,19
210_4_737_510_0.673.png,9
210_4_737_510_0.673.png,2
210_4_737_510_0.673.png,22
210_4_737_510_0.673.png,22
210_4_737_510_0.673.png,17
210_4_737_510_0.673.png,10
210_4_737_510_0.673.png,11
210_4_737_510_0.673.png,14
210_4_737_510_0.673.png,2
210_4_737_510_0.673.png,18
210_4_737_510_0.673.png,4
210_4_737_510_0.673.png,21
210_4_737_510_0.673.png,1
101_1_296_345_0.749.png,9
101_1_296_345_0.749.png,10
101_1_296_345_0.749.png,7
101_1_296_345_0.749.png,13
101_1_296_345_0.749.png,18
101_1_296_345_0.749.png,18
101_1_296_345_0.749.png,15
101_1_296_345_0.749.png,17
101_1_296_345_0.749.png,19
101_1_296_345_0.749.png,24
101_1_296_345_0.749.png,10
101_1_296_345_0.749.png,19
101_1_296_345_0.749.png,11
101_1_296_345_0.749.png,14
101_1_296_345_0.749.png,6
101_1_296_345_0.749.png,12
101_1_296_345_0.749.png,4
101_1_296_345_0.749.png,2
101_1_296_345_0.749.png,21
101_1_296_345_0.749.png,8
101_1_296_345_0.749.png,5
101_1_296_345_0.749.png,9
101_1_296_345_0.749.png,1
101_1_296_345_0.749.png,4
101_1_296_345_0.749.png,11
101_1_296_345_0.749.png,13
101_1_296_345_0.749.png,8
101_1_296_345_0.749.png,2
101_1_296_345_0.749.png,3
101_1_296_345_0.749.png,16
101_1_296_345_0.749.png,16
101_1_296_345_0.749.png,22
101_1_296_345_0.749.png,1
101_1_296_345_0.749.png,15
101_1_296_345_0.749.png,5
101_1_296_345_0.749.png,6
101_1_296_345_0.749.png,23
101_1_296_345_0.749.png,22
101_1_296_345_0.749.png,3
101_1_296_345_0.749.png,7
91_2_786_312_0.470.png,23
91_2_786_312_0.470.png,20
91_2_786_312_0.470.png,22
91_2_786_312_0.470.png,10
91_2_786_312_0.470.png,21
91_2_786_312_0.470.png,22
91_2_786_312_0.470.png,16
91_2_786_312_0.470.png,3
91_2_786_312_0.470.png,7
91_2_786_312_0.470.png,5
91_2_786_312_0.470.png,24
91_2_786_312_0.470.png,20
91_2_786_312_0.470.png,17
91_2_786_312_0.470.png,1
91_2_786_312_0.470.png,12
91_2_786_312_0.470.png,4
91_2_786_312_0.470.png,11
91_2_786_312_0.470.png,12
91_2_786_312_0.470.png,13
91_2_786_312_0.470.png,21
91_2_786_312_0.470.png,2
91_2_786_312_0.470.png,15
91_2_786_312_0.470.png,7
91_2_786_312_0.470.png,8
91_2_786_312_0.470.png,10
91_2_786_312_0.470.png,4
91_2_786_312_0.470.png,6
74_2_933_279_0.787.png,15
74_2_933_279_0.787.png,5
74_2_933_279_0.787.png,22
74_2_933_279_0.787.png,5
74_2_933_279_0.787.png,8
74_2_933_279_0.787.png,3
74_2_933_279_0.787.png,6
74_2_933_279_0.787.png,23
74_2_933_279_0.787.png,12
74_2_933_279_0.787.png,9
74_2_933_279_0.787.png,7
74_2_933_279_0.787.png,24
74_2_933_279_0.787.png,1
74_2_933_279_0.787.png,13
74_2_933_279_0.787.png,20
74_2_933_279_0.787.png,13
74_2_933_279_0.787.png,14
74_2_933_279_0.787.png,15
74_2_933_279_0.787.png,3
74_2_933_279_0.787.png,22
74_2_933_279_0.787.png,12
74_2_933_279_0.787.png,11
74_2_933_279_0.787.png,1
74_2_933_279_0.787.png,8
74_2_933_279_0.787.png,4
74_2_933_279_0.787.png,2
74_2_933_279_0.787.png,14
74_2_933_279_0.787.png,22
74_2_933_279_0.787.png,10
74_2_933_279_0.787.png,2
74_2_933_279_0.787.png,10
74_2_933_279_0.787.png,9
74_2_933_279_0.787.png,20
74_2_933_279_0.787.png,17
74_2_933_279_0.787.png,11
74_2_933_279_0.787.png,7
74_2_933_279_0.787.png,4
74_2_933_279_0.787.png,19
74_2_933_279_0.787.png,17
74_2_933_279_0.787.png,18
74_2_933_279_0.787.png,16
74_2_933_279_0.787.png,18
74_2_933_279_0.787.png,6
74_2_933_279_0.787.png,19
74_2_933_279_0.787.png,21
74_2_933_279_0.787.png,21
73_4_884_279_0.854.png,1
73_4_884_279_0.854.png,2
73_4_884_279_0.854.png,8
73_4_884_279_0.854.png,17
73_4_884_279_0.854.png,9
73_4_884_279_0.854.png,2
73_4_884_279_0.854.png,7
73_4_884_279_0.854.png,22
73_4_884_279_0.854.png,12
73_4_884_279_0.854.png,10
73_4_884_279_0.854.png,13
73_4_884_279_0.854.png,11
73_4_884_279_0.854.png,9
73_4_884_279_0.854.png,7
73_4_884_279_0.854.png,18
73_4_884_279_0.854.png,8
73_4_884_279_0.854.png,3
73_4_884_279_0.854.png,6
73_4_884_279_0.854.png,13
73_4_884_279_0.854.png,15
73_4_884_279_0.854.png,20
73_4_884_279_0.854.png,21
73_4_884_279_0.854.png,12
73_4_884_279_0.854.png,1
73_4_884_279_0.854.png,16
73_4_884_279_0.854.png,17
73_4_884_279_0.854.png,4
73_4_884_279_0.854.png,14
73_4_884_279_0.854.png,5
73_4_884_279_0.854.png,20
73_4_884_279_0.854.png,4
73_4_884_279_0.854.png,16
73_4_884_279_0.854.png,23
73_4_884_279_0.854.png,6
73_4_884_279_0.854.png,19
73_4_884_279_0.854.png,19
73_4_884_279_0.854.png,11
73_4_884_279_0.854.png,24
73_4_884_279_0.854.png,3
73_4_884_279_0.854.png,22
73_4_884_279_0.854.png,14
73_4_884_279_0.854.png,18
73_4_884_279_0.854.png,21
73_4_884_279_0.854.png,15
73_4_884_279_0.854.png,10
73_4_884_279_0.854.png,5
120_8_247_378_0.729.png,5
120_8_247_378_0.729.png,9
120_8_247_378_0.729.png,18
120_8_247_378_0.729.png,3
120_8_247_378_0.729.png,11
120_8_247_378_0.729.png,21
120_8_247_378_0.729.png,19
120_8_247_378_0.729.png,6
120_8_247_378_0.729.png,6
120_8_247_378_0.729.png,21
120_8_247_378_0.729.png,10
120_8_247_378_0.729.png,16
120_8_247_378_0.729.png,7
120_8_247_378_0.729.png,20
120_8_247_378_0.729.png,20
120_8_247_378_0.729.png,13
120_8_247_378_0.729.png,22
120_8_247_378_0.729.png,1
120_8_247_378_0.729.png,9
120_8_247_378_0.729.png,10
120_8_247_378_0.729.png,14
120_8_247_378_0.729.png,16
120_8_247_378_0.729.png,4
120_8_247_378_0.729.png,5
120_8_247_378_0.729.png,2
120_8_247_378_0.729.png,8
120_8_247_378_0.729.png,13
120_8_247_378_0.729.png,7
120_8_247_378_0.729.png,17
120_8_247_378_0.729.png,17
120_8_247_378_0.729.png,23
120_8_247_378_0.729.png,8
120_8_247_378_0.729.png,12
120_8_247_378_0.729.png,1
120_8_247_378_0.729.png,15
120_8_247_378_0.729.png,19
120_8_247_378_0.729.png,2
120_8_247_378_0.729.png,11
120_8_247_378_0.729.png,3
120_8_247_378_0.729.png,4
120_8_247_378_0.729.png,12
120_8_247_378_0.729.png,14
120_8_247_378_0.729.png,24
120_8_247_378_0.729.png,18
120_8_247_378_0.729.png,15
120_8_247_378_0.729.png,22
120_8_247_378_0.721.png,14
120_8_247_378_0.721.png,16
120_8_247_378_0.721.png,19
120_8_247_378_0.721.png,15
120_8_247_378_0.721.png,5
120_8_247_378_0.721.png,2
120_8_247_378_0.721.png,9
120_8_247_378_0.721.png,4
120_8_247_378_0.721.png,4
120_8_247_378_0.721.png,10
120_8_247_378_0.721.png,6
120_8_247_378_0.721.png,23
120_8_247_378_0.721.png,12
120_8_247_378_0.721.png,15
120_8_247_378_0.721.png,18
120_8_247_378_0.721.png,11
120_8_247_378_0.721.png,20
120_8_247_378_0.721.png,10
120_8_247_378_0.721.png,8
120_8_247_378_0.721.png,17
120_8_247_378_0.721.png,24
120_8_247_378_0.721.png,13
120_8_247_378_0.721.png,16
120_8_247_378_0.721.png,13
120_8_247_378_0.721.png,11
120_8_247_378_0.721.png,3
120_8_247_378_0.721.png,1
120_8_247_378_0.721.png,5
120_8_247_378_0.721.png,17
120_8_247_378_0.721.png,9
120_8_247_378_0.721.png,7
120_8_247_378_0.721.png,2
120_8_247_378_0.721.png,8
120_8_247_378_0.721.png,7
120_8_247_378_0.721.png,21
120_8_247_378_0.721.png,6
120_8_247_378_0.721.png,22
120_8_247_378_0.721.png,20
120_8_247_378_0.721.png,3
120_8_247_378_0.721.png,14
120_8_247_378_0.721.png,12
123_1_394_378_0.843.png,2
123_1_394_378_0.843.png,9
123_1_394_378_0.843.png,3
123_1_394_378_0.843.png,16
123_1_394_378_0.843.png,13
123_1_394_378_0.843.png,12
123_1_394_378_0.843.png,10
123_1_394_378_0.843.png,2
123_1_394_378_0.843.png,14
123_1_394_378_0.843.png,18
123_1_394_378_0.843.png,11
123_1_394_378_0.843.png,17
123_1_394_378_0.843.png,5
123_1_394_378_0.843.png,20
123_1_394_378_0.843.png,18
123_1_394_378_0.843.png,15
123_1_394_378_0.843.png,9
123_1_394_378_0.843.png,7
123_1_394_378_0.843.png,7
123_1_394_378_0.843.png,13
123_1_394_378_0.843.png,22
123_1_394_378_0.843.png,21
123_1_394_378_0.843.png,20
123_1_394_378_0.843.png,8
123_1_394_378_0.843.png,1
123_1_394_378_0.843.png,1
123_1_394_378_0.843.png,5
123_1_394_378_0.843.png,14
123_1_394_378_0.843.png,15
123_1_394_378_0.843.png,16
123_1_394_378_0.843.png,24
123_1_394_378_0.843.png,12
123_1_394_378_0.843.png,19
123_1_394_378_0.843.png,10
123_1_394_378_0.843.png,11
123_1_394_378_0.843.png,8
123_1_394_378_0.843.png,17
123_1_394_378_0.843.png,4
123_1_394_378_0.843.png,22
123_1_394_378_0.843.png,6
123_1_394_378_0.843.png,3
123_1_394_378_0.843.png,23
123_1_394_378_0.843.png,19
123_1_394_378_0.843.png,6
141_4_296_411_0.827.png,14
141_4_296_411_0.827.png,16
141_4_296_411_0.827.png,13
141_4_296_411_0.827.png,8
141_4_296_411_0.827.png,6
141_4_296_411_0.827.png,10
141_4_296_411_0.827.png,12
141_4_296_411_0.827.png,14
141_4_296_411_0.827.png,17
141_4_296_411_0.827.png,7
141_4_296_411_0.827.png,3
141_4_296_411_0.827.png,6
141_4_296_411_0.827.png,13
141_4_296_411_0.827.png,16
141_4_296_411_0.827.png,9
141_4_296_411_0.827.png,2
141_4_296_411_0.827.png,4
141_4_296_411_0.827.png,10
141_4_296_411_0.827.png,21
141_4_296_411_0.827.png,9
141_4_296_411_0.827.png,5
141_4_296_411_0.827.png,19
141_4_296_411_0.827.png,11
141_4_296_411_0.827.png,11
141_4_296_411_0.827.png,22
141_4_296_411_0.827.png,19
141_4_296_411_0.827.png,22
141_4_296_411_0.827.png,21
141_4_296_411_0.827.png,1
141_4_296_411_0.827.png,4
141_4_296_411_0.827.png,2
141_4_296_411_0.827.png,7
141_4_296_411_0.827.png,18
141_4_296_411_0.827.png,23
141_4_296_411_0.827.png,1
141_4_296_411_0.827.png,3
141_4_296_411_0.827.png,5
141_4_296_411_0.827.png,15
141_4_296_411_0.827.png,17
141_4_296_411_0.827.png,12
141_4_296_411_0.827.png,24
141_4_296_411_0.827.png,15
141_4_296_411_0.827.png,8
141_4_296_411_0.827.png,20
141_4_296_411_0.740.png,9
141_4_296_411_0.740.png,8
141_4_296_411_0.740.png,17
141_4_296_411_0.740.png,4
141_4_296_411_0.740.png,20
141_4_296_411_0.740.png,9
141_4_296_411_0.740.png,21
141_4_296_411_0.740.png,15
141_4_296_411_0.740.png,16
141_4_296_411_0.740.png,13
141_4_296_411_0.740.png,5
141_4_296_411_0.740.png,14
141_4_296_411_0.740.png,6
141_4_296_411_0.740.png,5
141_4_296_411_0.740.png,2
141_4_296_411_0.740.png,7
141_4_296_411_0.740.png,14
141_4_296_411_0.740.png,18
141_4_296_411_0.740.png,19
141_4_296_411_0.740.png,10
141_4_296_411_0.740.png,11
141_4_296_411_0.740.png,18
141_4_296_411_0.740.png,4
141_4_296_411_0.740.png,1
141_4_296_411_0.740.png,17
141_4_296_411_0.740.png,13
141_4_296_411_0.740.png,12
141_4_296_411_0.740.png,1
141_4_296_411_0.740.png,19
141_4_296_411_0.740.png,3
141_4_296_411_0.740.png,23
141_4_296_411_0.740.png,12
141_4_296_411_0.740.png,7
141_4_296_411_0.740.png,2
141_4_296_411_0.740.png,3
141_4_296_411_0.740.png,22
141_4_296_411_0.740.png,10
141_4_296_411_0.740.png,8
141_4_296_411_0.740.png,6
141_4_296_411_0.740.png,16
141_4_296_411_0.740.png,24
141_4_296_411_0.740.png,15
141_4_296_411_0.740.png,11
141_4_296_411_0.740.png,20
141_4_296_411_0.740.png,21
141_4_296_411_0.740.png,22
115_2_982_345_0.884.png,19
115_2_982_345_0.884.png,9
115_2_982_345_0.884.png,14
115_2_982_345_0.884.png,4
115_2_982_345_0.884.png,24
115_2_982_345_0.884.png,11
115_2_982_345_0.884.png,3
115_2_982_345_0.884.png,23
115_2_982_345_0.884.png,7
115_2_982_345_0.884.png,2
115_2_982_345_0.884.png,11
115_2_982_345_0.884.png,1
115_2_982_345_0.884.png,10
115_2_982_345_0.884.png,12
115_2_982_345_0.884.png,20
115_2_982_345_0.884.png,9
115_2_982_345_0.884.png,3
115_2_982_345_0.884.png,18
115_2_982_345_0.884.png,8
115_2_982_345_0.884.png,14
115_2_982_345_0.884.png,6
115_2_982_345_0.884.png,10
115_2_982_345_0.884.png,2
115_2_982_345_0.884.png,18
115_2_982_345_0.884.png,13
115_2_982_345_0.884.png,17
115_2_982_345_0.884.png,20
115_2_982_345_0.884.png,17
115_2_982_345_0.884.png,1
115_2_982_345_0.884.png,7
115_2_982_345_0.884.png,16
115_2_982_345_0.884.png,8
115_2_982_345_0.884.png,13
115_2_982_345_0.884.png,6
115_2_982_345_0.884.png,4
115_2_982_345_0.884.png,16
115_2_982_345_0.884.png,15
115_2_982_345_0.884.png,5
115_2_982_345_0.884.png,13
115_2_982_345_0.884.png,5
115_2_982_345_0.884.png,22
115_2_982_345_0.884.png,21
103_8_394_345_0.909.png,13
103_8_394_345_0.909.png,17
103_8_394_345_0.909.png,18
103_8_394_345_0.909.png,9
103_8_394_345_0.909.png,4
103_8_394_345_0.909.png,17
103_8_394_345_0.909.png,15
103_8_394_345_0.909.png,5
103_8_394_345_0.909.png,9
103_8_394_345_0.909.png,1
103_8_394_345_0.909.png,20
103_8_394_345_0.909.png,21
103_8_394_345_0.909.png,3
103_8_394_345_0.909.png,12
103_8_394_345_0.909.png,11
103_8_394_345_0.909.png,19
103_8_394_345_0.909.png,5
103_8_394_345_0.909.png,7
103_8_394_345_0.909.png,19
103_8_394_345_0.909.png,16
103_8_394_345_0.909.png,2
103_8_394_345_0.909.png,3
103_8_394_345_0.909.png,23
103_8_394_345_0.909.png,11
103_8_394_345_0.909.png,10
103_8_394_345_0.909.png,18
103_8_394_345_0.909.png,6
103_8_394_345_0.909.png,4
103_8_394_345_0.909.png,7
103_8_394_345_0.909.png,16
103_8_394_345_0.909.png,8
103_8_394_345_0.909.png,20
103_8_394_345_0.909.png,15
103_8_394_345_0.909.png,1
103_8_394_345_0.909.png,22
103_8_394_345_0.909.png,13
103_8_394_345_0.909.png,6
103_8_394_345_0.909.png,12
103_8_394_345_0.909.png,10
103_8_394_345_0.909.png,21
103_8_394_345_0.909.png,2
103_8_394_345_0.909.png,14
103_8_394_345_0.909.png,24
103_8_394_345_0.909.png,8
103_8_394_345_0.909.png,14
103_8_394_345_0.909.png,22
104_4_443_345_0.909.png,15
104_4_443_345_0.909.png,18
104_4_443_345_0.909.png,7
104_4_443_345_0.909.png,20
104_4_443_345_0.909.png,9
104_4_443_345_0.909.png,10
104_4_443_345_0.909.png,19
104_4_443_345_0.909.png,6
104_4_443_345_0.909.png,1
104_4_443_345_0.909.png,23
104_4_443_345_0.909.png,17
104_4_443_345_0.909.png,22
104_4_443_345_0.909.png,5
104_4_443_345_0.909.png,21
104_4_443_345_0.909.png,20
104_4_443_345_0.909.png,5
104_4_443_345_0.909.png,14
104_4_443_345_0.909.png,12
104_4_443_345_0.909.png,1
104_4_443_345_0.909.png,4
104_4_443_345_0.909.png,17
104_4_443_345_0.909.png,14
104_4_443_345_0.909.png,10
104_4_443_345_0.909.png,18
104_4_443_345_0.909.png,8
104_4_443_345_0.909.png,2
104_4_443_345_0.909.png,7
104_4_443_345_0.909.png,4
104_4_443_345_0.909.png,9
104_4_443_345_0.909.png,16
104_4_443_345_0.909.png,19
104_4_443_345_0.909.png,13
104_4_443_345_0.909.png,11
104_4_443_345_0.909.png,21
104_4_443_345_0.909.png,15
104_4_443_345_0.909.png,8
104_4_443_345_0.909.png,13
104_4_443_345_0.909.png,6
104_4_443_345_0.909.png,3
104_4_443_345_0.909.png,12
104_4_443_345_0.909.png,22
104_4_443_345_0.909.png,3
104_4_443_345_0.909.png,16
104_4_443_345_0.909.png,11
104_4_443_345_0.909.png,24
104_4_443_345_0.909.png,2
0_1_247_180_0.880.png,7
0_1_247_180_0.880.png,17
0_1_247_180_0.880.png,12
0_1_247_180_0.880.png,8
0_1_247_180_0.880.png,3
0_1_247_180_0.880.png,21
0_1_247_180_0.880.png,17
0_1_247_180_0.880.png,19
0_1_247_180_0.880.png,9
0_1_247_180_0.880.png,14
0_1_247_180_0.880.png,6
0_1_247_180_0.880.png,4
0_1_247_180_0.880.png,12
0_1_247_180_0.880.png,2
0_1_247_180_0.880.png,20
0_1_247_180_0.880.png,16
0_1_247_180_0.880.png,2
0_1_247_180_0.880.png,22
0_1_247_180_0.880.png,18
0_1_247_180_0.880.png,19
0_1_247_180_0.880.png,7
0_1_247_180_0.880.png,10
0_1_247_180_0.880.png,14
0_1_247_180_0.880.png,13
0_1_247_180_0.880.png,4
0_1_247_180_0.880.png,5
0_1_247_180_0.880.png,8
0_1_247_180_0.880.png,13
0_1_247_180_0.880.png,1
0_1_247_180_0.880.png,20
0_1_247_180_0.880.png,24
0_1_247_180_0.880.png,11
0_1_247_180_0.880.png,3
0_1_247_180_0.880.png,9
0_1_247_180_0.880.png,18
0_1_247_180_0.880.png,16
0_1_247_180_0.880.png,15
0_1_247_180_0.880.png,23
0_1_247_180_0.880.png,22
0_1_247_180_0.880.png,11
0_1_247_180_0.880.png,5
0_1_247_180_0.880.png,1
0_1_247_180_0.880.png,10
0_1_247_180_0.880.png,6
0_1_247_180_0.880.png,21
0_1_247_180_0.880.png,15
183_1_394_477_0.854.png,21
183_1_394_477_0.854.png,3
183_1_394_477_0.854.png,7
183_1_394_477_0.854.png,15
183_1_394_477_0.854.png,7
183_1_394_477_0.854.png,23
183_1_394_477_0.854.png,13
183_1_394_477_0.854.png,10
183_1_394_477_0.854.png,13
183_1_394_477_0.854.png,14
183_1_394_477_0.854.png,17
183_1_394_477_0.854.png,19
183_1_394_477_0.854.png,18
183_1_394_477_0.854.png,2
183_1_394_477_0.854.png,16
183_1_394_477_0.854.png,19
183_1_394_477_0.854.png,9
183_1_394_477_0.854.png,20
183_1_394_477_0.854.png,21
183_1_394_477_0.854.png,15
183_1_394_477_0.854.png,4
183_1_394_477_0.854.png,8
183_1_394_477_0.854.png,8
183_1_394_477_0.854.png,6
183_1_394_477_0.854.png,12
183_1_394_477_0.854.png,5
183_1_394_477_0.854.png,14
183_1_394_477_0.854.png,2
183_1_394_477_0.854.png,3
183_1_394_477_0.854.png,18
183_1_394_477_0.854.png,16
183_1_394_477_0.854.png,22
183_1_394_477_0.854.png,1
183_1_394_477_0.854.png,5
183_1_394_477_0.854.png,4
183_1_394_477_0.854.png,11
183_1_394_477_0.854.png,17
183_1_394_477_0.854.png,12
183_1_394_477_0.854.png,9
183_1_394_477_0.854.png,6
183_1_394_477_0.854.png,11
183_1_394_477_0.854.png,24
183_1_394_477_0.854.png,1
183_1_394_477_0.854.png,20
183_1_394_477_0.854.png,10
183_1_394_477_0.854.png,22
152_1_835_411_0.739.png,1
152_1_835_411_0.739.png,3
152_1_835_411_0.739.png,11
152_1_835_411_0.739.png,4
152_1_835_411_0.739.png,4
152_1_835_411_0.739.png,18
152_1_835_411_0.739.png,23
152_1_835_411_0.739.png,21
152_1_835_411_0.739.png,17
152_1_835_411_0.739.png,16
152_1_835_411_0.739.png,11
152_1_835_411_0.739.png,5
152_1_835_411_0.739.png,15
152_1_835_411_0.739.png,12
152_1_835_411_0.739.png,13
152_1_835_411_0.739.png,18
152_1_835_411_0.739.png,12
152_1_835_411_0.739.png,19
152_1_835_411_0.739.png,2
152_1_835_411_0.739.png,20
152_1_835_411_0.739.png,15
152_1_835_411_0.739.png,14
152_1_835_411_0.739.png,8
152_1_835_411_0.739.png,10
152_1_835_411_0.739.png,6
152_1_835_411_0.739.png,14
152_1_835_411_0.739.png,10
152_1_835_411_0.739.png,1
152_1_835_411_0.739.png,19
152_1_835_411_0.739.png,22
152_1_835_411_0.739.png,6
152_1_835_411_0.739.png,13
152_1_835_411_0.739.png,8
152_1_835_411_0.739.png,9
152_1_835_411_0.739.png,9
152_1_835_411_0.739.png,22
152_1_835_411_0.739.png,20
152_1_835_411_0.739.png,16
152_1_835_411_0.739.png,2
152_1_835_411_0.739.png,7
152_1_835_411_0.739.png,17
152_1_835_411_0.739.png,7
152_1_835_411_0.739.png,24
152_1_835_411_0.739.png,5
152_1_835_411_0.739.png,3
123_4_394_378_0.846.png,10
123_4_394_378_0.846.png,4
123_4_394_378_0.846.png,13
123_4_394_378_0.846.png,5
123_4_394_378_0.846.png,9
123_4_394_378_0.846.png,17
123_4_394_378_0.846.png,2
123_4_394_378_0.846.png,21
123_4_394_378_0.846.png,24
123_4_394_378_0.846.png,7
123_4_394_378_0.846.png,14
123_4_394_378_0.846.png,23
123_4_394_378_0.846.png,13
123_4_394_378_0.846.png,1
123_4_394_378_0.846.png,8
123_4_394_378_0.846.png,3
123_4_394_378_0.846.png,16
123_4_394_378_0.846.png,19
123_4_394_378_0.846.png,20
123_4_394_378_0.846.png,20
123_4_394_378_0.846.png,5
123_4_394_378_0.846.png,7
123_4_394_378_0.846.png,9
123_4_394_378_0.846.png,18
123_4_394_378_0.846.png,22
123_4_394_378_0.846.png,16
123_4_394_378_0.846.png,6
123_4_394_378_0.846.png,10
123_4_394_378_0.846.png,6
123_4_394_378_0.846.png,3
123_4_394_378_0.846.png,12
123_4_394_378_0.846.png,2
123_4_394_378_0.846.png,15
123_4_394_378_0.846.png,4
123_4_394_378_0.846.png,12
123_4_394_378_0.846.png,18
123_4_394_378_0.846.png,15
123_4_394_378_0.846.png,14
123_4_394_378_0.846.png,17
123_4_394_378_0.846.png,22
123_4_394_378_0.846.png,21
123_4_394_378_0.846.png,11
123_4_394_378_0.846.png,11
123_4_394_378_0.846.png,1
123_4_394_378_0.846.png,8
1_6_296_180_0.906.png,18
1_6_296_180_0.906.png,23
1_6_296_180_0.906.png,4
1_6_296_180_0.906.png,6
1_6_296_180_0.906.png,1
1_6_296_180_0.906.png,19
1_6_296_180_0.906.png,19
1_6_296_180_0.906.png,9
1_6_296_180_0.906.png,21
1_6_296_180_0.906.png,8
1_6_296_180_0.906.png,21
1_6_296_180_0.906.png,15
1_6_296_180_0.906.png,17
1_6_296_180_0.906.png,2
1_6_296_180_0.906.png,4
1_6_296_180_0.906.png,13
1_6_296_180_0.906.png,14
1_6_296_180_0.906.png,16
1_6_296_180_0.906.png,5
1_6_296_180_0.906.png,18
1_6_296_180_0.906.png,11
1_6_296_180_0.906.png,5
1_6_296_180_0.906.png,10
1_6_296_180_0.906.png,22
1_6_296_180_0.906.png,22
1_6_296_180_0.906.png,1
1_6_296_180_0.906.png,7
1_6_296_180_0.906.png,13
1_6_296_180_0.906.png,12
1_6_296_180_0.906.png,16
1_6_296_180_0.906.png,20
1_6_296_180_0.906.png,15
1_6_296_180_0.906.png,17
1_6_296_180_0.906.png,7
1_6_296_180_0.906.png,24
1_6_296_180_0.906.png,14
1_6_296_180_0.906.png,10
1_6_296_180_0.906.png,3
1_6_296_180_0.906.png,9
1_6_296_180_0.906.png,12
1_6_296_180_0.906.png,6
1_6_296_180_0.906.png,2
1_6_296_180_0.906.png,11
1_6_296_180_0.906.png,20
1_6_296_180_0.906.png,3
1_6_296_180_0.906.png,8
206_2_541_510_0.874.png,21
206_2_541_510_0.874.png,18
206_2_541_510_0.874.png,8
206_2_541_510_0.874.png,20
206_2_541_510_0.874.png,15
206_2_541_510_0.874.png,22
206_2_541_510_0.874.png,10
206_2_541_510_0.874.png,3
206_2_541_510_0.874.png,5
206_2_541_510_0.874.png,11
206_2_541_510_0.874.png,6
206_2_541_510_0.874.png,4
206_2_541_510_0.874.png,12
206_2_541_510_0.874.png,7
206_2_541_510_0.874.png,24
206_2_541_510_0.874.png,15
206_2_541_510_0.874.png,10
206_2_541_510_0.874.png,7
206_2_541_510_0.874.png,4
206_2_541_510_0.874.png,14
206_2_541_510_0.874.png,8
206_2_541_510_0.874.png,17
206_2_541_510_0.874.png,19
206_2_541_510_0.874.png,2
206_2_541_510_0.874.png,22
206_2_541_510_0.874.png,23
206_2_541_510_0.874.png,11
206_2_541_510_0.874.png,12
206_2_541_510_0.874.png,2
206_2_541_510_0.874.png,18
206_2_541_510_0.874.png,19
206_2_541_510_0.874.png,14
206_2_541_510_0.874.png,13
206_2_541_510_0.874.png,13
206_2_541_510_0.874.png,5
206_2_541_510_0.874.png,16
206_2_541_510_0.874.png,17
206_2_541_510_0.874.png,20
206_2_541_510_0.874.png,1
206_2_541_510_0.874.png,6
206_2_541_510_0.874.png,21
206_2_541_510_0.874.png,9
206_2_541_510_0.874.png,9
180_4_247_477_0.638.png,4
180_4_247_477_0.638.png,5
180_4_247_477_0.638.png,9
180_4_247_477_0.638.png,21
180_4_247_477_0.638.png,14
180_4_247_477_0.638.png,17
180_4_247_477_0.638.png,12
180_4_247_477_0.638.png,1
180_4_247_477_0.638.png,17
180_4_247_477_0.638.png,22
180_4_247_477_0.638.png,19
180_4_247_477_0.638.png,11
180_4_247_477_0.638.png,5
180_4_247_477_0.638.png,19
180_4_247_477_0.638.png,22
180_4_247_477_0.638.png,4
180_4_247_477_0.638.png,16
180_4_247_477_0.638.png,18
180_4_247_477_0.638.png,11
180_4_247_477_0.638.png,3
180_4_247_477_0.638.png,10
180_4_247_477_0.638.png,20
180_4_247_477_0.638.png,2
180_4_247_477_0.638.png,2
180_4_247_477_0.638.png,1
180_4_247_477_0.638.png,13
180_4_247_477_0.638.png,7
180_4_247_477_0.638.png,14
180_4_247_477_0.638.png,8
180_4_247_477_0.638.png,16
180_4_247_477_0.638.png,23
180_4_247_477_0.638.png,8
180_4_247_477_0.638.png,24
180_4_247_477_0.638.png,3
180_4_247_477_0.638.png,21
180_4_247_477_0.638.png,13
180_4_247_477_0.638.png,20
180_4_247_477_0.638.png,18
180_4_247_477_0.638.png,6
180_4_247_477_0.638.png,6
180_4_247_477_0.638.png,10
180_4_247_477_0.638.png,7
180_4_247_477_0.638.png,15
180_4_247_477_0.638.png,15
297_2_1080_642_0.809.png,20
297_2_1080_642_0.809.png,17
297_2_1080_642_0.809.png,10
297_2_1080_642_0.809.png,7
297_2_1080_642_0.809.png,10
297_2_1080_642_0.809.png,11
297_2_1080_642_0.809.png,23
297_2_1080_642_0.809.png,21
297_2_1080_642_0.809.png,5
297_2_1080_642_0.809.png,4
297_2_1080_642_0.809.png,9
297_2_1080_642_0.809.png,15
297_2_1080_642_0.809.png,14
297_2_1080_642_0.809.png,7
297_2_1080_642_0.809.png,22
297_2_1080_642_0.809.png,8
297_2_1080_642_0.809.png,18
297_2_1080_642_0.809.png,11
297_2_1080_642_0.809.png,13
297_2_1080_642_0.809.png,16
297_2_1080_642_0.809.png,17
297_2_1080_642_0.809.png,3
297_2_1080_642_0.809.png,2
297_2_1080_642_0.809.png,18
297_2_1080_642_0.809.png,14
297_2_1080_642_0.809.png,5
297_2_1080_642_0.809.png,24
297_2_1080_642_0.809.png,21
297_2_1080_642_0.809.png,9
297_2_1080_642_0.809.png,1
297_2_1080_642_0.809.png,16
297_2_1080_642_0.809.png,4
297_2_1080_642_0.809.png,12
297_2_1080_642_0.809.png,6
297_2_1080_642_0.809.png,19
297_2_1080_642_0.809.png,6
297_2_1080_642_0.809.png,13
297_2_1080_642_0.809.png,12
297_2_1080_642_0.809.png,15
244_3_443_576_0.519.png,8
244_3_443_576_0.519.png,14
244_3_443_576_0.519.png,23
244_3_443_576_0.519.png,20
244_3_443_576_0.519.png,4
244_3_443_576_0.519.png,24
244_3_443_576_0.519.png,9
244_3_443_576_0.519.png,9
244_3_443_576_0.519.png,4
244_3_443_576_0.519.png,7
244_3_443_576_0.519.png,2
244_3_443_576_0.519.png,19
244_3_443_576_0.519.png,19
244_3_443_576_0.519.png,11
244_3_443_576_0.519.png,17
244_3_443_576_0.519.png,5
244_3_443_576_0.519.png,11
244_3_443_576_0.519.png,18
244_3_443_576_0.519.png,22
244_3_443_576_0.519.png,15
244_3_443_576_0.519.png,13
244_3_443_576_0.519.png,1
244_3_443_576_0.519.png,13
244_3_443_576_0.519.png,15
244_3_443_576_0.519.png,21
244_3_443_576_0.519.png,14
244_3_443_576_0.519.png,10
244_3_443_576_0.519.png,3
244_3_443_576_0.519.png,12
244_3_443_576_0.519.png,3
244_3_443_576_0.519.png,7
244_3_443_576_0.519.png,16
244_3_443_576_0.519.png,1
244_3_443_576_0.519.png,18
244_3_443_576_0.519.png,17
244_3_443_576_0.519.png,16
244_3_443_576_0.519.png,20
244_3_443_576_0.519.png,8
244_3_443_576_0.519.png,2
244_3_443_576_0.519.png,22
244_3_443_576_0.519.png,12
244_3_443_576_0.519.png,21
244_3_443_576_0.519.png,10
258_2_1129_576_0.602.png,19
258_2_1129_576_0.602.png,7
258_2_1129_576_0.602.png,1
258_2_1129_576_0.602.png,23
258_2_1129_576_0.602.png,4
258_2_1129_576_0.602.png,12
258_2_1129_576_0.602.png,22
258_2_1129_576_0.602.png,17
258_2_1129_576_0.602.png,9
258_2_1129_576_0.602.png,2
258_2_1129_576_0.602.png,22
258_2_1129_576_0.602.png,1
258_2_1129_576_0.602.png,21
258_2_1129_576_0.602.png,3
258_2_1129_576_0.602.png,6
258_2_1129_576_0.602.png,21
258_2_1129_576_0.602.png,8
258_2_1129_576_0.602.png,2
258_2_1129_576_0.602.png,5
258_2_1129_576_0.602.png,16
258_2_1129_576_0.602.png,5
258_2_1129_576_0.602.png,18
258_2_1129_576_0.602.png,14
258_2_1129_576_0.602.png,7
258_2_1129_576_0.602.png,10
258_2_1129_576_0.602.png,18
258_2_1129_576_0.602.png,16
258_2_1129_576_0.602.png,19
258_2_1129_576_0.602.png,8
258_2_1129_576_0.602.png,4
258_2_1129_576_0.602.png,15
258_2_1129_576_0.602.png,15
258_2_1129_576_0.602.png,9
258_2_1129_576_0.602.png,10
258_2_1129_576_0.602.png,17
258_2_1129_576_0.602.png,20
258_2_1129_576_0.602.png,20
258_2_1129_576_0.602.png,12
258_2_1129_576_0.602.png,3
258_2_1129_576_0.602.png,24
258_2_1129_576_0.602.png,11
258_2_1129_576_0.602.png,11
258_2_1129_576_0.602.png,14
42_1_345_246_0.857.png,2
42_1_345_246_0.857.png,17
42_1_345_246_0.857.png,2
42_1_345_246_0.857.png,20
42_1_345_246_0.857.png,18
42_1_345_246_0.857.png,3
42_1_345_246_0.857.png,16
42_1_345_246_0.857.png,13
42_1_345_246_0.857.png,8
42_1_345_246_0.857.png,3
42_1_345_246_0.857.png,5
42_1_345_246_0.857.png,9
42_1_345_246_0.857.png,6
42_1_345_246_0.857.png,14
42_1_345_246_0.857.png,10
42_1_345_246_0.857.png,15
42_1_345_246_0.857.png,10
42_1_345_246_0.857.png,21
42_1_345_246_0.857.png,21
42_1_345_246_0.857.png,12
42_1_345_246_0.857.png,11
42_1_345_246_0.857.png,4
42_1_345_246_0.857.png,6
42_1_345_246_0.857.png,22
42_1_345_246_0.857.png,16
42_1_345_246_0.857.png,19
42_1_345_246_0.857.png,19
42_1_345_246_0.857.png,22
42_1_345_246_0.857.png,23
42_1_345_246_0.857.png,20
42_1_345_246_0.857.png,5
42_1_345_246_0.857.png,7
42_1_345_246_0.857.png,15
42_1_345_246_0.857.png,11
42_1_345_246_0.857.png,8
42_1_345_246_0.857.png,1
42_1_345_246_0.857.png,17
42_1_345_246_0.857.png,14
42_1_345_246_0.857.png,9
42_1_345_246_0.857.png,13
42_1_345_246_0.857.png,7
42_1_345_246_0.857.png,4
42_1_345_246_0.857.png,24
42_1_345_246_0.857.png,1
47_3_590_246_0.457.png,21
47_3_590_246_0.457.png,2
47_3_590_246_0.457.png,6
47_3_590_246_0.457.png,11
47_3_590_246_0.457.png,14
47_3_590_246_0.457.png,21
47_3_590_246_0.457.png,19
47_3_590_246_0.457.png,8
47_3_590_246_0.457.png,11
47_3_590_246_0.457.png,19
47_3_590_246_0.457.png,7
47_3_590_246_0.457.png,12
47_3_590_246_0.457.png,5
47_3_590_246_0.457.png,9
47_3_590_246_0.457.png,3
47_3_590_246_0.457.png,22
47_3_590_246_0.457.png,16
47_3_590_246_0.457.png,17
47_3_590_246_0.457.png,10
47_3_590_246_0.457.png,10
47_3_590_246_0.457.png,4
47_3_590_246_0.457.png,15
47_3_590_246_0.457.png,23
47_3_590_246_0.457.png,20
47_3_590_246_0.457.png,1
47_3_590_246_0.457.png,13
47_3_590_246_0.457.png,9
47_3_590_246_0.457.png,7
47_3_590_246_0.457.png,15
47_3_590_246_0.457.png,23
47_3_590_246_0.457.png,13
47_3_590_246_0.457.png,12
47_3_590_246_0.457.png,6
47_3_590_246_0.457.png,1
47_3_590_246_0.457.png,14
47_3_590_246_0.457.png,18
47_3_590_246_0.457.png,3
47_3_590_246_0.457.png,18
70_2_737_279_0.683.png,23
70_2_737_279_0.683.png,19
70_2_737_279_0.683.png,12
70_2_737_279_0.683.png,16
70_2_737_279_0.683.png,7
70_2_737_279_0.683.png,20
70_2_737_279_0.683.png,3
70_2_737_279_0.683.png,18
70_2_737_279_0.683.png,19
70_2_737_279_0.683.png,17
70_2_737_279_0.683.png,22
70_2_737_279_0.683.png,5
70_2_737_279_0.683.png,1
70_2_737_279_0.683.png,21
70_2_737_279_0.683.png,5
70_2_737_279_0.683.png,22
70_2_737_279_0.683.png,6
70_2_737_279_0.683.png,23
70_2_737_279_0.683.png,8
70_2_737_279_0.683.png,1
70_2_737_279_0.683.png,14
70_2_737_279_0.683.png,15
70_2_737_279_0.683.png,8
70_2_737_279_0.683.png,11
70_2_737_279_0.683.png,20
70_2_737_279_0.683.png,21
70_2_737_279_0.683.png,7
70_2_737_279_0.683.png,13
70_2_737_279_0.683.png,2
70_2_737_279_0.683.png,15
70_2_737_279_0.683.png,13
70_2_737_279_0.683.png,6
70_2_737_279_0.683.png,9
70_2_737_279_0.683.png,4
70_2_737_279_0.683.png,16
70_2_737_279_0.683.png,12
70_2_737_279_0.683.png,17
70_2_737_279_0.683.png,14
70_2_737_279_0.683.png,18
70_2_737_279_0.683.png,10
70_2_737_279_0.683.png,3
70_2_737_279_0.683.png,10
70_2_737_279_0.683.png,9
70_2_737_279_0.683.png,4
70_2_737_279_0.683.png,2
70_2_737_279_0.683.png,11
71_5_786_279_0.503.png,2
71_5_786_279_0.503.png,5
71_5_786_279_0.503.png,16
71_5_786_279_0.503.png,1
71_5_786_279_0.503.png,15
71_5_786_279_0.503.png,11
71_5_786_279_0.503.png,11
71_5_786_279_0.503.png,16
71_5_786_279_0.503.png,14
71_5_786_279_0.503.png,13
71_5_786_279_0.503.png,21
71_5_786_279_0.503.png,13
71_5_786_279_0.503.png,22
71_5_786_279_0.503.png,17
71_5_786_279_0.503.png,4
71_5_786_279_0.503.png,10
71_5_786_279_0.503.png,21
71_5_786_279_0.503.png,20
71_5_786_279_0.503.png,6
71_5_786_279_0.503.png,9
71_5_786_279_0.503.png,9
71_5_786_279_0.503.png,3
71_5_786_279_0.503.png,19
71_5_786_279_0.503.png,12
71_5_786_279_0.503.png,4
71_5_786_279_0.503.png,3
71_5_786_279_0.503.png,12
71_5_786_279_0.503.png,7
71_5_786_279_0.503.png,23
71_5_786_279_0.503.png,2
71_5_786_279_0.503.png,10
71_5_786_279_0.503.png,17
71_5_786_279_0.503.png,18
71_5_786_279_0.503.png,15
71_5_786_279_0.503.png,20
71_5_786_279_0.503.png,5
71_5_786_279_0.503.png,23
71_5_786_279_0.503.png,7
82_1_345_312_0.538.png,9
82_1_345_312_0.538.png,7
82_1_345_312_0.538.png,10
82_1_345_312_0.538.png,15
82_1_345_312_0.538.png,23
82_1_345_312_0.538.png,4
82_1_345_312_0.538.png,19
82_1_345_312_0.538.png,14
82_1_345_312_0.538.png,5
82_1_345_312_0.538.png,22
82_1_345_312_0.538.png,11
82_1_345_312_0.538.png,15
82_1_345_312_0.538.png,7
82_1_345_312_0.538.png,8
82_1_345_312_0.538.png,23
82_1_345_312_0.538.png,21
71_5_786_279_0.770.png,14
71_5_786_279_0.770.png,23
71_5_786_279_0.770.png,22
71_5_786_279_0.770.png,10
71_5_786_279_0.770.png,4
71_5_786_279_0.770.png,3
71_5_786_279_0.770.png,6
71_5_786_279_0.770.png,17
71_5_786_279_0.770.png,23
71_5_786_279_0.770.png,20
71_5_786_279_0.770.png,3
71_5_786_279_0.770.png,16
71_5_786_279_0.770.png,6
71_5_786_279_0.770.png,10
71_5_786_279_0.770.png,1
71_5_786_279_0.770.png,21
71_5_786_279_0.770.png,1
71_5_786_279_0.770.png,12
71_5_786_279_0.770.png,19
71_5_786_279_0.770.png,15
71_5_786_279_0.770.png,18
71_5_786_279_0.770.png,16
71_5_786_279_0.770.png,13
71_5_786_279_0.770.png,11
71_5_786_279_0.770.png,4
71_5_786_279_0.770.png,17
71_5_786_279_0.770.png,5
71_5_786_279_0.770.png,11
71_5_786_279_0.770.png,8
71_5_786_279_0.770.png,7
71_5_786_279_0.770.png,2
71_5_786_279_0.770.png,18
71_5_786_279_0.770.png,7
71_5_786_279_0.770.png,8
71_5_786_279_0.770.png,20
71_5_786_279_0.770.png,12
71_5_786_279_0.770.png,2
71_5_786_279_0.770.png,22
71_5_786_279_0.770.png,21
71_5_786_279_0.770.png,19
71_5_786_279_0.770.png,5
71_5_786_279_0.770.png,15
71_5_786_279_0.770.png,13
71_5_786_279_0.770.png,14
71_5_786_279_0.770.png,9
71_5_786_279_0.770.png,9
86_3_541_312_0.661.png,8
86_3_541_312_0.661.png,13
86_3_541_312_0.661.png,9
86_3_541_312_0.661.png,5
86_3_541_312_0.661.png,1
86_3_541_312_0.661.png,18
86_3_541_312_0.661.png,9
86_3_541_312_0.661.png,22
86_3_541_312_0.661.png,15
86_3_541_312_0.661.png,20
86_3_541_312_0.661.png,19
86_3_541_312_0.661.png,10
86_3_541_312_0.661.png,8
86_3_541_312_0.661.png,3
86_3_541_312_0.661.png,23
86_3_541_312_0.661.png,5
86_3_541_312_0.661.png,22
86_3_541_312_0.661.png,16
86_3_541_312_0.661.png,19
86_3_541_312_0.661.png,6
86_3_541_312_0.661.png,15
86_3_541_312_0.661.png,11
86_3_541_312_0.661.png,12
86_3_541_312_0.661.png,20
86_3_541_312_0.661.png,4
86_3_541_312_0.661.png,4
86_3_541_312_0.661.png,16
86_3_541_312_0.661.png,21
86_3_541_312_0.661.png,13
86_3_541_312_0.661.png,11
86_3_541_312_0.661.png,17
130_2_737_378_0.767.png,21
130_2_737_378_0.767.png,8
130_2_737_378_0.767.png,2
130_2_737_378_0.767.png,9
130_2_737_378_0.767.png,14
130_2_737_378_0.767.png,23
130_2_737_378_0.767.png,1
130_2_737_378_0.767.png,5
130_2_737_378_0.767.png,22
130_2_737_378_0.767.png,23
130_2_737_378_0.767.png,7
130_2_737_378_0.767.png,19
130_2_737_378_0.767.png,19
130_2_737_378_0.767.png,18
130_2_737_378_0.767.png,17
130_2_737_378_0.767.png,2
130_2_737_378_0.767.png,6
130_2_737_378_0.767.png,16
130_2_737_378_0.767.png,3
130_2_737_378_0.767.png,22
130_2_737_378_0.767.png,12
130_2_737_378_0.767.png,20
130_2_737_378_0.767.png,13
130_2_737_378_0.767.png,4
130_2_737_378_0.767.png,16
130_2_737_378_0.767.png,11
130_2_737_378_0.767.png,4
130_2_737_378_0.767.png,15
130_2_737_378_0.767.png,1
130_2_737_378_0.767.png,21
130_2_737_378_0.767.png,18
130_2_737_378_0.767.png,7
130_2_737_378_0.767.png,8
130_2_737_378_0.767.png,11
130_2_737_378_0.767.png,10
130_2_737_378_0.767.png,17
130_2_737_378_0.767.png,5
130_2_737_378_0.767.png,3
130_2_737_378_0.767.png,10
130_2_737_378_0.767.png,13
130_2_737_378_0.767.png,6
130_2_737_378_0.767.png,12
31_2_786_213_0.820.png,15
31_2_786_213_0.820.png,13
31_2_786_213_0.820.png,21
31_2_786_213_0.820.png,6
31_2_786_213_0.820.png,19
31_2_786_213_0.820.png,17
31_2_786_213_0.820.png,18
31_2_786_213_0.820.png,8
31_2_786_213_0.820.png,18
31_2_786_213_0.820.png,12
31_2_786_213_0.820.png,5
31_2_786_213_0.820.png,9
31_2_786_213_0.820.png,1
31_2_786_213_0.820.png,8
31_2_786_213_0.820.png,16
31_2_786_213_0.820.png,13
31_2_786_213_0.820.png,19
31_2_786_213_0.820.png,23
31_2_786_213_0.820.png,7
31_2_786_213_0.820.png,4
31_2_786_213_0.820.png,23
31_2_786_213_0.820.png,7
31_2_786_213_0.820.png,5
31_2_786_213_0.820.png,14
31_2_786_213_0.820.png,3
31_2_786_213_0.820.png,21
31_2_786_213_0.820.png,9
31_2_786_213_0.820.png,11
31_2_786_213_0.820.png,10
31_2_786_213_0.820.png,11
31_2_786_213_0.820.png,10
31_2_786_213_0.820.png,2
31_2_786_213_0.820.png,16
31_2_786_213_0.820.png,14
31_2_786_213_0.820.png,15
31_2_786_213_0.820.png,20
31_2_786_213_0.820.png,20
31_2_786_213_0.820.png,22
31_2_786_213_0.820.png,1
31_2_786_213_0.820.png,4
31_2_786_213_0.820.png,2
31_2_786_213_0.820.png,6
31_2_786_213_0.820.png,22
243_4_394_576_0.888.png,9
243_4_394_576_0.888.png,7
243_4_394_576_0.888.png,13
243_4_394_576_0.888.png,16
243_4_394_576_0.888.png,14
243_4_394_576_0.888.png,17
243_4_394_576_0.888.png,22
243_4_394_576_0.888.png,7
243_4_394_576_0.888.png,11
243_4_394_576_0.888.png,12
243_4_394_576_0.888.png,21
243_4_394_576_0.888.png,1
243_4_394_576_0.888.png,8
243_4_394_576_0.888.png,4
243_4_394_576_0.888.png,18
243_4_394_576_0.888.png,18
243_4_394_576_0.888.png,10
243_4_394_576_0.888.png,16
243_4_394_576_0.888.png,17
243_4_394_576_0.888.png,20
243_4_394_576_0.888.png,3
243_4_394_576_0.888.png,15
243_4_394_576_0.888.png,23
243_4_394_576_0.888.png,4
243_4_394_576_0.888.png,3
243_4_394_576_0.888.png,5
243_4_394_576_0.888.png,4
243_4_394_576_0.888.png,19
243_4_394_576_0.888.png,9
243_4_394_576_0.888.png,6
243_4_394_576_0.888.png,20
243_4_394_576_0.888.png,2
243_4_394_576_0.888.png,12
243_4_394_576_0.888.png,15
243_4_394_576_0.888.png,17
243_4_394_576_0.888.png,8
243_4_394_576_0.888.png,1
243_4_394_576_0.888.png,2
243_4_394_576_0.888.png,13
243_4_394_576_0.888.png,23
243_4_394_576_0.888.png,22
243_4_394_576_0.888.png,10
243_4_394_576_0.888.png,21
243_4_394_576_0.888.png,19
243_4_394_576_0.888.png,11
243_4_394_576_0.888.png,5
35_1_982_213_0.720.png,1
35_1_982_213_0.720.png,14
35_1_982_213_0.720.png,5
35_1_982_213_0.720.png,12
35_1_982_213_0.720.png,18
35_1_982_213_0.720.png,11
35_1_982_213_0.720.png,16
35_1_982_213_0.720.png,15
35_1_982_213_0.720.png,6
35_1_982_213_0.720.png,23
35_1_982_213_0.720.png,3
35_1_982_213_0.720.png,21
35_1_982_213_0.720.png,9
35_1_982_213_0.720.png,3
35_1_982_213_0.720.png,20
35_1_982_213_0.720.png,13
35_1_982_213_0.720.png,7
35_1_982_213_0.720.png,8
35_1_982_213_0.720.png,17
35_1_982_213_0.720.png,19
35_1_982_213_0.720.png,19
35_1_982_213_0.720.png,6
35_1_982_213_0.720.png,21
35_1_982_213_0.720.png,10
35_1_982_213_0.720.png,7
35_1_982_213_0.720.png,9
35_1_982_213_0.720.png,2
35_1_982_213_0.720.png,22
35_1_982_213_0.720.png,20
35_1_982_213_0.720.png,16
35_1_982_213_0.720.png,23
35_1_982_213_0.720.png,4
35_1_982_213_0.720.png,15
35_1_982_213_0.720.png,5
35_1_982_213_0.720.png,13
35_1_982_213_0.720.png,17
35_1_982_213_0.720.png,14
35_1_982_213_0.720.png,12
35_1_982_213_0.720.png,10
35_1_982_213_0.720.png,4
35_1_982_213_0.720.png,11
35_1_982_213_0.720.png,8
35_1_982_213_0.720.png,1
35_1_982_213_0.720.png,22
35_1_982_213_0.720.png,18
35_1_982_213_0.720.png,2
36_3_1031_213_0.673.png,22
36_3_1031_213_0.673.png,18
36_3_1031_213_0.673.png,1
36_3_1031_213_0.673.png,2
36_3_1031_213_0.673.png,8
36_3_1031_213_0.673.png,11
36_3_1031_213_0.673.png,10
36_3_1031_213_0.673.png,4
36_3_1031_213_0.673.png,4
36_3_1031_213_0.673.png,15
36_3_1031_213_0.673.png,5
36_3_1031_213_0.673.png,13
36_3_1031_213_0.673.png,23
36_3_1031_213_0.673.png,16
36_3_1031_213_0.673.png,20
36_3_1031_213_0.673.png,22
36_3_1031_213_0.673.png,9
36_3_1031_213_0.673.png,17
36_3_1031_213_0.673.png,14
36_3_1031_213_0.673.png,2
36_3_1031_213_0.673.png,6
36_3_1031_213_0.673.png,23
36_3_1031_213_0.673.png,19
36_3_1031_213_0.673.png,19
36_3_1031_213_0.673.png,17
36_3_1031_213_0.673.png,8
36_3_1031_213_0.673.png,10
36_3_1031_213_0.673.png,7
36_3_1031_213_0.673.png,21
36_3_1031_213_0.673.png,6
36_3_1031_213_0.673.png,9
36_3_1031_213_0.673.png,21
36_3_1031_213_0.673.png,3
36_3_1031_213_0.673.png,20
36_3_1031_213_0.673.png,7
36_3_1031_213_0.673.png,13
36_3_1031_213_0.673.png,3
36_3_1031_213_0.673.png,12
36_3_1031_213_0.673.png,16
36_3_1031_213_0.673.png,11
36_3_1031_213_0.673.png,18
36_3_1031_213_0.673.png,15
36_3_1031_213_0.673.png,12
36_3_1031_213_0.673.png,14
36_3_1031_213_0.673.png,1
36_3_1031_213_0.673.png,5
55_10_982_246_0.884.png,1
55_10_982_246_0.884.png,12
55_10_982_246_0.884.png,22
55_10_982_246_0.884.png,10
55_10_982_246_0.884.png,17
55_10_982_246_0.884.png,9
55_10_982_246_0.884.png,23
55_10_982_246_0.884.png,21
55_10_982_246_0.884.png,7
55_10_982_246_0.884.png,5
55_10_982_246_0.884.png,14
55_10_982_246_0.884.png,2
55_10_982_246_0.884.png,13
55_10_982_246_0.884.png,8
55_10_982_246_0.884.png,7
55_10_982_246_0.884.png,17
55_10_982_246_0.884.png,2
55_10_982_246_0.884.png,1
55_10_982_246_0.884.png,8
55_10_982_246_0.884.png,16
55_10_982_246_0.884.png,10
55_10_982_246_0.884.png,18
55_10_982_246_0.884.png,4
55_10_982_246_0.884.png,6
55_10_982_246_0.884.png,19
55_10_982_246_0.884.png,9
55_10_982_246_0.884.png,3
55_10_982_246_0.884.png,15
55_10_982_246_0.884.png,4
55_10_982_246_0.884.png,19
55_10_982_246_0.884.png,22
55_10_982_246_0.884.png,20
55_10_982_246_0.884.png,12
55_10_982_246_0.884.png,21
55_10_982_246_0.884.png,5
55_10_982_246_0.884.png,6
55_10_982_246_0.884.png,18
55_10_982_246_0.884.png,15
55_10_982_246_0.884.png,11
55_10_982_246_0.884.png,11
55_10_982_246_0.884.png,20
55_10_982_246_0.884.png,13
55_10_982_246_0.884.png,23
55_10_982_246_0.884.png,14
55_10_982_246_0.884.png,16
55_10_982_246_0.884.png,3
63_2_394_279_0.633.png,12
63_2_394_279_0.633.png,12
63_2_394_279_0.633.png,13
63_2_394_279_0.633.png,9
63_2_394_279_0.633.png,22
63_2_394_279_0.633.png,23
63_2_394_279_0.633.png,6
63_2_394_279_0.633.png,3
63_2_394_279_0.633.png,8
63_2_394_279_0.633.png,22
63_2_394_279_0.633.png,8
63_2_394_279_0.633.png,9
63_2_394_279_0.633.png,20
63_2_394_279_0.633.png,17
63_2_394_279_0.633.png,10
63_2_394_279_0.633.png,1
63_2_394_279_0.633.png,2
63_2_394_279_0.633.png,13
63_2_394_279_0.633.png,23
63_2_394_279_0.633.png,4
63_2_394_279_0.633.png,17
63_2_394_279_0.633.png,2
63_2_394_279_0.633.png,18
63_2_394_279_0.633.png,16
63_2_394_279_0.633.png,4
63_2_394_279_0.633.png,16
63_2_394_279_0.633.png,5
63_2_394_279_0.633.png,3
63_2_394_279_0.633.png,6
63_2_394_279_0.633.png,11
63_2_394_279_0.633.png,21
63_2_394_279_0.633.png,7
63_2_394_279_0.633.png,19
63_2_394_279_0.633.png,20
63_2_394_279_0.633.png,11
63_2_394_279_0.633.png,19
63_2_394_279_0.633.png,15
63_2_394_279_0.633.png,5
63_2_394_279_0.633.png,7
63_2_394_279_0.633.png,18
63_2_394_279_0.633.png,14
63_2_394_279_0.633.png,16
63_2_394_279_0.633.png,1
63_2_394_279_0.633.png,21
63_2_394_279_0.633.png,14
63_2_394_279_0.633.png,15
55_10_982_246_0.887.png,7
55_10_982_246_0.887.png,21
55_10_982_246_0.887.png,8
55_10_982_246_0.887.png,5
55_10_982_246_0.887.png,9
55_10_982_246_0.887.png,12
55_10_982_246_0.887.png,8
55_10_982_246_0.887.png,3
55_10_982_246_0.887.png,1
55_10_982_246_0.887.png,2
55_10_982_246_0.887.png,20
55_10_982_246_0.887.png,4
55_10_982_246_0.887.png,2
55_10_982_246_0.887.png,1
55_10_982_246_0.887.png,18
55_10_982_246_0.887.png,23
55_10_982_246_0.887.png,9
55_10_982_246_0.887.png,16
55_10_982_246_0.887.png,11
55_10_982_246_0.887.png,15
55_10_982_246_0.887.png,17
55_10_982_246_0.887.png,16
55_10_982_246_0.887.png,15
55_10_982_246_0.887.png,17
55_10_982_246_0.887.png,4
55_10_982_246_0.887.png,6
55_10_982_246_0.887.png,14
55_10_982_246_0.887.png,6
55_10_982_246_0.887.png,13
55_10_982_246_0.887.png,20
55_10_982_246_0.887.png,7
55_10_982_246_0.887.png,23
55_10_982_246_0.887.png,10
55_10_982_246_0.887.png,12
55_10_982_246_0.887.png,11
55_10_982_246_0.887.png,5
55_10_982_246_0.887.png,19
55_10_982_246_0.887.png,19
55_10_982_246_0.887.png,10
55_10_982_246_0.887.png,13
55_10_982_246_0.887.png,14
55_10_982_246_0.887.png,3
55_10_982_246_0.887.png,12
55_10_982_246_0.887.png,9
58_2_1129_246_0.866.png,22
58_2_1129_246_0.866.png,2
58_2_1129_246_0.866.png,14
58_2_1129_246_0.866.png,12
58_2_1129_246_0.866.png,5
58_2_1129_246_0.866.png,4
58_2_1129_246_0.866.png,17
58_2_1129_246_0.866.png,6
58_2_1129_246_0.866.png,8
58_2_1129_246_0.866.png,17
58_2_1129_246_0.866.png,4
58_2_1129_246_0.866.png,12
58_2_1129_246_0.866.png,10
58_2_1129_246_0.866.png,4
58_2_1129_246_0.866.png,9
58_2_1129_246_0.866.png,5
58_2_1129_246_0.866.png,1
58_2_1129_246_0.866.png,1
58_2_1129_246_0.866.png,2
58_2_1129_246_0.866.png,13
58_2_1129_246_0.866.png,23
58_2_1129_246_0.866.png,7
58_2_1129_246_0.866.png,23
58_2_1129_246_0.866.png,8
58_2_1129_246_0.866.png,19
58_2_1129_246_0.866.png,13
58_2_1129_246_0.866.png,18
58_2_1129_246_0.866.png,9
58_2_1129_246_0.866.png,16
58_2_1129_246_0.866.png,1
58_2_1129_246_0.866.png,3
58_2_1129_246_0.866.png,14
58_2_1129_246_0.866.png,21
58_2_1129_246_0.866.png,20
58_2_1129_246_0.866.png,16
58_2_1129_246_0.866.png,21
58_2_1129_246_0.866.png,15
58_2_1129_246_0.866.png,22
58_2_1129_246_0.866.png,15
58_2_1129_246_0.866.png,7
58_2_1129_246_0.866.png,11
58_2_1129_246_0.866.png,20
46_5_541_246_0.572.png,21
46_5_541_246_0.572.png,4
46_5_541_246_0.572.png,22
46_5_541_246_0.572.png,10
46_5_541_246_0.572.png,20
46_5_541_246_0.572.png,20
46_5_541_246_0.572.png,12
46_5_541_246_0.572.png,12
46_5_541_246_0.572.png,14
46_5_541_246_0.572.png,17
46_5_541_246_0.572.png,13
46_5_541_246_0.572.png,13
46_5_541_246_0.572.png,2
46_5_541_246_0.572.png,14
46_5_541_246_0.572.png,19
46_5_541_246_0.572.png,8
46_5_541_246_0.572.png,7
46_5_541_246_0.572.png,3
46_5_541_246_0.572.png,18
46_5_541_246_0.572.png,5
46_5_541_246_0.572.png,7
46_5_541_246_0.572.png,6
46_5_541_246_0.572.png,15
46_5_541_246_0.572.png,9
46_5_541_246_0.572.png,9
46_5_541_246_0.572.png,5
46_5_541_246_0.572.png,22
46_5_541_246_0.572.png,1
46_5_541_246_0.572.png,10
46_5_541_246_0.572.png,22
46_5_541_246_0.572.png,16
46_5_541_246_0.572.png,8
46_5_541_246_0.572.png,18
46_5_541_246_0.572.png,17
46_5_541_246_0.572.png,3
46_5_541_246_0.572.png,11
46_5_541_246_0.572.png,1
46_5_541_246_0.572.png,19
46_5_541_246_0.572.png,11
46_5_541_246_0.572.png,4
46_5_541_246_0.572.png,6
46_5_541_246_0.572.png,23
46_5_541_246_0.572.png,2
46_5_541_246_0.572.png,16
46_5_541_246_0.572.png,15
46_5_541_246_0.572.png,24
293_2_884_642_0.642.png,10
293_2_884_642_0.642.png,1
293_2_884_642_0.642.png,20
293_2_884_642_0.642.png,20
293_2_884_642_0.642.png,13
293_2_884_642_0.642.png,19
293_2_884_642_0.642.png,23
293_2_884_642_0.642.png,12
293_2_884_642_0.642.png,15
293_2_884_642_0.642.png,24
293_2_884_642_0.642.png,21
293_2_884_642_0.642.png,14
293_2_884_642_0.642.png,11
293_2_884_642_0.642.png,3
293_2_884_642_0.642.png,18
293_2_884_642_0.642.png,17
293_2_884_642_0.642.png,21
293_2_884_642_0.642.png,7
293_2_884_642_0.642.png,8
293_2_884_642_0.642.png,16
293_2_884_642_0.642.png,17
293_2_884_642_0.642.png,19
293_2_884_642_0.642.png,6
293_2_884_642_0.642.png,11
293_2_884_642_0.642.png,4
293_2_884_642_0.642.png,1
293_2_884_642_0.642.png,10
293_2_884_642_0.642.png,5
293_2_884_642_0.642.png,13
293_2_884_642_0.642.png,7
293_2_884_642_0.642.png,9
293_2_884_642_0.642.png,2
293_2_884_642_0.642.png,2
293_2_884_642_0.642.png,12
293_2_884_642_0.642.png,22
293_2_884_642_0.642.png,9
293_2_884_642_0.642.png,4
293_2_884_642_0.642.png,3
293_2_884_642_0.642.png,14
293_2_884_642_0.642.png,15
293_2_884_642_0.642.png,6
293_2_884_642_0.642.png,18
293_2_884_642_0.642.png,16
293_2_884_642_0.642.png,5
299_3_1178_642_0.764.png,7
299_3_1178_642_0.764.png,20
299_3_1178_642_0.764.png,24
299_3_1178_642_0.764.png,13
299_3_1178_642_0.764.png,2
299_3_1178_642_0.764.png,11
299_3_1178_642_0.764.png,8
299_3_1178_642_0.764.png,19
299_3_1178_642_0.764.png,21
299_3_1178_642_0.764.png,18
299_3_1178_642_0.764.png,13
299_3_1178_642_0.764.png,20
299_3_1178_642_0.764.png,1
299_3_1178_642_0.764.png,19
299_3_1178_642_0.764.png,4
299_3_1178_642_0.764.png,11
299_3_1178_642_0.764.png,4
299_3_1178_642_0.764.png,9
299_3_1178_642_0.764.png,17
299_3_1178_642_0.764.png,12
299_3_1178_642_0.764.png,23
299_3_1178_642_0.764.png,1
299_3_1178_642_0.764.png,16
299_3_1178_642_0.764.png,10
299_3_1178_642_0.764.png,7
299_3_1178_642_0.764.png,2
299_3_1178_642_0.764.png,16
299_3_1178_642_0.764.png,21
299_3_1178_642_0.764.png,22
299_3_1178_642_0.764.png,3
299_3_1178_642_0.764.png,15
299_3_1178_642_0.764.png,14
299_3_1178_642_0.764.png,5
299_3_1178_642_0.764.png,17
299_3_1178_642_0.764.png,18
299_3_1178_642_0.764.png,6
299_3_1178_642_0.764.png,12
299_3_1178_642_0.764.png,3
299_3_1178_642_0.764.png,5
299_3_1178_642_0.764.png,9
299_3_1178_642_0.764.png,11
299_3_1178_642_0.764.png,22
299_3_1178_642_0.764.png,14
180_2_247_477_0.849.png,6
180_2_247_477_0.849.png,17
180_2_247_477_0.849.png,2
180_2_247_477_0.849.png,11
180_2_247_477_0.849.png,19
180_2_247_477_0.849.png,24
180_2_247_477_0.849.png,21
180_2_247_477_0.849.png,7
180_2_247_477_0.849.png,3
180_2_247_477_0.849.png,6
180_2_247_477_0.849.png,8
180_2_247_477_0.849.png,4
180_2_247_477_0.849.png,23
180_2_247_477_0.849.png,12
180_2_247_477_0.849.png,9
180_2_247_477_0.849.png,19
180_2_247_477_0.849.png,20
180_2_247_477_0.849.png,17
180_2_247_477_0.849.png,14
180_2_247_477_0.849.png,1
180_2_247_477_0.849.png,15
180_2_247_477_0.849.png,15
180_2_247_477_0.849.png,2
180_2_247_477_0.849.png,10
180_2_247_477_0.849.png,4
180_2_247_477_0.849.png,20
180_2_247_477_0.849.png,7
180_2_247_477_0.849.png,5
180_2_247_477_0.849.png,22
180_2_247_477_0.849.png,16
180_2_247_477_0.849.png,12
180_2_247_477_0.849.png,10
180_2_247_477_0.849.png,18
180_2_247_477_0.849.png,13
180_2_247_477_0.849.png,1
180_2_247_477_0.849.png,16
180_2_247_477_0.849.png,13
180_2_247_477_0.849.png,11
180_2_247_477_0.849.png,9
180_2_247_477_0.849.png,21
180_2_247_477_0.849.png,22
180_2_247_477_0.849.png,14
180_2_247_477_0.849.png,7
180_2_247_477_0.849.png,18
180_2_247_477_0.849.png,5
180_2_247_477_0.849.png,3
160_2_247_444_0.835.png,10
160_2_247_444_0.835.png,11
160_2_247_444_0.835.png,9
160_2_247_444_0.835.png,14
160_2_247_444_0.835.png,17
160_2_247_444_0.835.png,20
160_2_247_444_0.835.png,4
160_2_247_444_0.835.png,4
160_2_247_444_0.835.png,12
160_2_247_444_0.835.png,17
160_2_247_444_0.835.png,21
160_2_247_444_0.835.png,3
160_2_247_444_0.835.png,21
160_2_247_444_0.835.png,5
160_2_247_444_0.835.png,1
160_2_247_444_0.835.png,13
160_2_247_444_0.835.png,22
160_2_247_444_0.835.png,17
160_2_247_444_0.835.png,20
160_2_247_444_0.835.png,14
160_2_247_444_0.835.png,11
160_2_247_444_0.835.png,5
160_2_247_444_0.835.png,15
160_2_247_444_0.835.png,9
160_2_247_444_0.835.png,18
160_2_247_444_0.835.png,15
160_2_247_444_0.835.png,24
160_2_247_444_0.835.png,22
160_2_247_444_0.835.png,10
160_2_247_444_0.835.png,19
160_2_247_444_0.835.png,7
160_2_247_444_0.835.png,18
160_2_247_444_0.835.png,5
160_2_247_444_0.835.png,16
160_2_247_444_0.835.png,6
160_2_247_444_0.835.png,12
160_2_247_444_0.835.png,23
160_2_247_444_0.835.png,2
160_2_247_444_0.835.png,19
160_2_247_444_0.835.png,8
160_2_247_444_0.835.png,16
160_2_247_444_0.835.png,1
160_2_247_444_0.835.png,3
160_2_247_444_0.835.png,7
160_2_247_444_0.835.png,2
120_5_247_378_0.764.png,4
120_5_247_378_0.764.png,9
120_5_247_378_0.764.png,11
120_5_247_378_0.764.png,3
120_5_247_378_0.764.png,8
120_5_247_378_0.764.png,2
120_5_247_378_0.764.png,18
120_5_247_378_0.764.png,14
120_5_247_378_0.764.png,15
120_5_247_378_0.764.png,21
120_5_247_378_0.764.png,6
120_5_247_378_0.764.png,20
120_5_247_378_0.764.png,20
120_5_247_378_0.764.png,21
120_5_247_378_0.764.png,12
120_5_247_378_0.764.png,13
120_5_247_378_0.764.png,16
120_5_247_378_0.764.png,6
120_5_247_378_0.764.png,2
120_5_247_378_0.764.png,5
120_5_247_378_0.764.png,10
120_5_247_378_0.764.png,7
120_5_247_378_0.764.png,13
120_5_247_378_0.764.png,1
120_5_247_378_0.764.png,3
120_5_247_378_0.764.png,10
120_5_247_378_0.764.png,8
120_5_247_378_0.764.png,4
120_5_247_378_0.764.png,14
120_5_247_378_0.764.png,16
120_5_247_378_0.764.png,7
120_5_247_378_0.764.png,5
120_5_247_378_0.764.png,20
120_5_247_378_0.764.png,18
120_5_247_378_0.764.png,12
120_5_247_378_0.764.png,15
120_5_247_378_0.764.png,11
120_5_247_378_0.764.png,9
120_5_247_378_0.764.png,1
120_5_247_378_0.764.png,22
120_5_247_378_0.764.png,19
120_5_247_378_0.764.png,23
120_5_247_378_0.764.png,18
120_5_247_378_0.764.png,19
120_5_247_378_0.764.png,9
101_4_296_345_0.815.png,5
101_4_296_345_0.815.png,18
101_4_296_345_0.815.png,8
101_4_296_345_0.815.png,12
101_4_296_345_0.815.png,2
101_4_296_345_0.815.png,8
101_4_296_345_0.815.png,19
101_4_296_345_0.815.png,7
101_4_296_345_0.815.png,1
101_4_296_345_0.815.png,15
101_4_296_345_0.815.png,23
101_4_296_345_0.815.png,9
101_4_296_345_0.815.png,1
101_4_296_345_0.815.png,11
101_4_296_345_0.815.png,18
101_4_296_345_0.815.png,16
101_4_296_345_0.815.png,9
101_4_296_345_0.815.png,17
101_4_296_345_0.815.png,2
101_4_296_345_0.815.png,22
101_4_296_345_0.815.png,4
101_4_296_345_0.815.png,3
101_4_296_345_0.815.png,6
101_4_296_345_0.815.png,10
101_4_296_345_0.815.png,10
101_4_296_345_0.815.png,15
101_4_296_345_0.815.png,7
101_4_296_345_0.815.png,16
101_4_296_345_0.815.png,6
101_4_296_345_0.815.png,3
101_4_296_345_0.815.png,21
101_4_296_345_0.815.png,5
101_4_296_345_0.815.png,11
101_4_296_345_0.815.png,22
101_4_296_345_0.815.png,14
101_4_296_345_0.815.png,17
101_4_296_345_0.815.png,19
101_4_296_345_0.815.png,14
101_4_296_345_0.815.png,21
101_4_296_345_0.815.png,13
101_4_296_345_0.815.png,12
101_4_296_345_0.815.png,20
101_4_296_345_0.815.png,10
101_4_296_345_0.815.png,4
253_5_884_576_0.847.png,16
253_5_884_576_0.847.png,11
253_5_884_576_0.847.png,7
253_5_884_576_0.847.png,8
253_5_884_576_0.847.png,6
253_5_884_576_0.847.png,11
253_5_884_576_0.847.png,22
253_5_884_576_0.847.png,3
253_5_884_576_0.847.png,4
253_5_884_576_0.847.png,20
253_5_884_576_0.847.png,19
253_5_884_576_0.847.png,17
253_5_884_576_0.847.png,10
253_5_884_576_0.847.png,10
253_5_884_576_0.847.png,3
253_5_884_576_0.847.png,13
253_5_884_576_0.847.png,4
253_5_884_576_0.847.png,5
253_5_884_576_0.847.png,2
253_5_884_576_0.847.png,15
253_5_884_576_0.847.png,5
253_5_884_576_0.847.png,24
253_5_884_576_0.847.png,6
253_5_884_576_0.847.png,1
253_5_884_576_0.847.png,17
253_5_884_576_0.847.png,8
253_5_884_576_0.847.png,9
253_5_884_576_0.847.png,18
253_5_884_576_0.847.png,12
253_5_884_576_0.847.png,9
253_5_884_576_0.847.png,2
253_5_884_576_0.847.png,19
253_5_884_576_0.847.png,12
253_5_884_576_0.847.png,21
253_5_884_576_0.847.png,22
253_5_884_576_0.847.png,1
253_5_884_576_0.847.png,16
253_5_884_576_0.847.png,23
253_5_884_576_0.847.png,21
253_5_884_576_0.847.png,14
253_5_884_576_0.847.png,15
253_5_884_576_0.847.png,13
253_5_884_576_0.847.png,1
253_5_884_576_0.847.png,14
253_5_884_576_0.847.png,20
286_2_541_642_0.696.png,18
286_2_541_642_0.696.png,12
286_2_541_642_0.696.png,4
286_2_541_642_0.696.png,8
286_2_541_642_0.696.png,13
286_2_541_642_0.696.png,13
286_2_541_642_0.696.png,14
286_2_541_642_0.696.png,9
286_2_541_642_0.696.png,14
286_2_541_642_0.696.png,17
286_2_541_642_0.696.png,12
286_2_541_642_0.696.png,7
286_2_541_642_0.696.png,18
286_2_541_642_0.696.png,10
286_2_541_642_0.696.png,9
286_2_541_642_0.696.png,4
286_2_541_642_0.696.png,5
286_2_541_642_0.696.png,6
286_2_541_642_0.696.png,3
286_2_541_642_0.696.png,1
286_2_541_642_0.696.png,2
286_2_541_642_0.696.png,20
286_2_541_642_0.696.png,23
286_2_541_642_0.696.png,16
286_2_541_642_0.696.png,5
286_2_541_642_0.696.png,3
286_2_541_642_0.696.png,10
286_2_541_642_0.696.png,16
286_2_541_642_0.696.png,7
286_2_541_642_0.696.png,2
286_2_541_642_0.696.png,8
286_2_541_642_0.696.png,1
286_2_541_642_0.696.png,21
286_2_541_642_0.696.png,11
286_2_541_642_0.696.png,20
286_2_541_642_0.696.png,6
286_2_541_642_0.696.png,11
286_2_541_642_0.696.png,15
286_2_541_642_0.696.png,22
286_2_541_642_0.696.png,21
286_2_541_642_0.696.png,19
286_2_541_642_0.696.png,21
286_2_541_642_0.696.png,15
286_2_541_642_0.696.png,17
286_2_541_642_0.696.png,19
26_1_541_213_0.562.png,18
26_1_541_213_0.562.png,20
26_1_541_213_0.562.png,2
26_1_541_213_0.562.png,8
26_1_541_213_0.562.png,21
26_1_541_213_0.562.png,18
26_1_541_213_0.562.png,4
26_1_541_213_0.562.png,7
26_1_541_213_0.562.png,13
26_1_541_213_0.562.png,16
26_1_541_213_0.562.png,1
26_1_541_213_0.562.png,6
26_1_541_213_0.562.png,22
26_1_541_213_0.562.png,22
26_1_541_213_0.562.png,16
26_1_541_213_0.562.png,17
26_1_541_213_0.562.png,6
26_1_541_213_0.562.png,8
26_1_541_213_0.562.png,19
26_1_541_213_0.562.png,13
26_1_541_213_0.562.png,11
26_1_541_213_0.562.png,22
26_1_541_213_0.562.png,10
26_1_541_213_0.562.png,12
26_1_541_213_0.562.png,4
26_1_541_213_0.562.png,5
26_1_541_213_0.562.png,21
26_1_541_213_0.562.png,9
26_1_541_213_0.562.png,12
26_1_541_213_0.562.png,16
26_1_541_213_0.562.png,23
26_1_541_213_0.562.png,14
26_1_541_213_0.562.png,19
26_1_541_213_0.562.png,11
26_1_541_213_0.562.png,13
26_1_541_213_0.562.png,3
26_1_541_213_0.562.png,10
26_1_541_213_0.562.png,2
26_1_541_213_0.562.png,1
26_1_541_213_0.562.png,5
120_5_247_378_0.711.png,2
120_5_247_378_0.711.png,11
120_5_247_378_0.711.png,23
120_5_247_378_0.711.png,2
120_5_247_378_0.711.png,3
120_5_247_378_0.711.png,6
120_5_247_378_0.711.png,16
120_5_247_378_0.711.png,8
120_5_247_378_0.711.png,18
120_5_247_378_0.711.png,13
120_5_247_378_0.711.png,20
120_5_247_378_0.711.png,4
120_5_247_378_0.711.png,10
120_5_247_378_0.711.png,7
120_5_247_378_0.711.png,4
120_5_247_378_0.711.png,10
120_5_247_378_0.711.png,6
120_5_247_378_0.711.png,17
120_5_247_378_0.711.png,16
120_5_247_378_0.711.png,14
120_5_247_378_0.711.png,5
120_5_247_378_0.711.png,3
120_5_247_378_0.711.png,22
120_5_247_378_0.711.png,19
120_5_247_378_0.711.png,12
120_5_247_378_0.711.png,8
120_5_247_378_0.711.png,11
120_5_247_378_0.711.png,18
120_5_247_378_0.711.png,12
120_5_247_378_0.711.png,15
120_5_247_378_0.711.png,22
120_5_247_378_0.711.png,24
120_5_247_378_0.711.png,21
120_5_247_378_0.711.png,7
120_5_247_378_0.711.png,1
120_5_247_378_0.711.png,19
120_5_247_378_0.711.png,1
120_5_247_378_0.711.png,21
120_5_247_378_0.711.png,5
120_5_247_378_0.711.png,14
120_5_247_378_0.711.png,9
120_5_247_378_0.711.png,17
120_5_247_378_0.711.png,13
120_5_247_378_0.711.png,9
120_5_247_378_0.711.png,20
271_2_786_609_0.505.png,6
271_2_786_609_0.505.png,8
271_2_786_609_0.505.png,5
271_2_786_609_0.505.png,10
271_2_786_609_0.505.png,11
271_2_786_609_0.505.png,8
271_2_786_609_0.505.png,9
271_2_786_609_0.505.png,4
271_2_786_609_0.505.png,2
271_2_786_609_0.505.png,16
271_2_786_609_0.505.png,15
271_2_786_609_0.505.png,9
271_2_786_609_0.505.png,23
271_2_786_609_0.505.png,7
271_2_786_609_0.505.png,14
271_2_786_609_0.505.png,19
271_2_786_609_0.505.png,13
271_2_786_609_0.505.png,17
271_2_786_609_0.505.png,20
271_2_786_609_0.505.png,6
271_2_786_609_0.505.png,13
271_2_786_609_0.505.png,19
271_2_786_609_0.505.png,2
271_2_786_609_0.505.png,4
271_2_786_609_0.505.png,10
271_2_786_609_0.505.png,18
271_2_786_609_0.505.png,1
271_2_786_609_0.505.png,11
271_2_786_609_0.505.png,15
271_2_786_609_0.505.png,14
271_2_786_609_0.505.png,3
271_2_786_609_0.505.png,12
271_2_786_609_0.505.png,5
271_2_786_609_0.505.png,18
271_2_786_609_0.505.png,16
271_2_786_609_0.505.png,1
271_2_786_609_0.505.png,12
271_2_786_609_0.505.png,5
271_2_786_609_0.505.png,21
271_2_786_609_0.505.png,22
271_2_786_609_0.505.png,17
271_2_786_609_0.505.png,7
271_2_786_609_0.505.png,21
271_2_786_609_0.505.png,24
271_2_786_609_0.505.png,22
271_2_786_609_0.505.png,20
83_1_394_312_0.546.png,7
83_1_394_312_0.546.png,4
83_1_394_312_0.546.png,16
83_1_394_312_0.546.png,3
83_1_394_312_0.546.png,3
83_1_394_312_0.546.png,14
83_1_394_312_0.546.png,14
83_1_394_312_0.546.png,10
83_1_394_312_0.546.png,20
83_1_394_312_0.546.png,12
83_1_394_312_0.546.png,10
83_1_394_312_0.546.png,11
83_1_394_312_0.546.png,2
83_1_394_312_0.546.png,21
83_1_394_312_0.546.png,18
83_1_394_312_0.546.png,20
83_1_394_312_0.546.png,4
83_1_394_312_0.546.png,9
83_1_394_312_0.546.png,19
83_1_394_312_0.546.png,17
83_1_394_312_0.546.png,6
83_1_394_312_0.546.png,12
83_1_394_312_0.546.png,6
83_1_394_312_0.546.png,13
83_1_394_312_0.546.png,22
83_1_394_312_0.546.png,15
83_1_394_312_0.546.png,16
83_1_394_312_0.546.png,9
83_1_394_312_0.546.png,23
83_1_394_312_0.546.png,1
83_1_394_312_0.546.png,8
226_4_541_543_0.813.png,15
226_4_541_543_0.813.png,6
226_4_541_543_0.813.png,1
226_4_541_543_0.813.png,5
226_4_541_543_0.813.png,16
226_4_541_543_0.813.png,2
226_4_541_543_0.813.png,22
226_4_541_543_0.813.png,9
226_4_541_543_0.813.png,11
226_4_541_543_0.813.png,20
226_4_541_543_0.813.png,22
226_4_541_543_0.813.png,17
226_4_541_543_0.813.png,21
226_4_541_543_0.813.png,8
226_4_541_543_0.813.png,6
226_4_541_543_0.813.png,20
226_4_541_543_0.813.png,16
226_4_541_543_0.813.png,10
226_4_541_543_0.813.png,4
226_4_541_543_0.813.png,18
226_4_541_543_0.813.png,24
226_4_541_543_0.813.png,13
226_4_541_543_0.813.png,14
226_4_541_543_0.813.png,18
226_4_541_543_0.813.png,2
226_4_541_543_0.813.png,11
226_4_541_543_0.813.png,21
226_4_541_543_0.813.png,19
226_4_541_543_0.813.png,3
226_4_541_543_0.813.png,9
226_4_541_543_0.813.png,8
226_4_541_543_0.813.png,5
226_4_541_543_0.813.png,19
226_4_541_543_0.813.png,17
226_4_541_543_0.813.png,7
226_4_541_543_0.813.png,3
226_4_541_543_0.813.png,7
226_4_541_543_0.813.png,13
226_4_541_543_0.813.png,14
226_4_541_543_0.813.png,12
226_4_541_543_0.813.png,15
226_4_541_543_0.813.png,12
226_4_541_543_0.813.png,23
226_4_541_543_0.813.png,10
226_4_541_543_0.813.png,4
226_4_541_543_0.813.png,1
107_4_590_345_0.870.png,5
107_4_590_345_0.870.png,13
107_4_590_345_0.870.png,3
107_4_590_345_0.870.png,6
107_4_590_345_0.870.png,12
107_4_590_345_0.870.png,9
107_4_590_345_0.870.png,20
107_4_590_345_0.870.png,11
107_4_590_345_0.870.png,6
107_4_590_345_0.870.png,7
107_4_590_345_0.870.png,8
107_4_590_345_0.870.png,7
107_4_590_345_0.870.png,9
107_4_590_345_0.870.png,4
107_4_590_345_0.870.png,15
107_4_590_345_0.870.png,21
107_4_590_345_0.870.png,16
107_4_590_345_0.870.png,11
107_4_590_345_0.870.png,15
107_4_590_345_0.870.png,23
107_4_590_345_0.870.png,5
107_4_590_345_0.870.png,14
107_4_590_345_0.870.png,22
107_4_590_345_0.870.png,10
107_4_590_345_0.870.png,8
107_4_590_345_0.870.png,18
107_4_590_345_0.870.png,17
107_4_590_345_0.870.png,24
107_4_590_345_0.870.png,20
107_4_590_345_0.870.png,16
107_4_590_345_0.870.png,3
107_4_590_345_0.870.png,1
107_4_590_345_0.870.png,10
107_4_590_345_0.870.png,4
107_4_590_345_0.870.png,18
107_4_590_345_0.870.png,13
107_4_590_345_0.870.png,2
107_4_590_345_0.870.png,14
107_4_590_345_0.870.png,1
107_4_590_345_0.870.png,22
107_4_590_345_0.870.png,2
107_4_590_345_0.870.png,12
107_4_590_345_0.870.png,19
107_4_590_345_0.870.png,17
107_4_590_345_0.870.png,21
116_1_1031_345_0.902.png,12
116_1_1031_345_0.902.png,17
116_1_1031_345_0.902.png,15
116_1_1031_345_0.902.png,13
116_1_1031_345_0.902.png,21
116_1_1031_345_0.902.png,13
116_1_1031_345_0.902.png,19
116_1_1031_345_0.902.png,22
116_1_1031_345_0.902.png,11
116_1_1031_345_0.902.png,3
116_1_1031_345_0.902.png,10
116_1_1031_345_0.902.png,9
116_1_1031_345_0.902.png,2
116_1_1031_345_0.902.png,7
116_1_1031_345_0.902.png,8
116_1_1031_345_0.902.png,14
116_1_1031_345_0.902.png,18
116_1_1031_345_0.902.png,22
116_1_1031_345_0.902.png,21
116_1_1031_345_0.902.png,23
116_1_1031_345_0.902.png,5
116_1_1031_345_0.902.png,5
116_1_1031_345_0.902.png,15
116_1_1031_345_0.902.png,6
116_1_1031_345_0.902.png,16
116_1_1031_345_0.902.png,19
116_1_1031_345_0.902.png,20
116_1_1031_345_0.902.png,20
116_1_1031_345_0.902.png,12
116_1_1031_345_0.902.png,3
116_1_1031_345_0.902.png,1
116_1_1031_345_0.902.png,1
116_1_1031_345_0.902.png,9
116_1_1031_345_0.902.png,20
116_1_1031_345_0.902.png,7
116_1_1031_345_0.902.png,10
116_1_1031_345_0.902.png,16
116_1_1031_345_0.902.png,2
116_1_1031_345_0.902.png,14
116_1_1031_345_0.902.png,18
116_1_1031_345_0.902.png,4
116_1_1031_345_0.902.png,8
116_1_1031_345_0.902.png,24
116_1_1031_345_0.902.png,11
116_1_1031_345_0.902.png,6
188_5_639_477_0.918.png,23
188_5_639_477_0.918.png,24
188_5_639_477_0.918.png,8
188_5_639_477_0.918.png,8
188_5_639_477_0.918.png,12
188_5_639_477_0.918.png,18
188_5_639_477_0.918.png,13
188_5_639_477_0.918.png,21
188_5_639_477_0.918.png,10
188_5_639_477_0.918.png,19
188_5_639_477_0.918.png,13
188_5_639_477_0.918.png,11
188_5_639_477_0.918.png,3
188_5_639_477_0.918.png,11
188_5_639_477_0.918.png,6
188_5_639_477_0.918.png,7
188_5_639_477_0.918.png,2
188_5_639_477_0.918.png,20
188_5_639_477_0.918.png,21
188_5_639_477_0.918.png,1
188_5_639_477_0.918.png,9
188_5_639_477_0.918.png,17
188_5_639_477_0.918.png,5
188_5_639_477_0.918.png,4
188_5_639_477_0.918.png,20
188_5_639_477_0.918.png,16
188_5_639_477_0.918.png,17
188_5_639_477_0.918.png,5
188_5_639_477_0.918.png,4
188_5_639_477_0.918.png,10
188_5_639_477_0.918.png,15
188_5_639_477_0.918.png,2
188_5_639_477_0.918.png,15
188_5_639_477_0.918.png,14
188_5_639_477_0.918.png,6
188_5_639_477_0.918.png,19
188_5_639_477_0.918.png,22
188_5_639_477_0.918.png,9
188_5_639_477_0.918.png,16
188_5_639_477_0.918.png,14
188_5_639_477_0.918.png,7
188_5_639_477_0.918.png,18
188_5_639_477_0.918.png,22
188_5_639_477_0.918.png,3
188_5_639_477_0.918.png,1
188_5_639_477_0.918.png,12
196_2_1031_477_0.823.png,11
196_2_1031_477_0.823.png,19
196_2_1031_477_0.823.png,21
196_2_1031_477_0.823.png,18
196_2_1031_477_0.823.png,15
196_2_1031_477_0.823.png,15
196_2_1031_477_0.823.png,12
196_2_1031_477_0.823.png,2
196_2_1031_477_0.823.png,17
196_2_1031_477_0.823.png,21
196_2_1031_477_0.823.png,20
196_2_1031_477_0.823.png,16
196_2_1031_477_0.823.png,24
196_2_1031_477_0.823.png,23
196_2_1031_477_0.823.png,11
196_2_1031_477_0.823.png,4
196_2_1031_477_0.823.png,1
196_2_1031_477_0.823.png,5
196_2_1031_477_0.823.png,1
196_2_1031_477_0.823.png,2
196_2_1031_477_0.823.png,3
196_2_1031_477_0.823.png,19
196_2_1031_477_0.823.png,12
196_2_1031_477_0.823.png,13
196_2_1031_477_0.823.png,7
196_2_1031_477_0.823.png,8
196_2_1031_477_0.823.png,8
196_2_1031_477_0.823.png,13
196_2_1031_477_0.823.png,22
196_2_1031_477_0.823.png,9
196_2_1031_477_0.823.png,18
196_2_1031_477_0.823.png,9
196_2_1031_477_0.823.png,6
196_2_1031_477_0.823.png,16
196_2_1031_477_0.823.png,3
196_2_1031_477_0.823.png,4
196_2_1031_477_0.823.png,5
196_2_1031_477_0.823.png,14
196_2_1031_477_0.823.png,14
196_2_1031_477_0.823.png,22
196_2_1031_477_0.823.png,7
196_2_1031_477_0.823.png,6
196_2_1031_477_0.823.png,10
196_2_1031_477_0.823.png,10
196_2_1031_477_0.823.png,20
196_2_1031_477_0.823.png,17
178_6_1129_444_0.923.png,22
178_6_1129_444_0.923.png,6
178_6_1129_444_0.923.png,20
178_6_1129_444_0.923.png,15
178_6_1129_444_0.923.png,9
178_6_1129_444_0.923.png,12
178_6_1129_444_0.923.png,14
178_6_1129_444_0.923.png,2
178_6_1129_444_0.923.png,5
178_6_1129_444_0.923.png,18
178_6_1129_444_0.923.png,1
178_6_1129_444_0.923.png,16
178_6_1129_444_0.923.png,16
178_6_1129_444_0.923.png,3
178_6_1129_444_0.923.png,4
178_6_1129_444_0.923.png,15
178_6_1129_444_0.923.png,4
178_6_1129_444_0.923.png,17
178_6_1129_444_0.923.png,5
178_6_1129_444_0.923.png,9
178_6_1129_444_0.923.png,1
178_6_1129_444_0.923.png,13
178_6_1129_444_0.923.png,14
178_6_1129_444_0.923.png,13
178_6_1129_444_0.923.png,24
178_6_1129_444_0.923.png,22
178_6_1129_444_0.923.png,8
178_6_1129_444_0.923.png,20
178_6_1129_444_0.923.png,11
178_6_1129_444_0.923.png,18
178_6_1129_444_0.923.png,7
178_6_1129_444_0.923.png,19
178_6_1129_444_0.923.png,10
178_6_1129_444_0.923.png,19
178_6_1129_444_0.923.png,3
178_6_1129_444_0.923.png,8
178_6_1129_444_0.923.png,17
178_6_1129_444_0.923.png,12
178_6_1129_444_0.923.png,2
178_6_1129_444_0.923.png,23
178_6_1129_444_0.923.png,21
178_6_1129_444_0.923.png,11
178_6_1129_444_0.923.png,10
178_6_1129_444_0.923.png,21
178_6_1129_444_0.923.png,7
178_6_1129_444_0.923.png,6
107_4_590_345_0.586.png,10
107_4_590_345_0.586.png,7
107_4_590_345_0.586.png,3
107_4_590_345_0.586.png,9
107_4_590_345_0.586.png,17
107_4_590_345_0.586.png,14
107_4_590_345_0.586.png,4
107_4_590_345_0.586.png,18
107_4_590_345_0.586.png,18
107_4_590_345_0.586.png,24
107_4_590_345_0.586.png,11
107_4_590_345_0.586.png,5
107_4_590_345_0.586.png,6
107_4_590_345_0.586.png,20
107_4_590_345_0.586.png,13
107_4_590_345_0.586.png,5
107_4_590_345_0.586.png,7
107_4_590_345_0.586.png,12
107_4_590_345_0.586.png,22
107_4_590_345_0.586.png,23
107_4_590_345_0.586.png,13
107_4_590_345_0.586.png,14
107_4_590_345_0.586.png,2
107_4_590_345_0.586.png,17
107_4_590_345_0.586.png,1
107_4_590_345_0.586.png,19
107_4_590_345_0.586.png,8
107_4_590_345_0.586.png,15
107_4_590_345_0.586.png,8
107_4_590_345_0.586.png,3
107_4_590_345_0.586.png,9
107_4_590_345_0.586.png,20
107_4_590_345_0.586.png,10
107_4_590_345_0.586.png,11
107_4_590_345_0.586.png,6
107_4_590_345_0.586.png,2
107_4_590_345_0.586.png,1
107_4_590_345_0.586.png,4
107_4_590_345_0.586.png,22
107_4_590_345_0.586.png,21
62_1_345_279_0.873.png,12
62_1_345_279_0.873.png,3
62_1_345_279_0.873.png,4
62_1_345_279_0.873.png,7
62_1_345_279_0.873.png,2
62_1_345_279_0.873.png,2
62_1_345_279_0.873.png,14
62_1_345_279_0.873.png,13
62_1_345_279_0.873.png,16
62_1_345_279_0.873.png,15
62_1_345_279_0.873.png,12
62_1_345_279_0.873.png,5
62_1_345_279_0.873.png,15
62_1_345_279_0.873.png,11
62_1_345_279_0.873.png,9
62_1_345_279_0.873.png,1
62_1_345_279_0.873.png,13
62_1_345_279_0.873.png,9
62_1_345_279_0.873.png,20
62_1_345_279_0.873.png,11
62_1_345_279_0.873.png,8
62_1_345_279_0.873.png,18
62_1_345_279_0.873.png,7
62_1_345_279_0.873.png,21
62_1_345_279_0.873.png,16
62_1_345_279_0.873.png,19
62_1_345_279_0.873.png,14
62_1_345_279_0.873.png,24
62_1_345_279_0.873.png,21
62_1_345_279_0.873.png,6
62_1_345_279_0.873.png,1
62_1_345_279_0.873.png,19
62_1_345_279_0.873.png,3
62_1_345_279_0.873.png,6
62_1_345_279_0.873.png,17
62_1_345_279_0.873.png,10
62_1_345_279_0.873.png,20
62_1_345_279_0.873.png,18
62_1_345_279_0.873.png,5
62_1_345_279_0.873.png,8
62_1_345_279_0.873.png,10
62_1_345_279_0.873.png,17
62_1_345_279_0.873.png,23
62_1_345_279_0.873.png,4
62_1_345_279_0.873.png,22
62_1_345_279_0.873.png,22
218_1_1129_510_0.879.png,4
218_1_1129_510_0.879.png,3
218_1_1129_510_0.879.png,22
218_1_1129_510_0.879.png,13
218_1_1129_510_0.879.png,5
218_1_1129_510_0.879.png,8
218_1_1129_510_0.879.png,6
218_1_1129_510_0.879.png,18
218_1_1129_510_0.879.png,13
218_1_1129_510_0.879.png,20
218_1_1129_510_0.879.png,15
218_1_1129_510_0.879.png,12
218_1_1129_510_0.879.png,11
218_1_1129_510_0.879.png,18
218_1_1129_510_0.879.png,20
218_1_1129_510_0.879.png,21
218_1_1129_510_0.879.png,17
218_1_1129_510_0.879.png,12
218_1_1129_510_0.879.png,15
218_1_1129_510_0.879.png,10
218_1_1129_510_0.879.png,24
218_1_1129_510_0.879.png,2
218_1_1129_510_0.879.png,3
218_1_1129_510_0.879.png,14
218_1_1129_510_0.879.png,21
218_1_1129_510_0.879.png,8
218_1_1129_510_0.879.png,11
218_1_1129_510_0.879.png,19
218_1_1129_510_0.879.png,1
218_1_1129_510_0.879.png,4
218_1_1129_510_0.879.png,22
218_1_1129_510_0.879.png,16
218_1_1129_510_0.879.png,16
218_1_1129_510_0.879.png,10
218_1_1129_510_0.879.png,6
218_1_1129_510_0.879.png,14
218_1_1129_510_0.879.png,23
218_1_1129_510_0.879.png,9
218_1_1129_510_0.879.png,5
218_1_1129_510_0.879.png,1
218_1_1129_510_0.879.png,9
218_1_1129_510_0.879.png,2
218_1_1129_510_0.879.png,7
218_1_1129_510_0.879.png,7
262_2_345_609_0.526.png,8
262_2_345_609_0.526.png,11
262_2_345_609_0.526.png,16
262_2_345_609_0.526.png,6
262_2_345_609_0.526.png,4
262_2_345_609_0.526.png,18
262_2_345_609_0.526.png,15
262_2_345_609_0.526.png,12
262_2_345_609_0.526.png,14
262_2_345_609_0.526.png,1
262_2_345_609_0.526.png,21
262_2_345_609_0.526.png,17
262_2_345_609_0.526.png,19
262_2_345_609_0.526.png,5
262_2_345_609_0.526.png,7
262_2_345_609_0.526.png,3
262_2_345_609_0.526.png,14
262_2_345_609_0.526.png,9
262_2_345_609_0.526.png,13
262_2_345_609_0.526.png,5
262_2_345_609_0.526.png,20
262_2_345_609_0.526.png,7
262_2_345_609_0.526.png,2
262_2_345_609_0.526.png,6
262_2_345_609_0.526.png,2
262_2_345_609_0.526.png,9
262_2_345_609_0.526.png,16
262_2_345_609_0.526.png,24
262_2_345_609_0.526.png,11
262_2_345_609_0.526.png,1
262_2_345_609_0.526.png,13
262_2_345_609_0.526.png,19
262_2_345_609_0.526.png,17
262_2_345_609_0.526.png,8
262_2_345_609_0.526.png,20
262_2_345_609_0.526.png,4
262_2_345_609_0.526.png,10
262_2_345_609_0.526.png,18
262_2_345_609_0.526.png,12
262_2_345_609_0.526.png,10
262_2_345_609_0.526.png,3
262_2_345_609_0.526.png,22
262_2_345_609_0.526.png,21
262_2_345_609_0.526.png,23
262_2_345_609_0.526.png,15
262_2_345_609_0.526.png,22
46_4_541_246_0.536.png,8
46_4_541_246_0.536.png,6
46_4_541_246_0.536.png,12
46_4_541_246_0.536.png,4
46_4_541_246_0.536.png,10
46_4_541_246_0.536.png,5
46_4_541_246_0.536.png,15
46_4_541_246_0.536.png,14
46_4_541_246_0.536.png,9
46_4_541_246_0.536.png,11
46_4_541_246_0.536.png,3
46_4_541_246_0.536.png,1
46_4_541_246_0.536.png,17
46_4_541_246_0.536.png,13
46_4_541_246_0.536.png,10
46_4_541_246_0.536.png,7
46_4_541_246_0.536.png,9
46_4_541_246_0.536.png,4
46_4_541_246_0.536.png,19
46_4_541_246_0.536.png,6
46_4_541_246_0.536.png,1
46_4_541_246_0.536.png,7
46_4_541_246_0.536.png,5
46_4_541_246_0.536.png,12
46_4_541_246_0.536.png,21
46_4_541_246_0.536.png,16
46_4_541_246_0.536.png,18
46_4_541_246_0.536.png,13
46_4_541_246_0.536.png,17
46_4_541_246_0.536.png,2
46_4_541_246_0.536.png,2
46_4_541_246_0.536.png,16
46_4_541_246_0.536.png,23
46_4_541_246_0.536.png,20
46_4_541_246_0.536.png,22
46_4_541_246_0.536.png,21
46_4_541_246_0.536.png,22
46_4_541_246_0.536.png,11
46_4_541_246_0.536.png,19
46_4_541_246_0.536.png,14
46_4_541_246_0.536.png,3
46_4_541_246_0.536.png,24
46_4_541_246_0.536.png,8
46_4_541_246_0.536.png,15
207_1_590_510_0.691.png,12
207_1_590_510_0.691.png,10
207_1_590_510_0.691.png,1
207_1_590_510_0.691.png,12
207_1_590_510_0.691.png,4
207_1_590_510_0.691.png,10
207_1_590_510_0.691.png,20
207_1_590_510_0.691.png,24
207_1_590_510_0.691.png,3
207_1_590_510_0.691.png,15
207_1_590_510_0.691.png,1
207_1_590_510_0.691.png,5
207_1_590_510_0.691.png,17
207_1_590_510_0.691.png,6
207_1_590_510_0.691.png,2
207_1_590_510_0.691.png,18
207_1_590_510_0.691.png,19
207_1_590_510_0.691.png,7
207_1_590_510_0.691.png,2
207_1_590_510_0.691.png,11
207_1_590_510_0.691.png,5
207_1_590_510_0.691.png,9
207_1_590_510_0.691.png,7
207_1_590_510_0.691.png,4
207_1_590_510_0.691.png,23
207_1_590_510_0.691.png,21
207_1_590_510_0.691.png,21
207_1_590_510_0.691.png,11
207_1_590_510_0.691.png,3
207_1_590_510_0.691.png,8
207_1_590_510_0.691.png,16
207_1_590_510_0.691.png,19
207_1_590_510_0.691.png,20
207_1_590_510_0.691.png,22
207_1_590_510_0.691.png,8
207_1_590_510_0.691.png,13
207_1_590_510_0.691.png,22
207_1_590_510_0.691.png,9
270_2_737_609_0.713.png,10
270_2_737_609_0.713.png,12
270_2_737_609_0.713.png,18
270_2_737_609_0.713.png,21
270_2_737_609_0.713.png,17
270_2_737_609_0.713.png,16
270_2_737_609_0.713.png,10
270_2_737_609_0.713.png,21
270_2_737_609_0.713.png,14
270_2_737_609_0.713.png,3
270_2_737_609_0.713.png,22
270_2_737_609_0.713.png,15
270_2_737_609_0.713.png,3
270_2_737_609_0.713.png,23
270_2_737_609_0.713.png,7
270_2_737_609_0.713.png,1
270_2_737_609_0.713.png,20
270_2_737_609_0.713.png,6
270_2_737_609_0.713.png,7
270_2_737_609_0.713.png,11
270_2_737_609_0.713.png,14
270_2_737_609_0.713.png,18
270_2_737_609_0.713.png,12
270_2_737_609_0.713.png,2
270_2_737_609_0.713.png,8
270_2_737_609_0.713.png,6
270_2_737_609_0.713.png,8
270_2_737_609_0.713.png,9
270_2_737_609_0.713.png,13
270_2_737_609_0.713.png,5
270_2_737_609_0.713.png,24
270_2_737_609_0.713.png,16
270_2_737_609_0.713.png,19
270_2_737_609_0.713.png,4
270_2_737_609_0.713.png,22
270_2_737_609_0.713.png,4
270_2_737_609_0.713.png,17
270_2_737_609_0.713.png,19
270_2_737_609_0.713.png,2
270_2_737_609_0.713.png,1
270_2_737_609_0.713.png,9
270_2_737_609_0.713.png,13
138_1_1129_378_0.545.png,6
138_1_1129_378_0.545.png,4
138_1_1129_378_0.545.png,8
138_1_1129_378_0.545.png,14
138_1_1129_378_0.545.png,12
138_1_1129_378_0.545.png,3
138_1_1129_378_0.545.png,16
138_1_1129_378_0.545.png,13
138_1_1129_378_0.545.png,13
138_1_1129_378_0.545.png,7
138_1_1129_378_0.545.png,24
138_1_1129_378_0.545.png,12
138_1_1129_378_0.545.png,17
138_1_1129_378_0.545.png,11
138_1_1129_378_0.545.png,19
138_1_1129_378_0.545.png,5
138_1_1129_378_0.545.png,21
138_1_1129_378_0.545.png,1
138_1_1129_378_0.545.png,11
138_1_1129_378_0.545.png,6
138_1_1129_378_0.545.png,20
138_1_1129_378_0.545.png,10
138_1_1129_378_0.545.png,16
138_1_1129_378_0.545.png,22
138_1_1129_378_0.545.png,22
138_1_1129_378_0.545.png,14
138_1_1129_378_0.545.png,10
138_1_1129_378_0.545.png,19
138_1_1129_378_0.545.png,18
138_1_1129_378_0.545.png,2
138_1_1129_378_0.545.png,4
138_1_1129_378_0.545.png,8
138_1_1129_378_0.545.png,20
138_1_1129_378_0.545.png,9
138_1_1129_378_0.545.png,5
138_1_1129_378_0.545.png,7
138_1_1129_378_0.545.png,23
138_1_1129_378_0.545.png,2
138_1_1129_378_0.545.png,15
138_1_1129_378_0.545.png,15
138_1_1129_378_0.545.png,3
138_1_1129_378_0.545.png,9
138_1_1129_378_0.545.png,21
138_1_1129_378_0.545.png,18
138_1_1129_378_0.545.png,17
138_1_1129_378_0.545.png,1
179_3_1178_444_0.727.png,20
179_3_1178_444_0.727.png,11
179_3_1178_444_0.727.png,19
179_3_1178_444_0.727.png,9
179_3_1178_444_0.727.png,7
179_3_1178_444_0.727.png,11
179_3_1178_444_0.727.png,18
179_3_1178_444_0.727.png,16
179_3_1178_444_0.727.png,13
179_3_1178_444_0.727.png,5
179_3_1178_444_0.727.png,24
179_3_1178_444_0.727.png,17
179_3_1178_444_0.727.png,16
179_3_1178_444_0.727.png,18
179_3_1178_444_0.727.png,14
179_3_1178_444_0.727.png,15
179_3_1178_444_0.727.png,21
179_3_1178_444_0.727.png,17
179_3_1178_444_0.727.png,12
179_3_1178_444_0.727.png,3
179_3_1178_444_0.727.png,23
179_3_1178_444_0.727.png,2
179_3_1178_444_0.727.png,22
179_3_1178_444_0.727.png,8
179_3_1178_444_0.727.png,13
179_3_1178_444_0.727.png,12
179_3_1178_444_0.727.png,8
179_3_1178_444_0.727.png,14
179_3_1178_444_0.727.png,5
179_3_1178_444_0.727.png,10
179_3_1178_444_0.727.png,19
179_3_1178_444_0.727.png,10
179_3_1178_444_0.727.png,4
179_3_1178_444_0.727.png,6
179_3_1178_444_0.727.png,4
179_3_1178_444_0.727.png,21
179_3_1178_444_0.727.png,6
179_3_1178_444_0.727.png,15
179_3_1178_444_0.727.png,2
179_3_1178_444_0.727.png,20
179_3_1178_444_0.727.png,22
179_3_1178_444_0.727.png,1
179_3_1178_444_0.727.png,9
179_3_1178_444_0.727.png,7
179_3_1178_444_0.727.png,1
71_1_786_279_0.742.png,9
71_1_786_279_0.742.png,5
71_1_786_279_0.742.png,19
71_1_786_279_0.742.png,20
71_1_786_279_0.742.png,22
71_1_786_279_0.742.png,8
71_1_786_279_0.742.png,11
71_1_786_279_0.742.png,6
71_1_786_279_0.742.png,17
71_1_786_279_0.742.png,7
71_1_786_279_0.742.png,23
71_1_786_279_0.742.png,12
71_1_786_279_0.742.png,21
71_1_786_279_0.742.png,4
71_1_786_279_0.742.png,4
71_1_786_279_0.742.png,11
71_1_786_279_0.742.png,2
71_1_786_279_0.742.png,21
71_1_786_279_0.742.png,1
71_1_786_279_0.742.png,18
71_1_786_279_0.742.png,15
71_1_786_279_0.742.png,17
71_1_786_279_0.742.png,10
71_1_786_279_0.742.png,1
71_1_786_279_0.742.png,18
71_1_786_279_0.742.png,10
71_1_786_279_0.742.png,13
71_1_786_279_0.742.png,12
71_1_786_279_0.742.png,5
71_1_786_279_0.742.png,8
71_1_786_279_0.742.png,2
71_1_786_279_0.742.png,24
71_1_786_279_0.742.png,16
71_1_786_279_0.742.png,13
71_1_786_279_0.742.png,7
71_1_786_279_0.742.png,14
71_1_786_279_0.742.png,3
71_1_786_279_0.742.png,22
71_1_786_279_0.742.png,14
71_1_786_279_0.742.png,22
62_4_345_279_0.910.png,10
62_4_345_279_0.910.png,13
62_4_345_279_0.910.png,7
62_4_345_279_0.910.png,8
62_4_345_279_0.910.png,11
62_4_345_279_0.910.png,1
62_4_345_279_0.910.png,2
62_4_345_279_0.910.png,24
62_4_345_279_0.910.png,20
62_4_345_279_0.910.png,21
62_4_345_279_0.910.png,21
62_4_345_279_0.910.png,2
62_4_345_279_0.910.png,5
62_4_345_279_0.910.png,11
62_4_345_279_0.910.png,14
62_4_345_279_0.910.png,3
62_4_345_279_0.910.png,10
62_4_345_279_0.910.png,3
62_4_345_279_0.910.png,22
62_4_345_279_0.910.png,18
62_4_345_279_0.910.png,19
62_4_345_279_0.910.png,1
62_4_345_279_0.910.png,9
62_4_345_279_0.910.png,19
62_4_345_279_0.910.png,23
62_4_345_279_0.910.png,12
62_4_345_279_0.910.png,16
62_4_345_279_0.910.png,14
62_4_345_279_0.910.png,9
62_4_345_279_0.910.png,4
62_4_345_279_0.910.png,7
62_4_345_279_0.910.png,8
62_4_345_279_0.910.png,5
62_4_345_279_0.910.png,15
62_4_345_279_0.910.png,6
62_4_345_279_0.910.png,6
62_4_345_279_0.910.png,17
62_4_345_279_0.910.png,20
62_4_345_279_0.910.png,16
62_4_345_279_0.910.png,12
227_2_590_543_0.538.png,9
227_2_590_543_0.538.png,1
227_2_590_543_0.538.png,11
227_2_590_543_0.538.png,20
227_2_590_543_0.538.png,4
227_2_590_543_0.538.png,8
227_2_590_543_0.538.png,19
227_2_590_543_0.538.png,2
227_2_590_543_0.538.png,9
227_2_590_543_0.538.png,13
227_2_590_543_0.538.png,10
227_2_590_543_0.538.png,23
227_2_590_543_0.538.png,7
227_2_590_543_0.538.png,12
227_2_590_543_0.538.png,4
227_2_590_543_0.538.png,6
227_2_590_543_0.538.png,7
227_2_590_543_0.538.png,15
227_2_590_543_0.538.png,14
227_2_590_543_0.538.png,14
227_2_590_543_0.538.png,5
227_2_590_543_0.538.png,6
227_2_590_543_0.538.png,18
227_2_590_543_0.538.png,15
227_2_590_543_0.538.png,3
227_2_590_543_0.538.png,16
227_2_590_543_0.538.png,11
227_2_590_543_0.538.png,2
227_2_590_543_0.538.png,21
227_2_590_543_0.538.png,23
227_2_590_543_0.538.png,16
227_2_590_543_0.538.png,19
227_2_590_543_0.538.png,8
227_2_590_543_0.538.png,17
227_2_590_543_0.538.png,22
227_2_590_543_0.538.png,13
227_2_590_543_0.538.png,10
227_2_590_543_0.538.png,1
227_2_590_543_0.538.png,22
227_2_590_543_0.538.png,21
227_2_590_543_0.538.png,18
227_2_590_543_0.538.png,20
227_2_590_543_0.538.png,12
227_2_590_543_0.538.png,5
227_2_590_543_0.538.png,17
227_2_590_543_0.538.png,3
177_2_1080_444_0.454.png,7
177_2_1080_444_0.454.png,11
177_2_1080_444_0.454.png,13
177_2_1080_444_0.454.png,5
177_2_1080_444_0.454.png,20
177_2_1080_444_0.454.png,4
177_2_1080_444_0.454.png,18
177_2_1080_444_0.454.png,19
177_2_1080_444_0.454.png,3
177_2_1080_444_0.454.png,10
177_2_1080_444_0.454.png,3
177_2_1080_444_0.454.png,14
177_2_1080_444_0.454.png,22
177_2_1080_444_0.454.png,17
177_2_1080_444_0.454.png,21
177_2_1080_444_0.454.png,14
177_2_1080_444_0.454.png,10
177_2_1080_444_0.454.png,12
177_2_1080_444_0.454.png,22
177_2_1080_444_0.454.png,4
177_2_1080_444_0.454.png,9
177_2_1080_444_0.454.png,1
177_2_1080_444_0.454.png,21
177_2_1080_444_0.454.png,2
177_2_1080_444_0.454.png,6
177_2_1080_444_0.454.png,18
177_2_1080_444_0.454.png,2
177_2_1080_444_0.454.png,16
177_2_1080_444_0.454.png,15
177_2_1080_444_0.454.png,10
177_2_1080_444_0.454.png,23
177_2_1080_444_0.454.png,23
177_2_1080_444_0.454.png,17
177_2_1080_444_0.454.png,13
177_2_1080_444_0.454.png,11
177_2_1080_444_0.454.png,1
177_2_1080_444_0.454.png,16
177_2_1080_444_0.454.png,20
177_2_1080_444_0.454.png,12
177_2_1080_444_0.454.png,9
177_2_1080_444_0.454.png,15
177_2_1080_444_0.454.png,7
177_2_1080_444_0.454.png,5
177_2_1080_444_0.454.png,19
177_2_1080_444_0.454.png,6
183_2_394_477_0.888.png,18
183_2_394_477_0.888.png,4
183_2_394_477_0.888.png,23
183_2_394_477_0.888.png,6
183_2_394_477_0.888.png,15
183_2_394_477_0.888.png,14
183_2_394_477_0.888.png,21
183_2_394_477_0.888.png,2
183_2_394_477_0.888.png,22
183_2_394_477_0.888.png,15
183_2_394_477_0.888.png,13
183_2_394_477_0.888.png,3
183_2_394_477_0.888.png,20
183_2_394_477_0.888.png,4
183_2_394_477_0.888.png,5
183_2_394_477_0.888.png,5
183_2_394_477_0.888.png,1
183_2_394_477_0.888.png,10
183_2_394_477_0.888.png,8
183_2_394_477_0.888.png,11
183_2_394_477_0.888.png,17
183_2_394_477_0.888.png,2
183_2_394_477_0.888.png,22
183_2_394_477_0.888.png,14
183_2_394_477_0.888.png,13
183_2_394_477_0.888.png,6
183_2_394_477_0.888.png,20
183_2_394_477_0.888.png,16
183_2_394_477_0.888.png,8
183_2_394_477_0.888.png,1
183_2_394_477_0.888.png,18
183_2_394_477_0.888.png,10
183_2_394_477_0.888.png,17
183_2_394_477_0.888.png,12
183_2_394_477_0.888.png,23
183_2_394_477_0.888.png,9
183_2_394_477_0.888.png,11
183_2_394_477_0.888.png,9
183_2_394_477_0.888.png,19
183_2_394_477_0.888.png,3
183_2_394_477_0.888.png,7
183_2_394_477_0.888.png,16
183_2_394_477_0.888.png,12
183_2_394_477_0.888.png,7
19_2_1178_180_0.526.png,5
19_2_1178_180_0.526.png,18
19_2_1178_180_0.526.png,13
19_2_1178_180_0.526.png,19
19_2_1178_180_0.526.png,12
19_2_1178_180_0.526.png,14
19_2_1178_180_0.526.png,8
19_2_1178_180_0.526.png,4
19_2_1178_180_0.526.png,17
19_2_1178_180_0.526.png,18
19_2_1178_180_0.526.png,9
19_2_1178_180_0.526.png,1
19_2_1178_180_0.526.png,2
19_2_1178_180_0.526.png,20
19_2_1178_180_0.526.png,6
19_2_1178_180_0.526.png,21
19_2_1178_180_0.526.png,22
19_2_1178_180_0.526.png,7
19_2_1178_180_0.526.png,22
19_2_1178_180_0.526.png,15
19_2_1178_180_0.526.png,3
19_2_1178_180_0.526.png,5
19_2_1178_180_0.526.png,4
19_2_1178_180_0.526.png,7
19_2_1178_180_0.526.png,16
19_2_1178_180_0.526.png,6
19_2_1178_180_0.526.png,19
19_2_1178_180_0.526.png,12
19_2_1178_180_0.526.png,20
19_2_1178_180_0.526.png,17
19_2_1178_180_0.526.png,10
19_2_1178_180_0.526.png,21
19_2_1178_180_0.526.png,15
19_2_1178_180_0.526.png,14
19_2_1178_180_0.526.png,9
19_2_1178_180_0.526.png,3
19_2_1178_180_0.526.png,23
19_2_1178_180_0.526.png,16
19_2_1178_180_0.526.png,8
19_2_1178_180_0.526.png,23
19_2_1178_180_0.526.png,5
19_2_1178_180_0.526.png,1
19_2_1178_180_0.526.png,2
19_2_1178_180_0.526.png,14
129_3_688_378_0.848.png,17
129_3_688_378_0.848.png,20
129_3_688_378_0.848.png,9
129_3_688_378_0.848.png,5
129_3_688_378_0.848.png,7
129_3_688_378_0.848.png,11
129_3_688_378_0.848.png,22
129_3_688_378_0.848.png,15
129_3_688_378_0.848.png,4
129_3_688_378_0.848.png,4
129_3_688_378_0.848.png,5
129_3_688_378_0.848.png,12
129_3_688_378_0.848.png,14
129_3_688_378_0.848.png,13
129_3_688_378_0.848.png,10
129_3_688_378_0.848.png,10
129_3_688_378_0.848.png,18
129_3_688_378_0.848.png,23
129_3_688_378_0.848.png,18
129_3_688_378_0.848.png,16
129_3_688_378_0.848.png,17
129_3_688_378_0.848.png,20
129_3_688_378_0.848.png,8
129_3_688_378_0.848.png,9
129_3_688_378_0.848.png,16
129_3_688_378_0.848.png,1
129_3_688_378_0.848.png,14
129_3_688_378_0.848.png,6
129_3_688_378_0.848.png,6
129_3_688_378_0.848.png,3
129_3_688_378_0.848.png,12
129_3_688_378_0.848.png,15
129_3_688_378_0.848.png,13
129_3_688_378_0.848.png,8
129_3_688_378_0.848.png,19
129_3_688_378_0.848.png,21
129_3_688_378_0.848.png,23
129_3_688_378_0.848.png,2
129_3_688_378_0.848.png,7
129_3_688_378_0.848.png,3
129_3_688_378_0.848.png,1
129_3_688_378_0.848.png,22
129_3_688_378_0.848.png,21
129_3_688_378_0.848.png,19
129_3_688_378_0.848.png,11
213_4_884_510_0.763.png,17
213_4_884_510_0.763.png,17
213_4_884_510_0.763.png,20
213_4_884_510_0.763.png,11
213_4_884_510_0.763.png,8
213_4_884_510_0.763.png,5
213_4_884_510_0.763.png,12
213_4_884_510_0.763.png,2
213_4_884_510_0.763.png,20
213_4_884_510_0.763.png,21
213_4_884_510_0.763.png,7
213_4_884_510_0.763.png,22
213_4_884_510_0.763.png,18
213_4_884_510_0.763.png,16
213_4_884_510_0.763.png,11
213_4_884_510_0.763.png,3
213_4_884_510_0.763.png,9
213_4_884_510_0.763.png,1
213_4_884_510_0.763.png,14
213_4_884_510_0.763.png,18
213_4_884_510_0.763.png,19
213_4_884_510_0.763.png,10
213_4_884_510_0.763.png,15
213_4_884_510_0.763.png,22
213_4_884_510_0.763.png,21
213_4_884_510_0.763.png,13
213_4_884_510_0.763.png,23
213_4_884_510_0.763.png,10
213_4_884_510_0.763.png,19
213_4_884_510_0.763.png,4
213_4_884_510_0.763.png,2
213_4_884_510_0.763.png,12
213_4_884_510_0.763.png,13
213_4_884_510_0.763.png,8
213_4_884_510_0.763.png,23
213_4_884_510_0.763.png,1
213_4_884_510_0.763.png,5
213_4_884_510_0.763.png,6
213_4_884_510_0.763.png,4
213_4_884_510_0.763.png,15
213_4_884_510_0.763.png,16
213_4_884_510_0.763.png,6
213_4_884_510_0.763.png,7
213_4_884_510_0.763.png,9
213_4_884_510_0.763.png,14
213_4_884_510_0.763.png,3
10_1_737_180_0.571.png,6
10_1_737_180_0.571.png,21
10_1_737_180_0.571.png,11
10_1_737_180_0.571.png,19
10_1_737_180_0.571.png,15
10_1_737_180_0.571.png,11
10_1_737_180_0.571.png,17
10_1_737_180_0.571.png,9
10_1_737_180_0.571.png,16
10_1_737_180_0.571.png,18
10_1_737_180_0.571.png,12
10_1_737_180_0.571.png,4
10_1_737_180_0.571.png,5
10_1_737_180_0.571.png,10
10_1_737_180_0.571.png,8
10_1_737_180_0.571.png,10
10_1_737_180_0.571.png,6
10_1_737_180_0.571.png,1
10_1_737_180_0.571.png,19
10_1_737_180_0.571.png,14
10_1_737_180_0.571.png,20
10_1_737_180_0.571.png,3
10_1_737_180_0.571.png,12
10_1_737_180_0.571.png,14
10_1_737_180_0.571.png,16
10_1_737_180_0.571.png,7
10_1_737_180_0.571.png,4
10_1_737_180_0.571.png,8
10_1_737_180_0.571.png,3
10_1_737_180_0.571.png,1
10_1_737_180_0.571.png,9
10_1_737_180_0.571.png,2
10_1_737_180_0.571.png,20
10_1_737_180_0.571.png,23
10_1_737_180_0.571.png,22
10_1_737_180_0.571.png,15
10_1_737_180_0.571.png,7
10_1_737_180_0.571.png,2
10_1_737_180_0.571.png,5
10_1_737_180_0.571.png,17
10_1_737_180_0.571.png,18
10_1_737_180_0.571.png,13
10_1_737_180_0.571.png,21
10_1_737_180_0.571.png,13
127_2_590_378_0.492.png,10
127_2_590_378_0.492.png,18
127_2_590_378_0.492.png,15
127_2_590_378_0.492.png,16
127_2_590_378_0.492.png,7
127_2_590_378_0.492.png,13
127_2_590_378_0.492.png,9
127_2_590_378_0.492.png,23
127_2_590_378_0.492.png,10
127_2_590_378_0.492.png,5
127_2_590_378_0.492.png,20
127_2_590_378_0.492.png,1
127_2_590_378_0.492.png,12
127_2_590_378_0.492.png,19
127_2_590_378_0.492.png,21
127_2_590_378_0.492.png,19
127_2_590_378_0.492.png,6
127_2_590_378_0.492.png,14
127_2_590_378_0.492.png,6
127_2_590_378_0.492.png,18
127_2_590_378_0.492.png,1
127_2_590_378_0.492.png,10
127_2_590_378_0.492.png,3
127_2_590_378_0.492.png,2
127_2_590_378_0.492.png,4
127_2_590_378_0.492.png,17
127_2_590_378_0.492.png,20
127_2_590_378_0.492.png,15
127_2_590_378_0.492.png,8
127_2_590_378_0.492.png,3
127_2_590_378_0.492.png,17
127_2_590_378_0.492.png,4
127_2_590_378_0.492.png,11
127_2_590_378_0.492.png,2
127_2_590_378_0.492.png,7
127_2_590_378_0.492.png,12
127_2_590_378_0.492.png,9
127_2_590_378_0.492.png,5
127_2_590_378_0.492.png,16
127_2_590_378_0.492.png,8
127_2_590_378_0.492.png,11
127_2_590_378_0.492.png,22
127_2_590_378_0.492.png,22
127_2_590_378_0.492.png,13
127_2_590_378_0.492.png,21
127_2_590_378_0.492.png,14
107_1_590_345_0.513.png,3
107_1_590_345_0.513.png,2
107_1_590_345_0.513.png,10
107_1_590_345_0.513.png,2
107_1_590_345_0.513.png,6
107_1_590_345_0.513.png,18
107_1_590_345_0.513.png,15
107_1_590_345_0.513.png,6
107_1_590_345_0.513.png,3
107_1_590_345_0.513.png,20
107_1_590_345_0.513.png,9
107_1_590_345_0.513.png,11
107_1_590_345_0.513.png,8
107_1_590_345_0.513.png,1
107_1_590_345_0.513.png,7
107_1_590_345_0.513.png,4
107_1_590_345_0.513.png,8
107_1_590_345_0.513.png,11
107_1_590_345_0.513.png,16
107_1_590_345_0.513.png,10
107_1_590_345_0.513.png,15
107_1_590_345_0.513.png,23
107_1_590_345_0.513.png,5
107_1_590_345_0.513.png,23
107_1_590_345_0.513.png,9
107_1_590_345_0.513.png,1
107_1_590_345_0.513.png,5
107_1_590_345_0.513.png,13
107_1_590_345_0.513.png,7
107_1_590_345_0.513.png,14
107_1_590_345_0.513.png,4
107_1_590_345_0.513.png,17
107_1_590_345_0.513.png,17
107_1_590_345_0.513.png,19
107_1_590_345_0.513.png,16
107_1_590_345_0.513.png,16
107_1_590_345_0.513.png,21
107_1_590_345_0.513.png,12
107_1_590_345_0.513.png,20
107_1_590_345_0.513.png,12
107_1_590_345_0.513.png,14
104_4_443_345_0.615.png,22
104_4_443_345_0.615.png,20
104_4_443_345_0.615.png,21
104_4_443_345_0.615.png,15
104_4_443_345_0.615.png,6
104_4_443_345_0.615.png,16
104_4_443_345_0.615.png,1
104_4_443_345_0.615.png,7
104_4_443_345_0.615.png,7
104_4_443_345_0.615.png,2
104_4_443_345_0.615.png,4
104_4_443_345_0.615.png,9
104_4_443_345_0.615.png,21
104_4_443_345_0.615.png,10
104_4_443_345_0.615.png,1
104_4_443_345_0.615.png,18
104_4_443_345_0.615.png,11
104_4_443_345_0.615.png,3
104_4_443_345_0.615.png,8
104_4_443_345_0.615.png,14
104_4_443_345_0.615.png,12
104_4_443_345_0.615.png,3
104_4_443_345_0.615.png,19
104_4_443_345_0.615.png,22
104_4_443_345_0.615.png,5
104_4_443_345_0.615.png,20
104_4_443_345_0.615.png,19
104_4_443_345_0.615.png,4
104_4_443_345_0.615.png,6
104_4_443_345_0.615.png,17
104_4_443_345_0.615.png,12
104_4_443_345_0.615.png,2
104_4_443_345_0.615.png,10
104_4_443_345_0.615.png,8
104_4_443_345_0.615.png,9
104_4_443_345_0.615.png,18
104_4_443_345_0.615.png,11
104_4_443_345_0.615.png,24
104_4_443_345_0.615.png,17
104_4_443_345_0.615.png,5
104_4_443_345_0.615.png,5
104_4_443_345_0.615.png,21
104_4_443_345_0.615.png,23
104_4_443_345_0.615.png,12
104_4_443_345_0.615.png,13
104_4_443_345_0.615.png,14
104_4_443_345_0.652.png,23
104_4_443_345_0.652.png,21
104_4_443_345_0.652.png,12
104_4_443_345_0.652.png,5
104_4_443_345_0.652.png,5
104_4_443_345_0.652.png,17
104_4_443_345_0.652.png,21
104_4_443_345_0.652.png,8
104_4_443_345_0.652.png,14
104_4_443_345_0.652.png,12
104_4_443_345_0.652.png,3
104_4_443_345_0.652.png,20
104_4_443_345_0.652.png,15
104_4_443_345_0.652.png,6
104_4_443_345_0.652.png,22
104_4_443_345_0.652.png,7
104_4_443_345_0.652.png,7
104_4_443_345_0.652.png,4
104_4_443_345_0.652.png,9
104_4_443_345_0.652.png,21
104_4_443_345_0.652.png,16
104_4_443_345_0.652.png,1
104_4_443_345_0.652.png,2
104_4_443_345_0.652.png,18
104_4_443_345_0.652.png,1
104_4_443_345_0.652.png,10
104_4_443_345_0.652.png,11
104_4_443_345_0.652.png,18
104_4_443_345_0.652.png,11
104_4_443_345_0.652.png,12
104_4_443_345_0.652.png,17
104_4_443_345_0.652.png,6
104_4_443_345_0.652.png,9
104_4_443_345_0.652.png,2
104_4_443_345_0.652.png,8
104_4_443_345_0.652.png,10
104_4_443_345_0.652.png,4
104_4_443_345_0.652.png,19
104_4_443_345_0.652.png,20
104_4_443_345_0.652.png,5
104_4_443_345_0.652.png,22
104_4_443_345_0.652.png,19
104_4_443_345_0.652.png,3
104_4_443_345_0.652.png,24
104_4_443_345_0.652.png,13
104_4_443_345_0.652.png,15
104_4_443_345_0.652.png,13
104_4_443_345_0.652.png,14
115_2_982_345_0.836.png,18
115_2_982_345_0.836.png,23
115_2_982_345_0.836.png,18
115_2_982_345_0.836.png,8
115_2_982_345_0.836.png,24
115_2_982_345_0.836.png,19
115_2_982_345_0.836.png,5
115_2_982_345_0.836.png,9
115_2_982_345_0.836.png,10
115_2_982_345_0.836.png,1
115_2_982_345_0.836.png,17
115_2_982_345_0.836.png,12
115_2_982_345_0.836.png,21
115_2_982_345_0.836.png,7
115_2_982_345_0.836.png,15
115_2_982_345_0.836.png,11
115_2_982_345_0.836.png,3
115_2_982_345_0.836.png,1
115_2_982_345_0.836.png,20
115_2_982_345_0.836.png,4
115_2_982_345_0.836.png,2
115_2_982_345_0.836.png,4
115_2_982_345_0.836.png,16
115_2_982_345_0.836.png,19
115_2_982_345_0.836.png,10
115_2_982_345_0.836.png,8
115_2_982_345_0.836.png,3
115_2_982_345_0.836.png,22
115_2_982_345_0.836.png,6
115_2_982_345_0.836.png,17
115_2_982_345_0.836.png,11
115_2_982_345_0.836.png,14
115_2_982_345_0.836.png,13
115_2_982_345_0.836.png,21
115_2_982_345_0.836.png,5
115_2_982_345_0.836.png,12
115_2_982_345_0.836.png,16
115_2_982_345_0.836.png,20
115_2_982_345_0.836.png,7
115_2_982_345_0.836.png,6
115_2_982_345_0.836.png,13
115_2_982_345_0.836.png,2
115_2_982_345_0.836.png,9
115_2_982_345_0.836.png,15
115_2_982_345_0.836.png,14
16_3_1031_180_0.810.png,12
16_3_1031_180_0.810.png,9
16_3_1031_180_0.810.png,16
16_3_1031_180_0.810.png,11
16_3_1031_180_0.810.png,8
16_3_1031_180_0.810.png,3
16_3_1031_180_0.810.png,24
16_3_1031_180_0.810.png,13
16_3_1031_180_0.810.png,18
16_3_1031_180_0.810.png,9
16_3_1031_180_0.810.png,9
16_3_1031_180_0.810.png,13
16_3_1031_180_0.810.png,16
16_3_1031_180_0.810.png,11
16_3_1031_180_0.810.png,6
16_3_1031_180_0.810.png,7
16_3_1031_180_0.810.png,4
16_3_1031_180_0.810.png,5
16_3_1031_180_0.810.png,20
16_3_1031_180_0.810.png,2
16_3_1031_180_0.810.png,10
16_3_1031_180_0.810.png,21
16_3_1031_180_0.810.png,8
16_3_1031_180_0.810.png,18
16_3_1031_180_0.810.png,4
16_3_1031_180_0.810.png,7
16_3_1031_180_0.810.png,12
16_3_1031_180_0.810.png,1
16_3_1031_180_0.810.png,17
16_3_1031_180_0.810.png,14
16_3_1031_180_0.810.png,20
16_3_1031_180_0.810.png,19
16_3_1031_180_0.810.png,19
16_3_1031_180_0.810.png,15
16_3_1031_180_0.810.png,22
16_3_1031_180_0.810.png,15
16_3_1031_180_0.810.png,21
16_3_1031_180_0.810.png,5
16_3_1031_180_0.810.png,23
16_3_1031_180_0.810.png,14
16_3_1031_180_0.810.png,1
16_3_1031_180_0.810.png,22
16_3_1031_180_0.810.png,10
16_3_1031_180_0.810.png,2
16_3_1031_180_0.810.png,3
50_2_737_246_0.806.png,8
50_2_737_246_0.806.png,15
50_2_737_246_0.806.png,16
50_2_737_246_0.806.png,8
50_2_737_246_0.806.png,19
50_2_737_246_0.806.png,15
50_2_737_246_0.806.png,2
50_2_737_246_0.806.png,22
50_2_737_246_0.806.png,1
50_2_737_246_0.806.png,18
50_2_737_246_0.806.png,7
50_2_737_246_0.806.png,5
50_2_737_246_0.806.png,3
50_2_737_246_0.806.png,18
50_2_737_246_0.806.png,22
50_2_737_246_0.806.png,5
50_2_737_246_0.806.png,9
50_2_737_246_0.806.png,4
50_2_737_246_0.806.png,6
50_2_737_246_0.806.png,14
50_2_737_246_0.806.png,17
50_2_737_246_0.806.png,11
50_2_737_246_0.806.png,16
50_2_737_246_0.806.png,3
50_2_737_246_0.806.png,20
50_2_737_246_0.806.png,9
50_2_737_246_0.806.png,23
50_2_737_246_0.806.png,13
50_2_737_246_0.806.png,12
50_2_737_246_0.806.png,20
50_2_737_246_0.806.png,21
50_2_737_246_0.806.png,19
50_2_737_246_0.806.png,10
50_2_737_246_0.806.png,7
50_2_737_246_0.806.png,17
50_2_737_246_0.806.png,21
50_2_737_246_0.806.png,13
50_2_737_246_0.806.png,4
50_2_737_246_0.806.png,24
50_2_737_246_0.806.png,11
50_2_737_246_0.806.png,2
50_2_737_246_0.806.png,1
50_2_737_246_0.806.png,14
50_2_737_246_0.806.png,12
50_2_737_246_0.806.png,6
50_2_737_246_0.806.png,10
63_4_394_279_0.866.png,11
63_4_394_279_0.866.png,6
63_4_394_279_0.866.png,10
63_4_394_279_0.866.png,15
63_4_394_279_0.866.png,6
63_4_394_279_0.866.png,18
63_4_394_279_0.866.png,14
63_4_394_279_0.866.png,7
63_4_394_279_0.866.png,1
63_4_394_279_0.866.png,13
63_4_394_279_0.866.png,14
63_4_394_279_0.866.png,11
63_4_394_279_0.866.png,9
63_4_394_279_0.866.png,4
63_4_394_279_0.866.png,2
63_4_394_279_0.866.png,21
63_4_394_279_0.866.png,21
63_4_394_279_0.866.png,22
63_4_394_279_0.866.png,8
63_4_394_279_0.866.png,15
63_4_394_279_0.866.png,12
63_4_394_279_0.866.png,16
63_4_394_279_0.866.png,20
63_4_394_279_0.866.png,17
63_4_394_279_0.866.png,12
63_4_394_279_0.866.png,22
63_4_394_279_0.866.png,3
63_4_394_279_0.866.png,1
63_4_394_279_0.866.png,16
63_4_394_279_0.866.png,8
63_4_394_279_0.866.png,2
63_4_394_279_0.866.png,5
63_4_394_279_0.866.png,19
63_4_394_279_0.866.png,13
63_4_394_279_0.866.png,10
63_4_394_279_0.866.png,7
63_4_394_279_0.866.png,3
63_4_394_279_0.866.png,20
63_4_394_279_0.866.png,9
63_4_394_279_0.866.png,5
63_4_394_279_0.866.png,4
63_4_394_279_0.866.png,18
64_1_443_279_0.672.png,16
64_1_443_279_0.672.png,19
64_1_443_279_0.672.png,24
64_1_443_279_0.672.png,10
64_1_443_279_0.672.png,10
64_1_443_279_0.672.png,6
64_1_443_279_0.672.png,12
64_1_443_279_0.672.png,13
64_1_443_279_0.672.png,1
64_1_443_279_0.672.png,15
64_1_443_279_0.672.png,9
64_1_443_279_0.672.png,4
64_1_443_279_0.672.png,12
64_1_443_279_0.672.png,15
64_1_443_279_0.672.png,2
64_1_443_279_0.672.png,23
64_1_443_279_0.672.png,20
64_1_443_279_0.672.png,14
64_1_443_279_0.672.png,7
64_1_443_279_0.672.png,8
64_1_443_279_0.672.png,1
64_1_443_279_0.672.png,5
64_1_443_279_0.672.png,17
64_1_443_279_0.672.png,20
64_1_443_279_0.672.png,9
64_1_443_279_0.672.png,11
64_1_443_279_0.672.png,22
64_1_443_279_0.672.png,19
64_1_443_279_0.672.png,6
64_1_443_279_0.672.png,18
64_1_443_279_0.672.png,18
64_1_443_279_0.672.png,8
64_1_443_279_0.672.png,4
64_1_443_279_0.672.png,14
64_1_443_279_0.672.png,17
64_1_443_279_0.672.png,11
64_1_443_279_0.672.png,7
64_1_443_279_0.672.png,3
64_1_443_279_0.672.png,3
64_1_443_279_0.672.png,21
64_1_443_279_0.672.png,21
64_1_443_279_0.672.png,22
64_1_443_279_0.672.png,11
64_1_443_279_0.672.png,16
64_1_443_279_0.672.png,13
77_1_1080_279_0.623.png,4
77_1_1080_279_0.623.png,23
77_1_1080_279_0.623.png,6
77_1_1080_279_0.623.png,9
77_1_1080_279_0.623.png,24
77_1_1080_279_0.623.png,11
77_1_1080_279_0.623.png,22
77_1_1080_279_0.623.png,3
77_1_1080_279_0.623.png,1
77_1_1080_279_0.623.png,17
77_1_1080_279_0.623.png,15
77_1_1080_279_0.623.png,19
77_1_1080_279_0.623.png,7
77_1_1080_279_0.623.png,14
77_1_1080_279_0.623.png,3
77_1_1080_279_0.623.png,11
77_1_1080_279_0.623.png,7
77_1_1080_279_0.623.png,16
77_1_1080_279_0.623.png,19
77_1_1080_279_0.623.png,5
77_1_1080_279_0.623.png,14
77_1_1080_279_0.623.png,22
77_1_1080_279_0.623.png,6
77_1_1080_279_0.623.png,20
77_1_1080_279_0.623.png,8
77_1_1080_279_0.623.png,13
77_1_1080_279_0.623.png,15
77_1_1080_279_0.623.png,18
77_1_1080_279_0.623.png,21
77_1_1080_279_0.623.png,10
77_1_1080_279_0.623.png,2
77_1_1080_279_0.623.png,2
77_1_1080_279_0.623.png,12
77_1_1080_279_0.623.png,13
77_1_1080_279_0.623.png,4
77_1_1080_279_0.623.png,20
77_1_1080_279_0.623.png,5
77_1_1080_279_0.623.png,12
77_1_1080_279_0.623.png,17
77_1_1080_279_0.623.png,1
77_1_1080_279_0.623.png,18
77_1_1080_279_0.623.png,16
77_1_1080_279_0.623.png,9
77_1_1080_279_0.623.png,21
77_1_1080_279_0.623.png,10
77_1_1080_279_0.623.png,8
157_2_1080_411_0.631.png,9
157_2_1080_411_0.631.png,24
157_2_1080_411_0.631.png,11
157_2_1080_411_0.631.png,15
157_2_1080_411_0.631.png,3
157_2_1080_411_0.631.png,14
157_2_1080_411_0.631.png,22
157_2_1080_411_0.631.png,16
157_2_1080_411_0.631.png,18
157_2_1080_411_0.631.png,13
157_2_1080_411_0.631.png,17
157_2_1080_411_0.631.png,2
157_2_1080_411_0.631.png,23
157_2_1080_411_0.631.png,5
157_2_1080_411_0.631.png,16
157_2_1080_411_0.631.png,18
157_2_1080_411_0.631.png,5
157_2_1080_411_0.631.png,14
157_2_1080_411_0.631.png,20
157_2_1080_411_0.631.png,1
157_2_1080_411_0.631.png,19
157_2_1080_411_0.631.png,7
157_2_1080_411_0.631.png,17
157_2_1080_411_0.631.png,8
157_2_1080_411_0.631.png,11
157_2_1080_411_0.631.png,4
157_2_1080_411_0.631.png,10
157_2_1080_411_0.631.png,2
157_2_1080_411_0.631.png,15
157_2_1080_411_0.631.png,9
157_2_1080_411_0.631.png,12
157_2_1080_411_0.631.png,21
157_2_1080_411_0.631.png,21
157_2_1080_411_0.631.png,22
157_2_1080_411_0.631.png,10
157_2_1080_411_0.631.png,8
157_2_1080_411_0.631.png,13
157_2_1080_411_0.631.png,4
157_2_1080_411_0.631.png,1
157_2_1080_411_0.631.png,19
157_2_1080_411_0.631.png,12
157_2_1080_411_0.631.png,6
157_2_1080_411_0.631.png,3
157_2_1080_411_0.631.png,20
157_2_1080_411_0.631.png,6
157_2_1080_411_0.631.png,7
74_4_933_279_0.706.png,18
74_4_933_279_0.706.png,19
74_4_933_279_0.706.png,23
74_4_933_279_0.706.png,22
74_4_933_279_0.706.png,10
74_4_933_279_0.706.png,11
74_4_933_279_0.706.png,8
74_4_933_279_0.706.png,16
74_4_933_279_0.706.png,14
74_4_933_279_0.706.png,6
74_4_933_279_0.706.png,2
74_4_933_279_0.706.png,5
74_4_933_279_0.706.png,7
74_4_933_279_0.706.png,9
74_4_933_279_0.706.png,15
74_4_933_279_0.706.png,1
74_4_933_279_0.706.png,3
74_4_933_279_0.706.png,21
74_4_933_279_0.706.png,22
74_4_933_279_0.706.png,1
74_4_933_279_0.706.png,4
74_4_933_279_0.706.png,4
74_4_933_279_0.706.png,15
74_4_933_279_0.706.png,9
74_4_933_279_0.706.png,6
74_4_933_279_0.706.png,10
74_4_933_279_0.706.png,8
74_4_933_279_0.706.png,21
74_4_933_279_0.706.png,17
74_4_933_279_0.706.png,24
74_4_933_279_0.706.png,19
74_4_933_279_0.706.png,12
74_4_933_279_0.706.png,20
74_4_933_279_0.706.png,12
74_4_933_279_0.706.png,5
74_4_933_279_0.706.png,13
74_4_933_279_0.706.png,16
74_4_933_279_0.706.png,13
74_4_933_279_0.706.png,11
74_4_933_279_0.706.png,17
74_4_933_279_0.706.png,14
74_4_933_279_0.706.png,18
74_4_933_279_0.706.png,3
74_4_933_279_0.706.png,20
74_4_933_279_0.706.png,2
74_4_933_279_0.706.png,7
69_3_688_279_0.800.png,13
69_3_688_279_0.800.png,2
69_3_688_279_0.800.png,11
69_3_688_279_0.800.png,18
69_3_688_279_0.800.png,20
69_3_688_279_0.800.png,10
69_3_688_279_0.800.png,17
69_3_688_279_0.800.png,8
69_3_688_279_0.800.png,7
69_3_688_279_0.800.png,11
69_3_688_279_0.800.png,8
69_3_688_279_0.800.png,19
69_3_688_279_0.800.png,24
69_3_688_279_0.800.png,19
69_3_688_279_0.800.png,14
69_3_688_279_0.800.png,15
69_3_688_279_0.800.png,1
69_3_688_279_0.800.png,16
69_3_688_279_0.800.png,18
69_3_688_279_0.800.png,4
69_3_688_279_0.800.png,12
69_3_688_279_0.800.png,9
69_3_688_279_0.800.png,7
69_3_688_279_0.800.png,9
69_3_688_279_0.800.png,22
69_3_688_279_0.800.png,1
69_3_688_279_0.800.png,10
69_3_688_279_0.800.png,15
69_3_688_279_0.800.png,14
69_3_688_279_0.800.png,21
69_3_688_279_0.800.png,20
69_3_688_279_0.800.png,2
69_3_688_279_0.800.png,6
69_3_688_279_0.800.png,5
69_3_688_279_0.800.png,5
69_3_688_279_0.800.png,3
69_3_688_279_0.800.png,16
69_3_688_279_0.800.png,6
69_3_688_279_0.800.png,4
69_3_688_279_0.800.png,23
69_3_688_279_0.800.png,17
69_3_688_279_0.800.png,22
69_3_688_279_0.800.png,12
69_3_688_279_0.800.png,21
69_3_688_279_0.800.png,3
69_3_688_279_0.800.png,13
137_2_1080_378_0.552.png,17
137_2_1080_378_0.552.png,20
137_2_1080_378_0.552.png,23
137_2_1080_378_0.552.png,8
137_2_1080_378_0.552.png,13
137_2_1080_378_0.552.png,10
137_2_1080_378_0.552.png,15
137_2_1080_378_0.552.png,4
137_2_1080_378_0.552.png,4
137_2_1080_378_0.552.png,6
137_2_1080_378_0.552.png,20
137_2_1080_378_0.552.png,16
137_2_1080_378_0.552.png,7
137_2_1080_378_0.552.png,9
137_2_1080_378_0.552.png,1
137_2_1080_378_0.552.png,5
137_2_1080_378_0.552.png,16
137_2_1080_378_0.552.png,15
137_2_1080_378_0.552.png,1
137_2_1080_378_0.552.png,24
137_2_1080_378_0.552.png,3
137_2_1080_378_0.552.png,2
137_2_1080_378_0.552.png,22
137_2_1080_378_0.552.png,21
137_2_1080_378_0.552.png,13
137_2_1080_378_0.552.png,2
137_2_1080_378_0.552.png,5
137_2_1080_378_0.552.png,21
137_2_1080_378_0.552.png,6
137_2_1080_378_0.552.png,11
137_2_1080_378_0.552.png,3
137_2_1080_378_0.552.png,18
137_2_1080_378_0.552.png,11
137_2_1080_378_0.552.png,9
137_2_1080_378_0.552.png,8
137_2_1080_378_0.552.png,10
137_2_1080_378_0.552.png,7
137_2_1080_378_0.552.png,22
137_2_1080_378_0.552.png,19
137_2_1080_378_0.552.png,12
137_2_1080_378_0.552.png,12
137_2_1080_378_0.552.png,14
137_2_1080_378_0.552.png,19
137_2_1080_378_0.552.png,14
137_2_1080_378_0.552.png,17
110_2_737_345_0.468.png,18
110_2_737_345_0.468.png,24
110_2_737_345_0.468.png,15
110_2_737_345_0.468.png,20
110_2_737_345_0.468.png,22
110_2_737_345_0.468.png,3
110_2_737_345_0.468.png,10
110_2_737_345_0.468.png,17
110_2_737_345_0.468.png,19
110_2_737_345_0.468.png,8
110_2_737_345_0.468.png,1
110_2_737_345_0.468.png,1
110_2_737_345_0.468.png,9
110_2_737_345_0.468.png,5
110_2_737_345_0.468.png,12
110_2_737_345_0.468.png,18
110_2_737_345_0.468.png,6
110_2_737_345_0.468.png,19
110_2_737_345_0.468.png,3
110_2_737_345_0.468.png,10
110_2_737_345_0.468.png,2
110_2_737_345_0.468.png,23
110_2_737_345_0.468.png,13
110_2_737_345_0.468.png,6
110_2_737_345_0.468.png,12
110_2_737_345_0.468.png,7
110_2_737_345_0.468.png,4
110_2_737_345_0.468.png,20
110_2_737_345_0.468.png,11
110_2_737_345_0.468.png,4
110_2_737_345_0.468.png,11
110_2_737_345_0.468.png,15
110_2_737_345_0.468.png,16
110_2_737_345_0.468.png,7
110_2_737_345_0.468.png,16
110_2_737_345_0.468.png,19
110_2_737_345_0.468.png,8
110_2_737_345_0.468.png,14
110_2_737_345_0.468.png,9
110_2_737_345_0.468.png,5
110_2_737_345_0.468.png,2
110_2_737_345_0.468.png,14
110_2_737_345_0.468.png,13
110_2_737_345_0.468.png,21
110_2_737_345_0.468.png,17
110_2_737_345_0.468.png,21
99_2_1178_312_0.760.png,6
99_2_1178_312_0.760.png,7
99_2_1178_312_0.760.png,12
99_2_1178_312_0.760.png,15
99_2_1178_312_0.760.png,22
99_2_1178_312_0.760.png,21
99_2_1178_312_0.760.png,4
99_2_1178_312_0.760.png,14
99_2_1178_312_0.760.png,5
99_2_1178_312_0.760.png,11
99_2_1178_312_0.760.png,13
99_2_1178_312_0.760.png,22
99_2_1178_312_0.760.png,8
99_2_1178_312_0.760.png,9
99_2_1178_312_0.760.png,16
99_2_1178_312_0.760.png,6
99_2_1178_312_0.760.png,18
99_2_1178_312_0.760.png,1
99_2_1178_312_0.760.png,19
99_2_1178_312_0.760.png,8
99_2_1178_312_0.760.png,14
99_2_1178_312_0.760.png,23
99_2_1178_312_0.760.png,5
99_2_1178_312_0.760.png,20
99_2_1178_312_0.760.png,24
99_2_1178_312_0.760.png,9
99_2_1178_312_0.760.png,11
99_2_1178_312_0.760.png,1
99_2_1178_312_0.760.png,19
99_2_1178_312_0.760.png,7
99_2_1178_312_0.760.png,20
99_2_1178_312_0.760.png,2
99_2_1178_312_0.760.png,21
99_2_1178_312_0.760.png,3
99_2_1178_312_0.760.png,10
99_2_1178_312_0.760.png,18
99_2_1178_312_0.760.png,15
99_2_1178_312_0.760.png,13
99_2_1178_312_0.760.png,12
99_2_1178_312_0.760.png,4
99_2_1178_312_0.760.png,3
99_2_1178_312_0.760.png,2
99_2_1178_312_0.760.png,16
99_2_1178_312_0.760.png,17
99_2_1178_312_0.760.png,17
154_1_933_411_0.508.png,8
154_1_933_411_0.508.png,9
154_1_933_411_0.508.png,7
154_1_933_411_0.508.png,4
154_1_933_411_0.508.png,6
154_1_933_411_0.508.png,4
154_1_933_411_0.508.png,16
154_1_933_411_0.508.png,18
154_1_933_411_0.508.png,21
154_1_933_411_0.508.png,19
154_1_933_411_0.508.png,22
154_1_933_411_0.508.png,10
154_1_933_411_0.508.png,22
154_1_933_411_0.508.png,18
154_1_933_411_0.508.png,1
154_1_933_411_0.508.png,14
154_1_933_411_0.508.png,15
154_1_933_411_0.508.png,2
154_1_933_411_0.508.png,13
154_1_933_411_0.508.png,9
154_1_933_411_0.508.png,12
154_1_933_411_0.508.png,10
154_1_933_411_0.508.png,3
154_1_933_411_0.508.png,5
154_1_933_411_0.508.png,23
154_1_933_411_0.508.png,8
154_1_933_411_0.508.png,5
154_1_933_411_0.508.png,6
154_1_933_411_0.508.png,20
154_1_933_411_0.508.png,20
154_1_933_411_0.508.png,19
154_1_933_411_0.508.png,11
154_1_933_411_0.508.png,2
154_1_933_411_0.508.png,7
154_1_933_411_0.508.png,13
154_1_933_411_0.508.png,16
154_1_933_411_0.508.png,17
154_1_933_411_0.508.png,21
154_1_933_411_0.508.png,3
154_1_933_411_0.508.png,12
154_1_933_411_0.508.png,1
154_1_933_411_0.508.png,23
154_1_933_411_0.508.png,17
154_1_933_411_0.508.png,14
154_1_933_411_0.508.png,15
170_2_737_444_0.755.png,20
170_2_737_444_0.755.png,10
170_2_737_444_0.755.png,10
170_2_737_444_0.755.png,11
170_2_737_444_0.755.png,8
170_2_737_444_0.755.png,7
170_2_737_444_0.755.png,7
170_2_737_444_0.755.png,20
170_2_737_444_0.755.png,4
170_2_737_444_0.755.png,12
170_2_737_444_0.755.png,13
170_2_737_444_0.755.png,5
170_2_737_444_0.755.png,3
170_2_737_444_0.755.png,15
170_2_737_444_0.755.png,14
170_2_737_444_0.755.png,1
170_2_737_444_0.755.png,3
170_2_737_444_0.755.png,11
170_2_737_444_0.755.png,16
170_2_737_444_0.755.png,5
170_2_737_444_0.755.png,16
170_2_737_444_0.755.png,22
170_2_737_444_0.755.png,6
170_2_737_444_0.755.png,6
170_2_737_444_0.755.png,23
170_2_737_444_0.755.png,17
170_2_737_444_0.755.png,17
170_2_737_444_0.755.png,18
170_2_737_444_0.755.png,1
170_2_737_444_0.755.png,19
170_2_737_444_0.755.png,2
170_2_737_444_0.755.png,2
170_2_737_444_0.755.png,15
170_2_737_444_0.755.png,4
170_2_737_444_0.755.png,9
170_2_737_444_0.755.png,9
170_2_737_444_0.755.png,18
170_2_737_444_0.755.png,23
170_2_737_444_0.755.png,13
170_2_737_444_0.755.png,19
170_2_737_444_0.755.png,22
170_2_737_444_0.755.png,14
170_2_737_444_0.755.png,8
170_2_737_444_0.755.png,12
170_2_737_444_0.755.png,21
170_2_737_444_0.755.png,21
98_1_1129_312_0.874.png,1
98_1_1129_312_0.874.png,9
98_1_1129_312_0.874.png,6
98_1_1129_312_0.874.png,8
98_1_1129_312_0.874.png,13
98_1_1129_312_0.874.png,17
98_1_1129_312_0.874.png,16
98_1_1129_312_0.874.png,19
98_1_1129_312_0.874.png,2
98_1_1129_312_0.874.png,10
98_1_1129_312_0.874.png,19
98_1_1129_312_0.874.png,13
98_1_1129_312_0.874.png,3
98_1_1129_312_0.874.png,22
98_1_1129_312_0.874.png,9
98_1_1129_312_0.874.png,8
98_1_1129_312_0.874.png,11
98_1_1129_312_0.874.png,7
98_1_1129_312_0.874.png,12
98_1_1129_312_0.874.png,20
98_1_1129_312_0.874.png,14
98_1_1129_312_0.874.png,15
98_1_1129_312_0.874.png,20
98_1_1129_312_0.874.png,18
98_1_1129_312_0.874.png,2
98_1_1129_312_0.874.png,21
98_1_1129_312_0.874.png,10
98_1_1129_312_0.874.png,4
98_1_1129_312_0.874.png,14
98_1_1129_312_0.874.png,5
98_1_1129_312_0.874.png,16
98_1_1129_312_0.874.png,1
98_1_1129_312_0.874.png,23
98_1_1129_312_0.874.png,15
98_1_1129_312_0.874.png,12
98_1_1129_312_0.874.png,3
98_1_1129_312_0.874.png,21
98_1_1129_312_0.874.png,17
98_1_1129_312_0.874.png,11
98_1_1129_312_0.874.png,18
98_1_1129_312_0.874.png,5
98_1_1129_312_0.874.png,6
98_1_1129_312_0.874.png,23
98_1_1129_312_0.874.png,7
98_1_1129_312_0.874.png,4
99_4_1178_312_0.912.png,2
99_4_1178_312_0.912.png,5
99_4_1178_312_0.912.png,1
99_4_1178_312_0.912.png,18
99_4_1178_312_0.912.png,23
99_4_1178_312_0.912.png,11
99_4_1178_312_0.912.png,22
99_4_1178_312_0.912.png,10
99_4_1178_312_0.912.png,9
99_4_1178_312_0.912.png,1
99_4_1178_312_0.912.png,13
99_4_1178_312_0.912.png,23
99_4_1178_312_0.912.png,22
99_4_1178_312_0.912.png,18
99_4_1178_312_0.912.png,8
99_4_1178_312_0.912.png,19
99_4_1178_312_0.912.png,3
99_4_1178_312_0.912.png,22
99_4_1178_312_0.912.png,2
99_4_1178_312_0.912.png,12
99_4_1178_312_0.912.png,16
99_4_1178_312_0.912.png,15
99_4_1178_312_0.912.png,9
99_4_1178_312_0.912.png,4
99_4_1178_312_0.912.png,17
99_4_1178_312_0.912.png,7
99_4_1178_312_0.912.png,6
99_4_1178_312_0.912.png,14
99_4_1178_312_0.912.png,8
99_4_1178_312_0.912.png,3
99_4_1178_312_0.912.png,13
99_4_1178_312_0.912.png,6
99_4_1178_312_0.912.png,11
99_4_1178_312_0.912.png,14
99_4_1178_312_0.912.png,17
99_4_1178_312_0.912.png,16
99_4_1178_312_0.912.png,21
99_4_1178_312_0.912.png,20
99_4_1178_312_0.912.png,12
99_4_1178_312_0.912.png,4
99_4_1178_312_0.912.png,7
99_4_1178_312_0.912.png,5
99_4_1178_312_0.912.png,10
99_4_1178_312_0.912.png,21
178_2_1129_444_0.519.png,7
178_2_1129_444_0.519.png,10
178_2_1129_444_0.519.png,23
178_2_1129_444_0.519.png,22
178_2_1129_444_0.519.png,21
178_2_1129_444_0.519.png,19
178_2_1129_444_0.519.png,12
178_2_1129_444_0.519.png,17
178_2_1129_444_0.519.png,17
178_2_1129_444_0.519.png,9
178_2_1129_444_0.519.png,20
178_2_1129_444_0.519.png,10
178_2_1129_444_0.519.png,1
178_2_1129_444_0.519.png,6
178_2_1129_444_0.519.png,16
178_2_1129_444_0.519.png,5
178_2_1129_444_0.519.png,18
178_2_1129_444_0.519.png,9
178_2_1129_444_0.519.png,7
178_2_1129_444_0.519.png,13
178_2_1129_444_0.519.png,19
178_2_1129_444_0.519.png,4
178_2_1129_444_0.519.png,4
178_2_1129_444_0.519.png,6
178_2_1129_444_0.519.png,15
178_2_1129_444_0.519.png,16
178_2_1129_444_0.519.png,12
178_2_1129_444_0.519.png,2
178_2_1129_444_0.519.png,3
178_2_1129_444_0.519.png,14
178_2_1129_444_0.519.png,5
178_2_1129_444_0.519.png,20
178_2_1129_444_0.519.png,8
178_2_1129_444_0.519.png,1
178_2_1129_444_0.519.png,2
178_2_1129_444_0.519.png,14
178_2_1129_444_0.519.png,21
178_2_1129_444_0.519.png,11
178_2_1129_444_0.519.png,18
178_2_1129_444_0.519.png,8
178_2_1129_444_0.519.png,11
178_2_1129_444_0.519.png,15
178_2_1129_444_0.519.png,13
178_2_1129_444_0.519.png,23
136_2_1031_378_0.903.png,3
136_2_1031_378_0.903.png,21
136_2_1031_378_0.903.png,16
136_2_1031_378_0.903.png,9
136_2_1031_378_0.903.png,22
136_2_1031_378_0.903.png,19
136_2_1031_378_0.903.png,9
136_2_1031_378_0.903.png,19
136_2_1031_378_0.903.png,2
136_2_1031_378_0.903.png,12
136_2_1031_378_0.903.png,14
136_2_1031_378_0.903.png,13
136_2_1031_378_0.903.png,22
136_2_1031_378_0.903.png,6
136_2_1031_378_0.903.png,1
136_2_1031_378_0.903.png,11
136_2_1031_378_0.903.png,23
136_2_1031_378_0.903.png,4
136_2_1031_378_0.903.png,11
136_2_1031_378_0.903.png,2
136_2_1031_378_0.903.png,20
136_2_1031_378_0.903.png,5
136_2_1031_378_0.903.png,20
136_2_1031_378_0.903.png,4
136_2_1031_378_0.903.png,6
136_2_1031_378_0.903.png,18
136_2_1031_378_0.903.png,15
136_2_1031_378_0.903.png,12
136_2_1031_378_0.903.png,16
136_2_1031_378_0.903.png,10
136_2_1031_378_0.903.png,3
136_2_1031_378_0.903.png,15
136_2_1031_378_0.903.png,21
136_2_1031_378_0.903.png,8
136_2_1031_378_0.903.png,10
136_2_1031_378_0.903.png,17
136_2_1031_378_0.903.png,23
136_2_1031_378_0.903.png,17
59_2_1178_246_0.775.png,19
59_2_1178_246_0.775.png,9
59_2_1178_246_0.775.png,1
59_2_1178_246_0.775.png,21
59_2_1178_246_0.775.png,18
59_2_1178_246_0.775.png,17
59_2_1178_246_0.775.png,20
59_2_1178_246_0.775.png,15
59_2_1178_246_0.775.png,18
59_2_1178_246_0.775.png,2
59_2_1178_246_0.775.png,3
59_2_1178_246_0.775.png,14
59_2_1178_246_0.775.png,13
59_2_1178_246_0.775.png,23
59_2_1178_246_0.775.png,14
59_2_1178_246_0.775.png,5
59_2_1178_246_0.775.png,12
59_2_1178_246_0.775.png,20
59_2_1178_246_0.775.png,3
59_2_1178_246_0.775.png,11
59_2_1178_246_0.775.png,7
59_2_1178_246_0.775.png,9
59_2_1178_246_0.775.png,16
59_2_1178_246_0.775.png,22
59_2_1178_246_0.775.png,10
59_2_1178_246_0.775.png,8
59_2_1178_246_0.775.png,22
59_2_1178_246_0.775.png,10
59_2_1178_246_0.775.png,6
59_2_1178_246_0.775.png,21
59_2_1178_246_0.775.png,16
59_2_1178_246_0.775.png,2
59_2_1178_246_0.775.png,7
59_2_1178_246_0.775.png,8
59_2_1178_246_0.775.png,6
59_2_1178_246_0.775.png,4
59_2_1178_246_0.775.png,13
59_2_1178_246_0.775.png,17
59_2_1178_246_0.775.png,23
59_2_1178_246_0.775.png,1
59_2_1178_246_0.775.png,5
59_2_1178_246_0.775.png,4
59_2_1178_246_0.775.png,11
59_2_1178_246_0.775.png,12
59_2_1178_246_0.775.png,15
91_4_786_312_0.854.png,5
91_4_786_312_0.854.png,18
91_4_786_312_0.854.png,19
91_4_786_312_0.854.png,23
91_4_786_312_0.854.png,10
91_4_786_312_0.854.png,5
91_4_786_312_0.854.png,23
91_4_786_312_0.854.png,12
91_4_786_312_0.854.png,16
91_4_786_312_0.854.png,13
91_4_786_312_0.854.png,15
91_4_786_312_0.854.png,14
91_4_786_312_0.854.png,2
91_4_786_312_0.854.png,4
91_4_786_312_0.854.png,22
91_4_786_312_0.854.png,6
91_4_786_312_0.854.png,4
91_4_786_312_0.854.png,13
91_4_786_312_0.854.png,1
91_4_786_312_0.854.png,2
91_4_786_312_0.854.png,8
91_4_786_312_0.854.png,21
91_4_786_312_0.854.png,6
91_4_786_312_0.854.png,21
91_4_786_312_0.854.png,14
91_4_786_312_0.854.png,7
91_4_786_312_0.854.png,7
91_4_786_312_0.854.png,20
91_4_786_312_0.854.png,11
91_4_786_312_0.854.png,11
91_4_786_312_0.854.png,12
91_4_786_312_0.854.png,10
91_4_786_312_0.854.png,9
91_4_786_312_0.854.png,8
91_4_786_312_0.854.png,3
91_4_786_312_0.854.png,15
91_4_786_312_0.854.png,20
91_4_786_312_0.854.png,9
91_4_786_312_0.854.png,16
91_4_786_312_0.854.png,3
91_4_786_312_0.854.png,22
91_4_786_312_0.854.png,17
91_4_786_312_0.854.png,19
91_4_786_312_0.854.png,18
91_4_786_312_0.854.png,1
91_4_786_312_0.854.png,17
14_1_933_180_0.455.png,7
14_1_933_180_0.455.png,9
14_1_933_180_0.455.png,5
14_1_933_180_0.455.png,1
14_1_933_180_0.455.png,22
14_1_933_180_0.455.png,13
14_1_933_180_0.455.png,20
14_1_933_180_0.455.png,6
14_1_933_180_0.455.png,1
14_1_933_180_0.455.png,4
14_1_933_180_0.455.png,11
14_1_933_180_0.455.png,6
14_1_933_180_0.455.png,19
14_1_933_180_0.455.png,16
14_1_933_180_0.455.png,8
14_1_933_180_0.455.png,16
14_1_933_180_0.455.png,8
14_1_933_180_0.455.png,23
14_1_933_180_0.455.png,13
14_1_933_180_0.455.png,19
14_1_933_180_0.455.png,22
14_1_933_180_0.455.png,10
14_1_933_180_0.455.png,18
14_1_933_180_0.455.png,12
14_1_933_180_0.455.png,17
14_1_933_180_0.455.png,17
14_1_933_180_0.455.png,8
14_1_933_180_0.455.png,3
14_1_933_180_0.455.png,15
14_1_933_180_0.455.png,14
14_1_933_180_0.455.png,4
14_1_933_180_0.455.png,15
14_1_933_180_0.455.png,5
14_1_933_180_0.455.png,9
14_1_933_180_0.455.png,10
14_1_933_180_0.455.png,7
14_1_933_180_0.455.png,18
14_1_933_180_0.455.png,2
14_1_933_180_0.455.png,11
14_1_933_180_0.455.png,21
14_1_933_180_0.455.png,17
6_2_541_180_0.839.png,10
6_2_541_180_0.839.png,1
6_2_541_180_0.839.png,9
6_2_541_180_0.839.png,5
6_2_541_180_0.839.png,13
6_2_541_180_0.839.png,6
6_2_541_180_0.839.png,5
6_2_541_180_0.839.png,19
6_2_541_180_0.839.png,7
6_2_541_180_0.839.png,3
6_2_541_180_0.839.png,11
6_2_541_180_0.839.png,13
6_2_541_180_0.839.png,4
6_2_541_180_0.839.png,11
6_2_541_180_0.839.png,2
6_2_541_180_0.839.png,18
6_2_541_180_0.839.png,21
6_2_541_180_0.839.png,22
6_2_541_180_0.839.png,18
6_2_541_180_0.839.png,15
6_2_541_180_0.839.png,6
6_2_541_180_0.839.png,10
6_2_541_180_0.839.png,7
6_2_541_180_0.839.png,12
6_2_541_180_0.839.png,2
6_2_541_180_0.839.png,16
6_2_541_180_0.839.png,16
6_2_541_180_0.839.png,23
6_2_541_180_0.839.png,9
6_2_541_180_0.839.png,21
6_2_541_180_0.839.png,17
6_2_541_180_0.839.png,15
6_2_541_180_0.839.png,8
6_2_541_180_0.839.png,14
6_2_541_180_0.839.png,14
6_2_541_180_0.839.png,20
6_2_541_180_0.839.png,8
6_2_541_180_0.839.png,1
6_2_541_180_0.839.png,4
6_2_541_180_0.839.png,17
6_2_541_180_0.839.png,3
6_2_541_180_0.839.png,19
6_2_541_180_0.839.png,20
6_2_541_180_0.839.png,12
6_2_541_180_0.839.png,23
170_2_737_444_0.494.png,16
170_2_737_444_0.494.png,3
170_2_737_444_0.494.png,2
170_2_737_444_0.494.png,19
170_2_737_444_0.494.png,12
170_2_737_444_0.494.png,8
170_2_737_444_0.494.png,16
170_2_737_444_0.494.png,13
170_2_737_444_0.494.png,5
170_2_737_444_0.494.png,17
170_2_737_444_0.494.png,22
170_2_737_444_0.494.png,13
170_2_737_444_0.494.png,9
170_2_737_444_0.494.png,2
170_2_737_444_0.494.png,23
170_2_737_444_0.494.png,12
170_2_737_444_0.494.png,8
170_2_737_444_0.494.png,21
170_2_737_444_0.494.png,3
170_2_737_444_0.494.png,21
170_2_737_444_0.494.png,15
170_2_737_444_0.494.png,7
170_2_737_444_0.494.png,20
170_2_737_444_0.494.png,16
170_2_737_444_0.494.png,14
170_2_737_444_0.494.png,11
170_2_737_444_0.494.png,10
170_2_737_444_0.494.png,1
170_2_737_444_0.494.png,17
170_2_737_444_0.494.png,7
170_2_737_444_0.494.png,23
170_2_737_444_0.494.png,15
170_2_737_444_0.494.png,9
170_2_737_444_0.494.png,19
170_2_737_444_0.494.png,5
170_2_737_444_0.494.png,6
170_2_737_444_0.494.png,22
170_2_737_444_0.494.png,4
170_2_737_444_0.494.png,6
170_2_737_444_0.494.png,1
157_1_1080_411_0.635.png,13
157_1_1080_411_0.635.png,14
157_1_1080_411_0.635.png,13
157_1_1080_411_0.635.png,12
157_1_1080_411_0.635.png,10
157_1_1080_411_0.635.png,17
157_1_1080_411_0.635.png,21
157_1_1080_411_0.635.png,20
157_1_1080_411_0.635.png,23
157_1_1080_411_0.635.png,13
157_1_1080_411_0.635.png,4
157_1_1080_411_0.635.png,2
157_1_1080_411_0.635.png,17
157_1_1080_411_0.635.png,6
157_1_1080_411_0.635.png,22
157_1_1080_411_0.635.png,16
157_1_1080_411_0.635.png,15
157_1_1080_411_0.635.png,9
157_1_1080_411_0.635.png,14
157_1_1080_411_0.635.png,2
157_1_1080_411_0.635.png,11
157_1_1080_411_0.635.png,17
157_1_1080_411_0.635.png,8
157_1_1080_411_0.635.png,9
157_1_1080_411_0.635.png,1
157_1_1080_411_0.635.png,23
157_1_1080_411_0.635.png,5
157_1_1080_411_0.635.png,15
157_1_1080_411_0.635.png,10
157_1_1080_411_0.635.png,5
157_1_1080_411_0.635.png,6
157_1_1080_411_0.635.png,10
157_1_1080_411_0.635.png,7
157_1_1080_411_0.635.png,19
157_1_1080_411_0.635.png,4
157_1_1080_411_0.635.png,12
157_1_1080_411_0.635.png,1
157_1_1080_411_0.635.png,3
157_1_1080_411_0.635.png,22
157_1_1080_411_0.635.png,18
133_2_884_378_0.566.png,4
133_2_884_378_0.566.png,23
133_2_884_378_0.566.png,22
133_2_884_378_0.566.png,7
133_2_884_378_0.566.png,3
133_2_884_378_0.566.png,9
133_2_884_378_0.566.png,19
133_2_884_378_0.566.png,2
133_2_884_378_0.566.png,14
133_2_884_378_0.566.png,7
133_2_884_378_0.566.png,6
133_2_884_378_0.566.png,20
133_2_884_378_0.566.png,17
133_2_884_378_0.566.png,13
133_2_884_378_0.566.png,15
133_2_884_378_0.566.png,12
133_2_884_378_0.566.png,5
133_2_884_378_0.566.png,10
133_2_884_378_0.566.png,16
133_2_884_378_0.566.png,14
133_2_884_378_0.566.png,18
133_2_884_378_0.566.png,16
133_2_884_378_0.566.png,4
133_2_884_378_0.566.png,17
133_2_884_378_0.566.png,9
133_2_884_378_0.566.png,2
133_2_884_378_0.566.png,1
133_2_884_378_0.566.png,8
133_2_884_378_0.566.png,21
133_2_884_378_0.566.png,1
133_2_884_378_0.566.png,11
133_2_884_378_0.566.png,15
133_2_884_378_0.566.png,21
133_2_884_378_0.566.png,5
133_2_884_378_0.566.png,13
133_2_884_378_0.566.png,10
133_2_884_378_0.566.png,20
133_2_884_378_0.566.png,19
133_2_884_378_0.566.png,18
133_2_884_378_0.566.png,21
133_2_884_378_0.566.png,12
133_2_884_378_0.566.png,23
133_2_884_378_0.566.png,18
133_2_884_378_0.566.png,23
133_2_884_378_0.566.png,8
133_2_884_378_0.566.png,16
133_2_884_378_0.566.png,23
133_2_884_378_0.566.png,22
133_2_884_378_0.566.png,23
133_2_884_378_0.566.png,16
133_2_884_378_0.566.png,18
133_2_884_378_0.566.png,23
133_2_884_378_0.566.png,11
133_2_884_378_0.566.png,19
133_2_884_378_0.566.png,9
133_2_884_378_0.566.png,5
133_2_884_378_0.566.png,15
133_2_884_378_0.566.png,10
133_2_884_378_0.566.png,1
133_2_884_378_0.566.png,13
133_2_884_378_0.566.png,23
133_2_884_378_0.566.png,7
133_2_884_378_0.566.png,3
133_2_884_378_0.566.png,23
133_2_884_378_0.566.png,23
133_2_884_378_0.566.png,18
133_2_884_378_0.566.png,7
133_2_884_378_0.566.png,14
133_2_884_378_0.566.png,2
133_2_884_378_0.566.png,23
133_2_884_378_0.566.png,8
133_2_884_378_0.566.png,8
286_1_541_642_0.855.png,22
286_1_541_642_0.855.png,13
286_1_541_642_0.855.png,3
286_1_541_642_0.855.png,12
286_1_541_642_0.855.png,6
286_1_541_642_0.855.png,23
286_1_541_642_0.855.png,7
286_1_541_642_0.855.png,3
286_1_541_642_0.855.png,19
286_1_541_642_0.855.png,1
286_1_541_642_0.855.png,6
286_1_541_642_0.855.png,5
286_1_541_642_0.855.png,16
286_1_541_642_0.855.png,20
286_1_541_642_0.855.png,22
286_1_541_642_0.855.png,10
286_1_541_642_0.855.png,17
286_1_541_642_0.855.png,2
286_1_541_642_0.855.png,7
286_1_541_642_0.855.png,10
286_1_541_642_0.855.png,2
286_1_541_642_0.855.png,15
286_1_541_642_0.855.png,8
286_1_541_642_0.855.png,4
286_1_541_642_0.855.png,8
286_1_541_642_0.855.png,14
286_1_541_642_0.855.png,11
286_1_541_642_0.855.png,12
286_1_541_642_0.855.png,4
286_1_541_642_0.855.png,21
286_1_541_642_0.855.png,20
286_1_541_642_0.855.png,9
286_1_541_642_0.855.png,24
286_1_541_642_0.855.png,16
286_1_541_642_0.855.png,9
286_1_541_642_0.855.png,18
286_1_541_642_0.855.png,5
286_1_541_642_0.855.png,14
286_1_541_642_0.855.png,19
286_1_541_642_0.855.png,11
286_1_541_642_0.855.png,18
286_1_541_642_0.855.png,15
286_1_541_642_0.855.png,21
286_1_541_642_0.855.png,17
286_1_541_642_0.855.png,13
286_1_541_642_0.855.png,1
254_1_933_576_0.863.png,4
254_1_933_576_0.863.png,23
254_1_933_576_0.863.png,12
254_1_933_576_0.863.png,7
254_1_933_576_0.863.png,18
254_1_933_576_0.863.png,11
254_1_933_576_0.863.png,15
254_1_933_576_0.863.png,14
254_1_933_576_0.863.png,5
254_1_933_576_0.863.png,1
254_1_933_576_0.863.png,9
254_1_933_576_0.863.png,9
254_1_933_576_0.863.png,20
254_1_933_576_0.863.png,4
254_1_933_576_0.863.png,2
254_1_933_576_0.863.png,20
254_1_933_576_0.863.png,19
254_1_933_576_0.863.png,12
254_1_933_576_0.863.png,14
254_1_933_576_0.863.png,18
254_1_933_576_0.863.png,10
254_1_933_576_0.863.png,3
254_1_933_576_0.863.png,6
254_1_933_576_0.863.png,19
254_1_933_576_0.863.png,8
254_1_933_576_0.863.png,6
254_1_933_576_0.863.png,7
254_1_933_576_0.863.png,1
254_1_933_576_0.863.png,2
254_1_933_576_0.863.png,3
254_1_933_576_0.863.png,22
254_1_933_576_0.863.png,13
254_1_933_576_0.863.png,10
254_1_933_576_0.863.png,5
254_1_933_576_0.863.png,15
254_1_933_576_0.863.png,16
254_1_933_576_0.863.png,16
254_1_933_576_0.863.png,21
254_1_933_576_0.863.png,17
254_1_933_576_0.863.png,17
254_1_933_576_0.863.png,8
254_1_933_576_0.863.png,9
254_1_933_576_0.863.png,24
254_1_933_576_0.863.png,22
254_1_933_576_0.863.png,11
254_1_933_576_0.863.png,13
254_1_933_576_0.863.png,21
247_4_590_576_0.684.png,16
247_4_590_576_0.684.png,4
247_4_590_576_0.684.png,11
247_4_590_576_0.684.png,5
247_4_590_576_0.684.png,15
247_4_590_576_0.684.png,10
247_4_590_576_0.684.png,8
247_4_590_576_0.684.png,12
247_4_590_576_0.684.png,3
247_4_590_576_0.684.png,14
247_4_590_576_0.684.png,11
247_4_590_576_0.684.png,6
247_4_590_576_0.684.png,8
247_4_590_576_0.684.png,2
247_4_590_576_0.684.png,23
247_4_590_576_0.684.png,16
247_4_590_576_0.684.png,22
247_4_590_576_0.684.png,17
247_4_590_576_0.684.png,3
247_4_590_576_0.684.png,20
247_4_590_576_0.684.png,6
247_4_590_576_0.684.png,2
247_4_590_576_0.684.png,17
247_4_590_576_0.684.png,24
247_4_590_576_0.684.png,7
247_4_590_576_0.684.png,1
247_4_590_576_0.684.png,7
247_4_590_576_0.684.png,4
247_4_590_576_0.684.png,9
247_4_590_576_0.684.png,10
247_4_590_576_0.684.png,9
247_4_590_576_0.684.png,18
247_4_590_576_0.684.png,15
247_4_590_576_0.684.png,12
247_4_590_576_0.684.png,18
247_4_590_576_0.684.png,14
247_4_590_576_0.684.png,5
247_4_590_576_0.684.png,1
247_4_590_576_0.684.png,13
247_4_590_576_0.684.png,19
247_4_590_576_0.684.png,19
247_4_590_576_0.684.png,22
247_4_590_576_0.684.png,21
247_4_590_576_0.684.png,20
247_4_590_576_0.684.png,13
247_4_590_576_0.684.png,21
226_2_541_543_0.599.png,5
226_2_541_543_0.599.png,23
226_2_541_543_0.599.png,2
226_2_541_543_0.599.png,16
226_2_541_543_0.599.png,6
226_2_541_543_0.599.png,17
226_2_541_543_0.599.png,6
226_2_541_543_0.599.png,9
226_2_541_543_0.599.png,10
226_2_541_543_0.599.png,4
226_2_541_543_0.599.png,14
226_2_541_543_0.599.png,18
226_2_541_543_0.599.png,11
226_2_541_543_0.599.png,24
226_2_541_543_0.599.png,16
226_2_541_543_0.599.png,15
226_2_541_543_0.599.png,17
226_2_541_543_0.599.png,15
226_2_541_543_0.599.png,9
226_2_541_543_0.599.png,19
226_2_541_543_0.599.png,8
226_2_541_543_0.599.png,1
226_2_541_543_0.599.png,20
226_2_541_543_0.599.png,14
226_2_541_543_0.599.png,3
226_2_541_543_0.599.png,22
226_2_541_543_0.599.png,10
226_2_541_543_0.599.png,7
226_2_541_543_0.599.png,7
226_2_541_543_0.599.png,13
226_2_541_543_0.599.png,1
226_2_541_543_0.599.png,11
226_2_541_543_0.599.png,20
226_2_541_543_0.599.png,4
226_2_541_543_0.599.png,5
226_2_541_543_0.599.png,2
226_2_541_543_0.599.png,19
226_2_541_543_0.599.png,3
226_2_541_543_0.599.png,22
226_2_541_543_0.599.png,8
226_2_541_543_0.599.png,21
226_2_541_543_0.599.png,21
227_1_590_543_0.571.png,22
227_1_590_543_0.571.png,16
227_1_590_543_0.571.png,9
227_1_590_543_0.571.png,6
227_1_590_543_0.571.png,19
227_1_590_543_0.571.png,20
227_1_590_543_0.571.png,15
227_1_590_543_0.571.png,7
227_1_590_543_0.571.png,3
227_1_590_543_0.571.png,4
227_1_590_543_0.571.png,20
227_1_590_543_0.571.png,13
227_1_590_543_0.571.png,2
227_1_590_543_0.571.png,19
227_1_590_543_0.571.png,21
227_1_590_543_0.571.png,4
227_1_590_543_0.571.png,8
227_1_590_543_0.571.png,3
227_1_590_543_0.571.png,1
227_1_590_543_0.571.png,11
227_1_590_543_0.571.png,21
227_1_590_543_0.571.png,8
227_1_590_543_0.571.png,1
227_1_590_543_0.571.png,14
227_1_590_543_0.571.png,16
227_1_590_543_0.571.png,11
227_1_590_543_0.571.png,7
227_1_590_543_0.571.png,18
227_1_590_543_0.571.png,9
227_1_590_543_0.571.png,12
227_1_590_543_0.571.png,22
227_1_590_543_0.571.png,5
227_1_590_543_0.571.png,6
227_1_590_543_0.571.png,5
227_1_590_543_0.571.png,15
227_1_590_543_0.571.png,18
227_1_590_543_0.571.png,23
227_1_590_543_0.571.png,17
227_1_590_543_0.571.png,10
227_1_590_543_0.571.png,24
227_1_590_543_0.571.png,17
227_1_590_543_0.571.png,2
227_1_590_543_0.571.png,10
227_1_590_543_0.571.png,14
227_1_590_543_0.571.png,12
227_1_590_543_0.571.png,13
125_1_492_378_0.878.png,11
125_1_492_378_0.878.png,10
125_1_492_378_0.878.png,12
125_1_492_378_0.878.png,18
125_1_492_378_0.878.png,15
125_1_492_378_0.878.png,14
125_1_492_378_0.878.png,13
125_1_492_378_0.878.png,13
125_1_492_378_0.878.png,9
125_1_492_378_0.878.png,16
125_1_492_378_0.878.png,5
125_1_492_378_0.878.png,7
125_1_492_378_0.878.png,1
125_1_492_378_0.878.png,3
125_1_492_378_0.878.png,12
125_1_492_378_0.878.png,15
125_1_492_378_0.878.png,22
125_1_492_378_0.878.png,4
125_1_492_378_0.878.png,9
125_1_492_378_0.878.png,8
125_1_492_378_0.878.png,5
125_1_492_378_0.878.png,11
125_1_492_378_0.878.png,14
125_1_492_378_0.878.png,7
125_1_492_378_0.878.png,17
125_1_492_378_0.878.png,1
125_1_492_378_0.878.png,19
125_1_492_378_0.878.png,21
125_1_492_378_0.878.png,6
125_1_492_378_0.878.png,21
125_1_492_378_0.878.png,17
125_1_492_378_0.878.png,24
125_1_492_378_0.878.png,3
125_1_492_378_0.878.png,20
125_1_492_378_0.878.png,2
125_1_492_378_0.878.png,8
125_1_492_378_0.878.png,19
125_1_492_378_0.878.png,23
125_1_492_378_0.878.png,2
125_1_492_378_0.878.png,20
125_1_492_378_0.878.png,16
125_1_492_378_0.878.png,10
125_1_492_378_0.878.png,4
125_1_492_378_0.878.png,6
125_1_492_378_0.878.png,22
125_1_492_378_0.878.png,18
133_2_884_378_0.506.png,8
133_2_884_378_0.506.png,15
133_2_884_378_0.506.png,18
133_2_884_378_0.506.png,16
133_2_884_378_0.506.png,19
133_2_884_378_0.506.png,4
133_2_884_378_0.506.png,18
133_2_884_378_0.506.png,9
133_2_884_378_0.506.png,24
133_2_884_378_0.506.png,20
133_2_884_378_0.506.png,21
133_2_884_378_0.506.png,10
133_2_884_378_0.506.png,4
133_2_884_378_0.506.png,14
133_2_884_378_0.506.png,21
133_2_884_378_0.506.png,12
133_2_884_378_0.506.png,17
133_2_884_378_0.506.png,5
133_2_884_378_0.506.png,1
133_2_884_378_0.506.png,22
133_2_884_378_0.506.png,3
133_2_884_378_0.506.png,12
133_2_884_378_0.506.png,11
133_2_884_378_0.506.png,2
133_2_884_378_0.506.png,16
133_2_884_378_0.506.png,6
133_2_884_378_0.506.png,7
133_2_884_378_0.506.png,17
133_2_884_378_0.506.png,23
133_2_884_378_0.506.png,8
133_2_884_378_0.506.png,6
133_2_884_378_0.506.png,2
133_2_884_378_0.506.png,3
133_2_884_378_0.506.png,20
133_2_884_378_0.506.png,7
133_2_884_378_0.506.png,14
133_2_884_378_0.506.png,22
133_2_884_378_0.506.png,15
133_2_884_378_0.506.png,10
133_2_884_378_0.506.png,5
133_2_884_378_0.506.png,11
133_2_884_378_0.506.png,13
133_2_884_378_0.506.png,9
133_2_884_378_0.506.png,1
133_2_884_378_0.506.png,13
133_2_884_378_0.506.png,19
119_2_1178_345_0.520.png,7
119_2_1178_345_0.520.png,16
119_2_1178_345_0.520.png,4
119_2_1178_345_0.520.png,3
119_2_1178_345_0.520.png,15
119_2_1178_345_0.520.png,15
119_2_1178_345_0.520.png,20
119_2_1178_345_0.520.png,22
119_2_1178_345_0.520.png,1
119_2_1178_345_0.520.png,4
119_2_1178_345_0.520.png,13
119_2_1178_345_0.520.png,12
119_2_1178_345_0.520.png,14
119_2_1178_345_0.520.png,23
119_2_1178_345_0.520.png,10
119_2_1178_345_0.520.png,17
119_2_1178_345_0.520.png,18
119_2_1178_345_0.520.png,10
119_2_1178_345_0.520.png,2
119_2_1178_345_0.520.png,13
119_2_1178_345_0.520.png,16
119_2_1178_345_0.520.png,6
119_2_1178_345_0.520.png,6
119_2_1178_345_0.520.png,1
119_2_1178_345_0.520.png,14
119_2_1178_345_0.520.png,20
119_2_1178_345_0.520.png,11
119_2_1178_345_0.520.png,5
119_2_1178_345_0.520.png,11
119_2_1178_345_0.520.png,5
119_2_1178_345_0.520.png,21
119_2_1178_345_0.520.png,2
119_2_1178_345_0.520.png,8
119_2_1178_345_0.520.png,19
119_2_1178_345_0.520.png,8
119_2_1178_345_0.520.png,9
119_2_1178_345_0.520.png,21
119_2_1178_345_0.520.png,18
119_2_1178_345_0.520.png,7
119_2_1178_345_0.520.png,24
119_2_1178_345_0.520.png,9
119_2_1178_345_0.520.png,19
119_2_1178_345_0.520.png,22
119_2_1178_345_0.520.png,12
119_2_1178_345_0.520.png,17
119_2_1178_345_0.520.png,3
166_2_541_444_0.732.png,20
166_2_541_444_0.732.png,17
166_2_541_444_0.732.png,21
166_2_541_444_0.732.png,17
166_2_541_444_0.732.png,5
166_2_541_444_0.732.png,13
166_2_541_444_0.732.png,1
166_2_541_444_0.732.png,7
166_2_541_444_0.732.png,15
166_2_541_444_0.732.png,3
166_2_541_444_0.732.png,11
166_2_541_444_0.732.png,3
166_2_541_444_0.732.png,15
166_2_541_444_0.732.png,6
166_2_541_444_0.732.png,7
166_2_541_444_0.732.png,10
166_2_541_444_0.732.png,2
166_2_541_444_0.732.png,23
166_2_541_444_0.732.png,9
166_2_541_444_0.732.png,22
166_2_541_444_0.732.png,11
166_2_541_444_0.732.png,10
166_2_541_444_0.732.png,2
166_2_541_444_0.732.png,18
166_2_541_444_0.732.png,5
166_2_541_444_0.732.png,21
166_2_541_444_0.732.png,19
166_2_541_444_0.732.png,8
166_2_541_444_0.732.png,14
166_2_541_444_0.732.png,9
166_2_541_444_0.732.png,6
166_2_541_444_0.732.png,16
166_2_541_444_0.732.png,22
166_2_541_444_0.732.png,18
166_2_541_444_0.732.png,19
166_2_541_444_0.732.png,4
166_2_541_444_0.732.png,13
166_2_541_444_0.732.png,14
166_2_541_444_0.732.png,1
166_2_541_444_0.732.png,12
166_2_541_444_0.732.png,4
166_2_541_444_0.732.png,16
166_2_541_444_0.732.png,8
166_2_541_444_0.732.png,20
166_2_541_444_0.732.png,24
166_2_541_444_0.732.png,12
142_2_345_411_0.768.png,12
142_2_345_411_0.768.png,16
142_2_345_411_0.768.png,14
142_2_345_411_0.768.png,4
142_2_345_411_0.768.png,7
142_2_345_411_0.768.png,20
142_2_345_411_0.768.png,14
142_2_345_411_0.768.png,9
142_2_345_411_0.768.png,11
142_2_345_411_0.768.png,12
142_2_345_411_0.768.png,6
142_2_345_411_0.768.png,13
142_2_345_411_0.768.png,2
142_2_345_411_0.768.png,21
142_2_345_411_0.768.png,24
142_2_345_411_0.768.png,17
142_2_345_411_0.768.png,18
142_2_345_411_0.768.png,22
142_2_345_411_0.768.png,13
142_2_345_411_0.768.png,5
142_2_345_411_0.768.png,18
142_2_345_411_0.768.png,10
142_2_345_411_0.768.png,3
142_2_345_411_0.768.png,11
142_2_345_411_0.768.png,5
142_2_345_411_0.768.png,4
142_2_345_411_0.768.png,16
142_2_345_411_0.768.png,3
142_2_345_411_0.768.png,21
142_2_345_411_0.768.png,2
142_2_345_411_0.768.png,8
142_2_345_411_0.768.png,24
142_2_345_411_0.768.png,15
142_2_345_411_0.768.png,23
142_2_345_411_0.768.png,8
142_2_345_411_0.768.png,15
142_2_345_411_0.768.png,19
142_2_345_411_0.768.png,17
142_2_345_411_0.768.png,20
142_2_345_411_0.768.png,1
142_2_345_411_0.768.png,7
142_2_345_411_0.768.png,6
142_2_345_411_0.768.png,10
142_2_345_411_0.768.png,22
142_2_345_411_0.768.png,1
102_1_345_345_0.493.png,8
102_1_345_345_0.493.png,14
102_1_345_345_0.493.png,2
102_1_345_345_0.493.png,4
102_1_345_345_0.493.png,7
102_1_345_345_0.493.png,9
102_1_345_345_0.493.png,1
102_1_345_345_0.493.png,3
102_1_345_345_0.493.png,8
102_1_345_345_0.493.png,6
102_1_345_345_0.493.png,19
102_1_345_345_0.493.png,22
102_1_345_345_0.493.png,21
102_1_345_345_0.493.png,18
102_1_345_345_0.493.png,11
102_1_345_345_0.493.png,13
102_1_345_345_0.493.png,18
102_1_345_345_0.493.png,14
102_1_345_345_0.493.png,5
102_1_345_345_0.493.png,16
102_1_345_345_0.493.png,1
102_1_345_345_0.493.png,11
102_1_345_345_0.493.png,5
102_1_345_345_0.493.png,2
102_1_345_345_0.493.png,13
102_1_345_345_0.493.png,19
102_1_345_345_0.493.png,12
102_1_345_345_0.493.png,9
102_1_345_345_0.493.png,10
102_1_345_345_0.493.png,12
102_1_345_345_0.493.png,6
102_1_345_345_0.493.png,10
102_1_345_345_0.493.png,15
102_1_345_345_0.493.png,17
102_1_345_345_0.493.png,23
102_1_345_345_0.493.png,7
102_1_345_345_0.493.png,15
102_1_345_345_0.493.png,21
102_1_345_345_0.493.png,20
102_1_345_345_0.493.png,3
102_1_345_345_0.493.png,24
102_1_345_345_0.493.png,16
102_1_345_345_0.493.png,22
102_1_345_345_0.493.png,4
102_1_345_345_0.493.png,20
138_3_1129_378_0.844.png,3
138_3_1129_378_0.844.png,10
138_3_1129_378_0.844.png,5
138_3_1129_378_0.844.png,6
138_3_1129_378_0.844.png,5
138_3_1129_378_0.844.png,16
138_3_1129_378_0.844.png,1
138_3_1129_378_0.844.png,4
138_3_1129_378_0.844.png,18
138_3_1129_378_0.844.png,14
138_3_1129_378_0.844.png,1
138_3_1129_378_0.844.png,16
138_3_1129_378_0.844.png,11
138_3_1129_378_0.844.png,23
138_3_1129_378_0.844.png,11
138_3_1129_378_0.844.png,18
138_3_1129_378_0.844.png,7
138_3_1129_378_0.844.png,10
138_3_1129_378_0.844.png,13
138_3_1129_378_0.844.png,22
138_3_1129_378_0.844.png,8
138_3_1129_378_0.844.png,16
138_3_1129_378_0.844.png,24
138_3_1129_378_0.844.png,14
138_3_1129_378_0.844.png,12
138_3_1129_378_0.844.png,16
138_3_1129_378_0.844.png,17
138_3_1129_378_0.844.png,12
138_3_1129_378_0.844.png,17
138_3_1129_378_0.844.png,20
138_3_1129_378_0.844.png,6
138_3_1129_378_0.844.png,4
138_3_1129_378_0.844.png,20
138_3_1129_378_0.844.png,13
138_3_1129_378_0.844.png,9
138_3_1129_378_0.844.png,7
138_3_1129_378_0.844.png,9
138_3_1129_378_0.844.png,2
138_3_1129_378_0.844.png,13
138_3_1129_378_0.844.png,21
138_3_1129_378_0.844.png,22
138_3_1129_378_0.844.png,21
138_3_1129_378_0.844.png,3
138_3_1129_378_0.844.png,8
138_3_1129_378_0.844.png,2
144_3_443_411_0.597.png,12
144_3_443_411_0.597.png,18
144_3_443_411_0.597.png,4
144_3_443_411_0.597.png,13
144_3_443_411_0.597.png,3
144_3_443_411_0.597.png,5
144_3_443_411_0.597.png,8
144_3_443_411_0.597.png,10
144_3_443_411_0.597.png,7
144_3_443_411_0.597.png,24
144_3_443_411_0.597.png,8
144_3_443_411_0.597.png,9
144_3_443_411_0.597.png,14
144_3_443_411_0.597.png,17
144_3_443_411_0.597.png,17
144_3_443_411_0.597.png,11
144_3_443_411_0.597.png,14
144_3_443_411_0.597.png,16
144_3_443_411_0.597.png,13
144_3_443_411_0.597.png,1
144_3_443_411_0.597.png,15
144_3_443_411_0.597.png,6
144_3_443_411_0.597.png,2
144_3_443_411_0.597.png,2
144_3_443_411_0.597.png,16
144_3_443_411_0.597.png,20
144_3_443_411_0.597.png,4
144_3_443_411_0.597.png,18
144_3_443_411_0.597.png,1
144_3_443_411_0.597.png,6
144_3_443_411_0.597.png,12
144_3_443_411_0.597.png,9
144_3_443_411_0.597.png,11
144_3_443_411_0.597.png,19
144_3_443_411_0.597.png,23
144_3_443_411_0.597.png,15
144_3_443_411_0.597.png,10
144_3_443_411_0.597.png,5
144_3_443_411_0.597.png,19
144_3_443_411_0.597.png,7
144_3_443_411_0.597.png,21
144_3_443_411_0.597.png,22
144_3_443_411_0.597.png,20
144_3_443_411_0.597.png,22
144_3_443_411_0.597.png,3
144_3_443_411_0.597.png,21
136_1_1031_378_0.800.png,16
136_1_1031_378_0.800.png,6
136_1_1031_378_0.800.png,5
136_1_1031_378_0.800.png,1
136_1_1031_378_0.800.png,14
136_1_1031_378_0.800.png,2
136_1_1031_378_0.800.png,14
136_1_1031_378_0.800.png,7
136_1_1031_378_0.800.png,6
136_1_1031_378_0.800.png,2
136_1_1031_378_0.800.png,20
136_1_1031_378_0.800.png,1
136_1_1031_378_0.800.png,11
136_1_1031_378_0.800.png,9
136_1_1031_378_0.800.png,24
136_1_1031_378_0.800.png,15
136_1_1031_378_0.800.png,22
136_1_1031_378_0.800.png,21
136_1_1031_378_0.800.png,16
136_1_1031_378_0.800.png,23
136_1_1031_378_0.800.png,9
136_1_1031_378_0.800.png,13
136_1_1031_378_0.800.png,5
136_1_1031_378_0.800.png,10
136_1_1031_378_0.800.png,3
136_1_1031_378_0.800.png,17
136_1_1031_378_0.800.png,7
136_1_1031_378_0.800.png,4
136_1_1031_378_0.800.png,22
136_1_1031_378_0.800.png,13
136_1_1031_378_0.800.png,21
136_1_1031_378_0.800.png,11
136_1_1031_378_0.800.png,18
212_3_835_510_0.914.png,13
212_3_835_510_0.914.png,15
212_3_835_510_0.914.png,1
212_3_835_510_0.914.png,8
212_3_835_510_0.914.png,4
212_3_835_510_0.914.png,3
212_3_835_510_0.914.png,20
212_3_835_510_0.914.png,7
212_3_835_510_0.914.png,13
212_3_835_510_0.914.png,18
212_3_835_510_0.914.png,2
212_3_835_510_0.914.png,8
212_3_835_510_0.914.png,2
212_3_835_510_0.914.png,20
212_3_835_510_0.914.png,22
212_3_835_510_0.914.png,9
212_3_835_510_0.914.png,18
212_3_835_510_0.914.png,6
212_3_835_510_0.914.png,10
212_3_835_510_0.914.png,11
212_3_835_510_0.914.png,16
212_3_835_510_0.914.png,14
212_3_835_510_0.914.png,23
212_3_835_510_0.914.png,14
212_3_835_510_0.914.png,15
212_3_835_510_0.914.png,16
212_3_835_510_0.914.png,3
212_3_835_510_0.914.png,19
212_3_835_510_0.914.png,12
212_3_835_510_0.914.png,6
212_3_835_510_0.914.png,17
212_3_835_510_0.914.png,7
212_3_835_510_0.914.png,17
212_3_835_510_0.914.png,10
212_3_835_510_0.914.png,24
212_3_835_510_0.914.png,1
212_3_835_510_0.914.png,21
212_3_835_510_0.914.png,5
212_3_835_510_0.914.png,9
212_3_835_510_0.914.png,21
212_3_835_510_0.914.png,5
212_3_835_510_0.914.png,10
212_3_835_510_0.914.png,20
212_3_835_510_0.914.png,2
212_3_835_510_0.914.png,3
212_3_835_510_0.914.png,9
212_3_835_510_0.914.png,11
212_3_835_510_0.914.png,16
212_3_835_510_0.914.png,17
212_3_835_510_0.914.png,9
212_3_835_510_0.914.png,4
212_3_835_510_0.914.png,19
212_3_835_510_0.914.png,12
212_3_835_510_0.914.png,16
212_3_835_510_0.914.png,7
212_3_835_510_0.914.png,15
212_3_835_510_0.914.png,12
212_3_835_510_0.914.png,4
212_3_835_510_0.914.png,22
212_3_835_510_0.914.png,11
212_3_835_510_0.914.png,5
212_3_835_510_0.914.png,13
212_3_835_510_0.914.png,2
212_3_835_510_0.914.png,8
212_3_835_510_0.914.png,18
212_3_835_510_0.914.png,12
212_3_835_510_0.914.png,15
212_3_835_510_0.914.png,23
212_3_835_510_0.914.png,3
212_3_835_510_0.914.png,17
212_3_835_510_0.914.png,8
212_3_835_510_0.914.png,18
212_3_835_510_0.914.png,14
212_3_835_510_0.914.png,14
212_3_835_510_0.914.png,19
212_3_835_510_0.914.png,20
212_3_835_510_0.914.png,21
212_3_835_510_0.914.png,13
212_3_835_510_0.914.png,22
212_3_835_510_0.914.png,5
212_3_835_510_0.914.png,6
212_3_835_510_0.914.png,4
212_3_835_510_0.914.png,1
212_3_835_510_0.914.png,7
212_3_835_510_0.914.png,10
212_3_835_510_0.914.png,1
212_3_835_510_0.914.png,24
212_3_835_510_0.914.png,22
212_3_835_510_0.914.png,21
236_2_1031_543_0.465.png,12
236_2_1031_543_0.465.png,13
236_2_1031_543_0.465.png,1
236_2_1031_543_0.465.png,13
236_2_1031_543_0.465.png,19
236_2_1031_543_0.465.png,5
236_2_1031_543_0.465.png,16
236_2_1031_543_0.465.png,11
236_2_1031_543_0.465.png,2
236_2_1031_543_0.465.png,3
236_2_1031_543_0.465.png,8
236_2_1031_543_0.465.png,4
236_2_1031_543_0.465.png,22
236_2_1031_543_0.465.png,4
236_2_1031_543_0.465.png,12
236_2_1031_543_0.465.png,17
236_2_1031_543_0.465.png,3
236_2_1031_543_0.465.png,5
236_2_1031_543_0.465.png,11
236_2_1031_543_0.465.png,14
236_2_1031_543_0.465.png,9
236_2_1031_543_0.465.png,22
236_2_1031_543_0.465.png,7
236_2_1031_543_0.465.png,18
236_2_1031_543_0.465.png,21
236_2_1031_543_0.465.png,24
236_2_1031_543_0.465.png,6
236_2_1031_543_0.465.png,2
236_2_1031_543_0.465.png,21
236_2_1031_543_0.465.png,15
236_2_1031_543_0.465.png,20
236_2_1031_543_0.465.png,23
236_2_1031_543_0.465.png,10
236_2_1031_543_0.465.png,1
255_2_982_576_0.870.png,7
255_2_982_576_0.870.png,7
255_2_982_576_0.870.png,5
255_2_982_576_0.870.png,6
255_2_982_576_0.870.png,10
255_2_982_576_0.870.png,12
255_2_982_576_0.870.png,12
255_2_982_576_0.870.png,20
255_2_982_576_0.870.png,4
255_2_982_576_0.870.png,9
255_2_982_576_0.870.png,6
255_2_982_576_0.870.png,8
255_2_982_576_0.870.png,14
255_2_982_576_0.870.png,15
255_2_982_576_0.870.png,18
255_2_982_576_0.870.png,20
255_2_982_576_0.870.png,10
255_2_982_576_0.870.png,23
255_2_982_576_0.870.png,13
255_2_982_576_0.870.png,17
255_2_982_576_0.870.png,13
255_2_982_576_0.870.png,3
255_2_982_576_0.870.png,3
255_2_982_576_0.870.png,18
255_2_982_576_0.870.png,19
255_2_982_576_0.870.png,5
255_2_982_576_0.870.png,15
255_2_982_576_0.870.png,1
255_2_982_576_0.870.png,8
255_2_982_576_0.870.png,4
255_2_982_576_0.870.png,14
255_2_982_576_0.870.png,11
255_2_982_576_0.870.png,24
255_2_982_576_0.870.png,19
255_2_982_576_0.870.png,2
255_2_982_576_0.870.png,22
255_2_982_576_0.870.png,22
255_2_982_576_0.870.png,21
255_2_982_576_0.870.png,9
255_2_982_576_0.870.png,16
122_1_345_378_0.691.png,17
122_1_345_378_0.691.png,22
122_1_345_378_0.691.png,20
122_1_345_378_0.691.png,10
122_1_345_378_0.691.png,4
122_1_345_378_0.691.png,17
122_1_345_378_0.691.png,19
122_1_345_378_0.691.png,8
122_1_345_378_0.691.png,20
122_1_345_378_0.691.png,21
122_1_345_378_0.691.png,5
122_1_345_378_0.691.png,1
122_1_345_378_0.691.png,18
122_1_345_378_0.691.png,18
122_1_345_378_0.691.png,2
122_1_345_378_0.691.png,12
122_1_345_378_0.691.png,7
122_1_345_378_0.691.png,21
122_1_345_378_0.691.png,14
122_1_345_378_0.691.png,6
122_1_345_378_0.691.png,11
122_1_345_378_0.691.png,2
122_1_345_378_0.691.png,15
122_1_345_378_0.691.png,16
122_1_345_378_0.691.png,13
122_1_345_378_0.691.png,8
122_1_345_378_0.691.png,6
122_1_345_378_0.691.png,9
122_1_345_378_0.691.png,22
122_1_345_378_0.691.png,3
122_1_345_378_0.691.png,19
122_1_345_378_0.691.png,16
122_1_345_378_0.691.png,23
122_1_345_378_0.691.png,14
122_1_345_378_0.691.png,13
122_1_345_378_0.691.png,5
122_1_345_378_0.691.png,11
122_1_345_378_0.691.png,12
122_1_345_378_0.691.png,1
122_1_345_378_0.691.png,24
122_1_345_378_0.691.png,7
122_1_345_378_0.691.png,3
122_1_345_378_0.691.png,9
122_1_345_378_0.691.png,4
122_1_345_378_0.691.png,15
106_3_541_345_0.823.png,1
106_3_541_345_0.823.png,14
106_3_541_345_0.823.png,9
106_3_541_345_0.823.png,2
106_3_541_345_0.823.png,13
106_3_541_345_0.823.png,3
106_3_541_345_0.823.png,17
106_3_541_345_0.823.png,14
106_3_541_345_0.823.png,6
106_3_541_345_0.823.png,3
106_3_541_345_0.823.png,21
106_3_541_345_0.823.png,8
106_3_541_345_0.823.png,10
106_3_541_345_0.823.png,4
106_3_541_345_0.823.png,12
106_3_541_345_0.823.png,5
106_3_541_345_0.823.png,1
106_3_541_345_0.823.png,23
106_3_541_345_0.823.png,20
106_3_541_345_0.823.png,7
106_3_541_345_0.823.png,13
106_3_541_345_0.823.png,12
106_3_541_345_0.823.png,16
106_3_541_345_0.823.png,5
106_3_541_345_0.823.png,20
106_3_541_345_0.823.png,2
106_3_541_345_0.823.png,11
106_3_541_345_0.823.png,6
106_3_541_345_0.823.png,18
106_3_541_345_0.823.png,18
106_3_541_345_0.823.png,22
106_3_541_345_0.823.png,15
106_3_541_345_0.823.png,21
106_3_541_345_0.823.png,7
106_3_541_345_0.823.png,19
106_3_541_345_0.823.png,22
106_3_541_345_0.823.png,10
106_3_541_345_0.823.png,17
106_3_541_345_0.823.png,15
34_4_933_213_0.550.png,12
34_4_933_213_0.550.png,1
34_4_933_213_0.550.png,18
34_4_933_213_0.550.png,4
34_4_933_213_0.550.png,19
34_4_933_213_0.550.png,11
34_4_933_213_0.550.png,10
34_4_933_213_0.550.png,10
34_4_933_213_0.550.png,12
34_4_933_213_0.550.png,6
34_4_933_213_0.550.png,6
34_4_933_213_0.550.png,3
34_4_933_213_0.550.png,7
34_4_933_213_0.550.png,14
34_4_933_213_0.550.png,7
34_4_933_213_0.550.png,8
34_4_933_213_0.550.png,3
34_4_933_213_0.550.png,16
34_4_933_213_0.550.png,23
34_4_933_213_0.550.png,17
34_4_933_213_0.550.png,22
34_4_933_213_0.550.png,5
34_4_933_213_0.550.png,20
34_4_933_213_0.550.png,18
34_4_933_213_0.550.png,17
34_4_933_213_0.550.png,15
34_4_933_213_0.550.png,8
34_4_933_213_0.550.png,15
34_4_933_213_0.550.png,13
34_4_933_213_0.550.png,2
34_4_933_213_0.550.png,4
34_4_933_213_0.550.png,16
34_4_933_213_0.550.png,9
34_4_933_213_0.550.png,9
34_4_933_213_0.550.png,24
34_4_933_213_0.550.png,5
34_4_933_213_0.550.png,19
34_4_933_213_0.550.png,20
34_4_933_213_0.550.png,21
34_4_933_213_0.550.png,22
34_4_933_213_0.550.png,21
34_4_933_213_0.550.png,13
34_4_933_213_0.550.png,14
34_4_933_213_0.550.png,2
34_4_933_213_0.550.png,11
34_4_933_213_0.550.png,1
104_2_443_345_0.715.png,1
104_2_443_345_0.715.png,23
104_2_443_345_0.715.png,1
104_2_443_345_0.715.png,20
104_2_443_345_0.715.png,16
104_2_443_345_0.715.png,6
104_2_443_345_0.715.png,12
104_2_443_345_0.715.png,21
104_2_443_345_0.715.png,13
104_2_443_345_0.715.png,17
104_2_443_345_0.715.png,3
104_2_443_345_0.715.png,4
104_2_443_345_0.715.png,4
104_2_443_345_0.715.png,5
104_2_443_345_0.715.png,11
104_2_443_345_0.715.png,3
104_2_443_345_0.715.png,10
104_2_443_345_0.715.png,19
104_2_443_345_0.715.png,6
104_2_443_345_0.715.png,16
104_2_443_345_0.715.png,5
104_2_443_345_0.715.png,9
104_2_443_345_0.715.png,7
104_2_443_345_0.715.png,15
104_2_443_345_0.715.png,9
104_2_443_345_0.715.png,8
104_2_443_345_0.715.png,14
104_2_443_345_0.715.png,13
104_2_443_345_0.715.png,21
104_2_443_345_0.715.png,15
104_2_443_345_0.715.png,19
104_2_443_345_0.715.png,17
104_2_443_345_0.715.png,22
104_2_443_345_0.715.png,18
104_2_443_345_0.715.png,7
104_2_443_345_0.715.png,10
104_2_443_345_0.715.png,11
104_2_443_345_0.715.png,18
104_2_443_345_0.715.png,22
104_2_443_345_0.715.png,20
104_2_443_345_0.715.png,2
104_2_443_345_0.715.png,12
104_2_443_345_0.715.png,23
104_2_443_345_0.715.png,8
104_2_443_345_0.715.png,2
104_2_443_345_0.715.png,14
105_8_492_345_0.721.png,1
105_8_492_345_0.721.png,18
105_8_492_345_0.721.png,10
105_8_492_345_0.721.png,15
105_8_492_345_0.721.png,8
105_8_492_345_0.721.png,2
105_8_492_345_0.721.png,21
105_8_492_345_0.721.png,17
105_8_492_345_0.721.png,5
105_8_492_345_0.721.png,3
105_8_492_345_0.721.png,11
105_8_492_345_0.721.png,13
105_8_492_345_0.721.png,21
105_8_492_345_0.721.png,16
105_8_492_345_0.721.png,19
105_8_492_345_0.721.png,5
105_8_492_345_0.721.png,16
105_8_492_345_0.721.png,13
105_8_492_345_0.721.png,12
105_8_492_345_0.721.png,14
105_8_492_345_0.721.png,2
105_8_492_345_0.721.png,3
105_8_492_345_0.721.png,9
105_8_492_345_0.721.png,1
105_8_492_345_0.721.png,18
105_8_492_345_0.721.png,15
105_8_492_345_0.721.png,4
105_8_492_345_0.721.png,23
105_8_492_345_0.721.png,11
105_8_492_345_0.721.png,21
105_8_492_345_0.721.png,7
105_8_492_345_0.721.png,17
105_8_492_345_0.721.png,6
105_8_492_345_0.721.png,4
105_8_492_345_0.721.png,23
105_8_492_345_0.721.png,19
105_8_492_345_0.721.png,7
105_8_492_345_0.721.png,9
105_8_492_345_0.721.png,15
132_4_835_378_0.791.png,2
132_4_835_378_0.791.png,8
132_4_835_378_0.791.png,18
132_4_835_378_0.791.png,12
132_4_835_378_0.791.png,5
132_4_835_378_0.791.png,21
132_4_835_378_0.791.png,17
132_4_835_378_0.791.png,5
132_4_835_378_0.791.png,20
132_4_835_378_0.791.png,13
132_4_835_378_0.791.png,10
132_4_835_378_0.791.png,9
132_4_835_378_0.791.png,19
132_4_835_378_0.791.png,22
132_4_835_378_0.791.png,9
132_4_835_378_0.791.png,20
132_4_835_378_0.791.png,22
132_4_835_378_0.791.png,14
132_4_835_378_0.791.png,18
132_4_835_378_0.791.png,4
132_4_835_378_0.791.png,15
132_4_835_378_0.791.png,17
132_4_835_378_0.791.png,23
132_4_835_378_0.791.png,6
132_4_835_378_0.791.png,4
132_4_835_378_0.791.png,13
132_4_835_378_0.791.png,8
132_4_835_378_0.791.png,3
132_4_835_378_0.791.png,19
132_4_835_378_0.791.png,16
132_4_835_378_0.791.png,3
132_4_835_378_0.791.png,14
132_4_835_378_0.791.png,7
132_4_835_378_0.791.png,6
132_4_835_378_0.791.png,1
132_4_835_378_0.791.png,15
132_4_835_378_0.791.png,7
132_4_835_378_0.791.png,1
132_4_835_378_0.791.png,11
132_4_835_378_0.791.png,16
132_4_835_378_0.791.png,23
132_4_835_378_0.791.png,2
136_2_1031_378_0.865.png,1
136_2_1031_378_0.865.png,9
136_2_1031_378_0.865.png,5
136_2_1031_378_0.865.png,20
136_2_1031_378_0.865.png,15
136_2_1031_378_0.865.png,21
136_2_1031_378_0.865.png,21
136_2_1031_378_0.865.png,22
136_2_1031_378_0.865.png,22
136_2_1031_378_0.865.png,15
136_2_1031_378_0.865.png,10
136_2_1031_378_0.865.png,16
136_2_1031_378_0.865.png,23
136_2_1031_378_0.865.png,4
136_2_1031_378_0.865.png,9
136_2_1031_378_0.865.png,7
136_2_1031_378_0.865.png,19
136_2_1031_378_0.865.png,18
136_2_1031_378_0.865.png,13
136_2_1031_378_0.865.png,11
136_2_1031_378_0.865.png,17
136_2_1031_378_0.865.png,16
136_2_1031_378_0.865.png,5
136_2_1031_378_0.865.png,2
136_2_1031_378_0.865.png,23
136_2_1031_378_0.865.png,19
136_2_1031_378_0.865.png,7
136_2_1031_378_0.865.png,3
136_2_1031_378_0.865.png,12
136_2_1031_378_0.865.png,8
136_2_1031_378_0.865.png,11
136_2_1031_378_0.865.png,4
136_2_1031_378_0.865.png,20
136_2_1031_378_0.865.png,6
136_2_1031_378_0.865.png,17
136_2_1031_378_0.865.png,13
136_2_1031_378_0.865.png,10
136_2_1031_378_0.865.png,2
136_2_1031_378_0.865.png,14
136_2_1031_378_0.865.png,12
136_2_1031_378_0.865.png,3
136_2_1031_378_0.865.png,14
136_2_1031_378_0.865.png,8
136_2_1031_378_0.865.png,6
136_2_1031_378_0.865.png,18
136_2_1031_378_0.865.png,1
178_4_1129_444_0.858.png,2
178_4_1129_444_0.858.png,22
178_4_1129_444_0.858.png,15
178_4_1129_444_0.858.png,6
178_4_1129_444_0.858.png,11
178_4_1129_444_0.858.png,20
178_4_1129_444_0.858.png,22
178_4_1129_444_0.858.png,9
178_4_1129_444_0.858.png,23
178_4_1129_444_0.858.png,4
178_4_1129_444_0.858.png,2
178_4_1129_444_0.858.png,4
178_4_1129_444_0.858.png,13
178_4_1129_444_0.858.png,18
178_4_1129_444_0.858.png,12
178_4_1129_444_0.858.png,14
178_4_1129_444_0.858.png,12
178_4_1129_444_0.858.png,1
178_4_1129_444_0.858.png,9
178_4_1129_444_0.858.png,16
178_4_1129_444_0.858.png,7
178_4_1129_444_0.858.png,5
178_4_1129_444_0.858.png,21
178_4_1129_444_0.858.png,19
178_4_1129_444_0.858.png,17
178_4_1129_444_0.858.png,23
178_4_1129_444_0.858.png,15
178_4_1129_444_0.858.png,5
178_4_1129_444_0.858.png,14
178_4_1129_444_0.858.png,10
178_4_1129_444_0.858.png,8
178_4_1129_444_0.858.png,6
178_4_1129_444_0.858.png,21
178_4_1129_444_0.858.png,3
178_4_1129_444_0.858.png,13
178_4_1129_444_0.858.png,20
178_4_1129_444_0.858.png,19
178_4_1129_444_0.858.png,16
178_4_1129_444_0.858.png,18
178_4_1129_444_0.858.png,10
178_4_1129_444_0.858.png,1
178_4_1129_444_0.858.png,8
178_4_1129_444_0.858.png,3
178_4_1129_444_0.858.png,7
178_4_1129_444_0.858.png,11
178_4_1129_444_0.858.png,17
215_4_982_510_0.877.png,23
215_4_982_510_0.877.png,12
215_4_982_510_0.877.png,9
215_4_982_510_0.877.png,23
215_4_982_510_0.877.png,5
215_4_982_510_0.877.png,20
215_4_982_510_0.877.png,21
215_4_982_510_0.877.png,5
215_4_982_510_0.877.png,1
215_4_982_510_0.877.png,2
215_4_982_510_0.877.png,7
215_4_982_510_0.877.png,18
215_4_982_510_0.877.png,18
215_4_982_510_0.877.png,8
215_4_982_510_0.877.png,10
215_4_982_510_0.877.png,16
215_4_982_510_0.877.png,9
215_4_982_510_0.877.png,17
215_4_982_510_0.877.png,20
215_4_982_510_0.877.png,12
215_4_982_510_0.877.png,13
215_4_982_510_0.877.png,15
215_4_982_510_0.877.png,16
215_4_982_510_0.877.png,1
215_4_982_510_0.877.png,22
215_4_982_510_0.877.png,8
215_4_982_510_0.877.png,7
215_4_982_510_0.877.png,11
215_4_982_510_0.877.png,3
215_4_982_510_0.877.png,14
215_4_982_510_0.877.png,3
215_4_982_510_0.877.png,11
215_4_982_510_0.877.png,17
215_4_982_510_0.877.png,19
215_4_982_510_0.877.png,4
215_4_982_510_0.877.png,19
215_4_982_510_0.877.png,10
215_4_982_510_0.877.png,15
215_4_982_510_0.877.png,6
215_4_982_510_0.877.png,4
215_4_982_510_0.877.png,22
215_4_982_510_0.877.png,14
215_4_982_510_0.877.png,6
215_4_982_510_0.877.png,21
215_4_982_510_0.877.png,13
215_4_982_510_0.877.png,2
231_3_786_543_0.640.png,14
231_3_786_543_0.640.png,11
231_3_786_543_0.640.png,5
231_3_786_543_0.640.png,18
231_3_786_543_0.640.png,4
231_3_786_543_0.640.png,15
231_3_786_543_0.640.png,13
231_3_786_543_0.640.png,3
231_3_786_543_0.640.png,23
231_3_786_543_0.640.png,13
231_3_786_543_0.640.png,20
231_3_786_543_0.640.png,12
231_3_786_543_0.640.png,14
231_3_786_543_0.640.png,2
231_3_786_543_0.640.png,2
231_3_786_543_0.640.png,17
231_3_786_543_0.640.png,20
231_3_786_543_0.640.png,23
231_3_786_543_0.640.png,8
231_3_786_543_0.640.png,19
231_3_786_543_0.640.png,21
231_3_786_543_0.640.png,7
231_3_786_543_0.640.png,21
231_3_786_543_0.640.png,7
231_3_786_543_0.640.png,9
231_3_786_543_0.640.png,1
231_3_786_543_0.640.png,12
231_3_786_543_0.640.png,8
231_3_786_543_0.640.png,1
231_3_786_543_0.640.png,22
231_3_786_543_0.640.png,22
231_3_786_543_0.640.png,18
231_3_786_543_0.640.png,11
231_3_786_543_0.640.png,6
231_3_786_543_0.640.png,10
231_3_786_543_0.640.png,17
231_3_786_543_0.640.png,16
231_3_786_543_0.640.png,6
231_3_786_543_0.640.png,3
231_3_786_543_0.640.png,19
231_3_786_543_0.640.png,9
231_3_786_543_0.640.png,5
231_3_786_543_0.640.png,10
231_3_786_543_0.640.png,4
231_3_786_543_0.640.png,16
231_3_786_543_0.640.png,15
254_7_933_576_0.580.png,3
254_7_933_576_0.580.png,9
254_7_933_576_0.580.png,4
254_7_933_576_0.580.png,19
254_7_933_576_0.580.png,22
254_7_933_576_0.580.png,12
254_7_933_576_0.580.png,11
254_7_933_576_0.580.png,10
254_7_933_576_0.580.png,22
254_7_933_576_0.580.png,18
254_7_933_576_0.580.png,19
254_7_933_576_0.580.png,20
254_7_933_576_0.580.png,5
254_7_933_576_0.580.png,8
254_7_933_576_0.580.png,10
254_7_933_576_0.580.png,13
254_7_933_576_0.580.png,20
254_7_933_576_0.580.png,23
254_7_933_576_0.580.png,6
254_7_933_576_0.580.png,5
254_7_933_576_0.580.png,7
254_7_933_576_0.580.png,23
254_7_933_576_0.580.png,21
254_7_933_576_0.580.png,13
254_7_933_576_0.580.png,18
254_7_933_576_0.580.png,15
254_7_933_576_0.580.png,4
254_7_933_576_0.580.png,2
254_7_933_576_0.580.png,2
254_7_933_576_0.580.png,1
254_7_933_576_0.580.png,6
254_7_933_576_0.580.png,7
254_7_933_576_0.580.png,1
254_7_933_576_0.580.png,11
254_7_933_576_0.580.png,21
254_7_933_576_0.580.png,3
254_7_933_576_0.580.png,8
254_7_933_576_0.580.png,14
254_7_933_576_0.580.png,9
254_7_933_576_0.580.png,17
254_7_933_576_0.580.png,14
254_7_933_576_0.580.png,16
254_7_933_576_0.580.png,15
254_7_933_576_0.580.png,18
254_7_933_576_0.585.png,8
254_7_933_576_0.585.png,3
254_7_933_576_0.585.png,3
254_7_933_576_0.585.png,9
254_7_933_576_0.585.png,13
254_7_933_576_0.585.png,14
254_7_933_576_0.585.png,2
254_7_933_576_0.585.png,2
254_7_933_576_0.585.png,18
254_7_933_576_0.585.png,16
254_7_933_576_0.585.png,22
254_7_933_576_0.585.png,17
254_7_933_576_0.585.png,22
254_7_933_576_0.585.png,16
254_7_933_576_0.585.png,13
254_7_933_576_0.585.png,10
254_7_933_576_0.585.png,23
254_7_933_576_0.585.png,18
254_7_933_576_0.585.png,11
254_7_933_576_0.585.png,17
254_7_933_576_0.585.png,15
254_7_933_576_0.585.png,21
254_7_933_576_0.585.png,14
254_7_933_576_0.585.png,8
254_7_933_576_0.585.png,6
254_7_933_576_0.585.png,20
254_7_933_576_0.585.png,9
254_7_933_576_0.585.png,4
254_7_933_576_0.585.png,6
254_7_933_576_0.585.png,16
254_7_933_576_0.585.png,20
254_7_933_576_0.585.png,7
254_7_933_576_0.585.png,1
254_7_933_576_0.585.png,5
254_7_933_576_0.585.png,11
254_7_933_576_0.585.png,23
254_7_933_576_0.585.png,12
254_7_933_576_0.585.png,10
254_7_933_576_0.585.png,7
254_7_933_576_0.585.png,19
254_7_933_576_0.585.png,5
254_7_933_576_0.585.png,1
254_7_933_576_0.585.png,4
254_7_933_576_0.585.png,12
254_7_933_576_0.585.png,21
254_7_933_576_0.585.png,19
40_1_247_246_0.592.png,23
40_1_247_246_0.592.png,8
40_1_247_246_0.592.png,14
40_1_247_246_0.592.png,5
40_1_247_246_0.592.png,21
40_1_247_246_0.592.png,4
40_1_247_246_0.592.png,2
40_1_247_246_0.592.png,11
40_1_247_246_0.592.png,7
40_1_247_246_0.592.png,13
40_1_247_246_0.592.png,15
40_1_247_246_0.592.png,12
40_1_247_246_0.592.png,5
40_1_247_246_0.592.png,20
40_1_247_246_0.592.png,4
40_1_247_246_0.592.png,11
40_1_247_246_0.592.png,16
40_1_247_246_0.592.png,9
40_1_247_246_0.592.png,1
40_1_247_246_0.592.png,21
40_1_247_246_0.592.png,20
40_1_247_246_0.592.png,10
40_1_247_246_0.592.png,13
40_1_247_246_0.592.png,17
40_1_247_246_0.592.png,23
40_1_247_246_0.592.png,2
40_1_247_246_0.592.png,14
40_1_247_246_0.592.png,10
40_1_247_246_0.592.png,18
40_1_247_246_0.592.png,16
40_1_247_246_0.592.png,7
40_1_247_246_0.592.png,19
40_1_247_246_0.592.png,22
40_1_247_246_0.592.png,22
40_1_247_246_0.592.png,18
40_1_247_246_0.592.png,3
40_1_247_246_0.592.png,12
40_1_247_246_0.592.png,17
40_1_247_246_0.592.png,6
40_1_247_246_0.592.png,6
40_1_247_246_0.592.png,15
40_1_247_246_0.592.png,19
40_1_247_246_0.592.png,3
40_1_247_246_0.592.png,14
40_1_247_246_0.592.png,9
40_1_247_246_0.592.png,1
95_3_982_312_0.842.png,6
95_3_982_312_0.842.png,1
95_3_982_312_0.842.png,16
95_3_982_312_0.842.png,22
95_3_982_312_0.842.png,2
95_3_982_312_0.842.png,15
95_3_982_312_0.842.png,15
95_3_982_312_0.842.png,5
95_3_982_312_0.842.png,5
95_3_982_312_0.842.png,13
95_3_982_312_0.842.png,8
95_3_982_312_0.842.png,9
95_3_982_312_0.842.png,11
95_3_982_312_0.842.png,4
95_3_982_312_0.842.png,19
95_3_982_312_0.842.png,3
95_3_982_312_0.842.png,17
95_3_982_312_0.842.png,10
95_3_982_312_0.842.png,19
95_3_982_312_0.842.png,7
95_3_982_312_0.842.png,1
95_3_982_312_0.842.png,18
95_3_982_312_0.842.png,21
95_3_982_312_0.842.png,23
95_3_982_312_0.842.png,10
95_3_982_312_0.842.png,4
95_3_982_312_0.842.png,20
95_3_982_312_0.842.png,21
95_3_982_312_0.842.png,9
95_3_982_312_0.842.png,20
95_3_982_312_0.842.png,8
95_3_982_312_0.842.png,2
95_3_982_312_0.842.png,3
95_3_982_312_0.842.png,7
95_3_982_312_0.842.png,14
95_3_982_312_0.842.png,18
95_3_982_312_0.842.png,11
95_3_982_312_0.842.png,23
95_3_982_312_0.842.png,16
95_3_982_312_0.842.png,12
95_3_982_312_0.842.png,14
95_3_982_312_0.842.png,6
95_3_982_312_0.842.png,17
95_3_982_312_0.842.png,22
95_3_982_312_0.842.png,13
95_3_982_312_0.842.png,12
82_1_345_312_0.748.png,14
82_1_345_312_0.748.png,10
82_1_345_312_0.748.png,23
82_1_345_312_0.748.png,22
82_1_345_312_0.748.png,12
82_1_345_312_0.748.png,19
82_1_345_312_0.748.png,7
82_1_345_312_0.748.png,21
82_1_345_312_0.748.png,5
82_1_345_312_0.748.png,9
82_1_345_312_0.748.png,3
82_1_345_312_0.748.png,1
82_1_345_312_0.748.png,16
82_1_345_312_0.748.png,22
82_1_345_312_0.748.png,17
82_1_345_312_0.748.png,16
82_1_345_312_0.748.png,11
82_1_345_312_0.748.png,9
82_1_345_312_0.748.png,17
82_1_345_312_0.748.png,3
82_1_345_312_0.748.png,8
82_1_345_312_0.748.png,6
82_1_345_312_0.748.png,19
82_1_345_312_0.748.png,20
82_1_345_312_0.748.png,5
82_1_345_312_0.748.png,2
82_1_345_312_0.748.png,1
82_1_345_312_0.748.png,13
82_1_345_312_0.748.png,2
82_1_345_312_0.748.png,14
82_1_345_312_0.748.png,11
82_1_345_312_0.748.png,6
82_1_345_312_0.748.png,7
82_1_345_312_0.748.png,13
82_1_345_312_0.748.png,10
82_1_345_312_0.748.png,15
82_1_345_312_0.748.png,4
82_1_345_312_0.748.png,18
82_1_345_312_0.748.png,21
82_1_345_312_0.748.png,12
82_1_345_312_0.748.png,23
82_1_345_312_0.748.png,4
82_1_345_312_0.748.png,8
82_1_345_312_0.748.png,20
82_1_345_312_0.748.png,15
82_1_345_312_0.748.png,18
84_2_443_312_0.901.png,9
84_2_443_312_0.901.png,15
84_2_443_312_0.901.png,19
84_2_443_312_0.901.png,10
84_2_443_312_0.901.png,14
84_2_443_312_0.901.png,9
84_2_443_312_0.901.png,19
84_2_443_312_0.901.png,3
84_2_443_312_0.901.png,17
84_2_443_312_0.901.png,7
84_2_443_312_0.901.png,22
84_2_443_312_0.901.png,6
84_2_443_312_0.901.png,16
84_2_443_312_0.901.png,20
84_2_443_312_0.901.png,12
84_2_443_312_0.901.png,2
84_2_443_312_0.901.png,16
84_2_443_312_0.901.png,1
84_2_443_312_0.901.png,1
84_2_443_312_0.901.png,22
84_2_443_312_0.901.png,18
84_2_443_312_0.901.png,8
84_2_443_312_0.901.png,8
84_2_443_312_0.901.png,12
84_2_443_312_0.901.png,23
84_2_443_312_0.901.png,20
84_2_443_312_0.901.png,10
84_2_443_312_0.901.png,4
84_2_443_312_0.901.png,7
84_2_443_312_0.901.png,5
84_2_443_312_0.901.png,11
84_2_443_312_0.901.png,13
84_2_443_312_0.901.png,6
84_2_443_312_0.901.png,3
84_2_443_312_0.901.png,17
84_2_443_312_0.901.png,5
84_2_443_312_0.901.png,13
84_2_443_312_0.901.png,15
84_2_443_312_0.901.png,14
84_2_443_312_0.901.png,18
84_2_443_312_0.901.png,11
84_2_443_312_0.901.png,2
84_2_443_312_0.901.png,4
84_2_443_312_0.901.png,23
84_2_443_312_0.901.png,21
84_2_443_312_0.901.png,21
87_1_590_312_0.630.png,10
87_1_590_312_0.630.png,20
87_1_590_312_0.630.png,22
87_1_590_312_0.630.png,3
87_1_590_312_0.630.png,13
87_1_590_312_0.630.png,14
87_1_590_312_0.630.png,12
87_1_590_312_0.630.png,9
87_1_590_312_0.630.png,18
87_1_590_312_0.630.png,20
87_1_590_312_0.630.png,6
87_1_590_312_0.630.png,22
87_1_590_312_0.630.png,11
87_1_590_312_0.630.png,13
87_1_590_312_0.630.png,5
87_1_590_312_0.630.png,16
87_1_590_312_0.630.png,7
87_1_590_312_0.630.png,6
87_1_590_312_0.630.png,14
87_1_590_312_0.630.png,17
87_1_590_312_0.630.png,17
87_1_590_312_0.630.png,3
87_1_590_312_0.630.png,1
87_1_590_312_0.630.png,21
87_1_590_312_0.630.png,21
87_1_590_312_0.630.png,8
87_1_590_312_0.630.png,16
87_1_590_312_0.630.png,5
87_1_590_312_0.630.png,23
87_1_590_312_0.630.png,23
87_1_590_312_0.630.png,19
87_1_590_312_0.630.png,1
87_1_590_312_0.630.png,4
87_1_590_312_0.630.png,8
87_1_590_312_0.630.png,7
87_1_590_312_0.630.png,2
87_1_590_312_0.630.png,2
87_1_590_312_0.630.png,12
87_1_590_312_0.630.png,4
87_1_590_312_0.630.png,19
87_1_590_312_0.630.png,10
87_1_590_312_0.630.png,11
87_1_590_312_0.630.png,9
46_2_541_246_0.805.png,16
46_2_541_246_0.805.png,10
46_2_541_246_0.805.png,14
46_2_541_246_0.805.png,8
46_2_541_246_0.805.png,21
46_2_541_246_0.805.png,6
46_2_541_246_0.805.png,13
46_2_541_246_0.805.png,17
46_2_541_246_0.805.png,19
46_2_541_246_0.805.png,21
46_2_541_246_0.805.png,20
46_2_541_246_0.805.png,1
46_2_541_246_0.805.png,23
46_2_541_246_0.805.png,7
46_2_541_246_0.805.png,4
46_2_541_246_0.805.png,8
46_2_541_246_0.805.png,1
46_2_541_246_0.805.png,16
46_2_541_246_0.805.png,18
46_2_541_246_0.805.png,19
46_2_541_246_0.805.png,5
46_2_541_246_0.805.png,23
46_2_541_246_0.805.png,4
46_2_541_246_0.805.png,17
46_2_541_246_0.805.png,22
46_2_541_246_0.805.png,18
46_2_541_246_0.805.png,12
46_2_541_246_0.805.png,10
46_2_541_246_0.805.png,9
46_2_541_246_0.805.png,12
46_2_541_246_0.805.png,15
46_2_541_246_0.805.png,22
46_2_541_246_0.805.png,20
46_2_541_246_0.805.png,11
46_2_541_246_0.805.png,9
46_2_541_246_0.805.png,6
46_2_541_246_0.805.png,3
46_2_541_246_0.805.png,2
46_2_541_246_0.805.png,2
46_2_541_246_0.805.png,15
46_2_541_246_0.805.png,14
46_2_541_246_0.805.png,13
46_2_541_246_0.805.png,11
46_2_541_246_0.805.png,7
46_2_541_246_0.805.png,5
46_2_541_246_0.805.png,3
69_4_688_279_0.781.png,16
69_4_688_279_0.781.png,19
69_4_688_279_0.781.png,4
69_4_688_279_0.781.png,7
69_4_688_279_0.781.png,20
69_4_688_279_0.781.png,19
69_4_688_279_0.781.png,18
69_4_688_279_0.781.png,6
69_4_688_279_0.781.png,8
69_4_688_279_0.781.png,3
69_4_688_279_0.781.png,7
69_4_688_279_0.781.png,18
69_4_688_279_0.781.png,21
69_4_688_279_0.781.png,22
69_4_688_279_0.781.png,6
69_4_688_279_0.781.png,14
69_4_688_279_0.781.png,5
69_4_688_279_0.781.png,20
69_4_688_279_0.781.png,8
69_4_688_279_0.781.png,17
69_4_688_279_0.781.png,13
69_4_688_279_0.781.png,14
69_4_688_279_0.781.png,15
69_4_688_279_0.781.png,23
69_4_688_279_0.781.png,3
69_4_688_279_0.781.png,2
69_4_688_279_0.781.png,4
69_4_688_279_0.781.png,10
69_4_688_279_0.781.png,15
69_4_688_279_0.781.png,11
69_4_688_279_0.781.png,9
69_4_688_279_0.781.png,12
69_4_688_279_0.781.png,22
69_4_688_279_0.781.png,9
69_4_688_279_0.781.png,21
69_4_688_279_0.781.png,17
69_4_688_279_0.781.png,23
69_4_688_279_0.781.png,13
69_4_688_279_0.781.png,5
69_4_688_279_0.781.png,11
69_4_688_279_0.781.png,12
69_4_688_279_0.781.png,1
69_4_688_279_0.781.png,10
69_4_688_279_0.781.png,1
69_4_688_279_0.781.png,16
69_4_688_279_0.781.png,2
56_3_1031_246_0.886.png,19
56_3_1031_246_0.886.png,21
56_3_1031_246_0.886.png,22
56_3_1031_246_0.886.png,13
56_3_1031_246_0.886.png,12
56_3_1031_246_0.886.png,8
56_3_1031_246_0.886.png,1
56_3_1031_246_0.886.png,19
56_3_1031_246_0.886.png,17
56_3_1031_246_0.886.png,6
56_3_1031_246_0.886.png,23
56_3_1031_246_0.886.png,3
56_3_1031_246_0.886.png,14
56_3_1031_246_0.886.png,4
56_3_1031_246_0.886.png,16
56_3_1031_246_0.886.png,13
56_3_1031_246_0.886.png,7
56_3_1031_246_0.886.png,9
56_3_1031_246_0.886.png,16
56_3_1031_246_0.886.png,3
56_3_1031_246_0.886.png,20
56_3_1031_246_0.886.png,18
56_3_1031_246_0.886.png,14
56_3_1031_246_0.886.png,7
56_3_1031_246_0.886.png,21
56_3_1031_246_0.886.png,10
56_3_1031_246_0.886.png,15
56_3_1031_246_0.886.png,15
56_3_1031_246_0.886.png,18
56_3_1031_246_0.886.png,5
56_3_1031_246_0.886.png,23
56_3_1031_246_0.886.png,2
56_3_1031_246_0.886.png,4
56_3_1031_246_0.886.png,17
56_3_1031_246_0.886.png,11
56_3_1031_246_0.886.png,5
56_3_1031_246_0.886.png,10
56_3_1031_246_0.886.png,9
56_3_1031_246_0.886.png,22
56_3_1031_246_0.886.png,11
56_3_1031_246_0.886.png,12
56_3_1031_246_0.886.png,1
56_3_1031_246_0.886.png,2
56_3_1031_246_0.886.png,20
56_3_1031_246_0.886.png,6
56_3_1031_246_0.886.png,8
225_2_492_543_0.906.png,8
225_2_492_543_0.906.png,17
225_2_492_543_0.906.png,22
225_2_492_543_0.906.png,20
225_2_492_543_0.906.png,10
225_2_492_543_0.906.png,6
225_2_492_543_0.906.png,21
225_2_492_543_0.906.png,12
225_2_492_543_0.906.png,8
225_2_492_543_0.906.png,1
225_2_492_543_0.906.png,7
225_2_492_543_0.906.png,4
225_2_492_543_0.906.png,18
225_2_492_543_0.906.png,12
225_2_492_543_0.906.png,16
225_2_492_543_0.906.png,13
225_2_492_543_0.906.png,1
225_2_492_543_0.906.png,13
225_2_492_543_0.906.png,22
225_2_492_543_0.906.png,19
225_2_492_543_0.906.png,17
225_2_492_543_0.906.png,15
225_2_492_543_0.906.png,18
225_2_492_543_0.906.png,14
225_2_492_543_0.906.png,19
225_2_492_543_0.906.png,5
225_2_492_543_0.906.png,11
225_2_492_543_0.906.png,2
225_2_492_543_0.906.png,24
225_2_492_543_0.906.png,9
225_2_492_543_0.906.png,21
225_2_492_543_0.906.png,20
225_2_492_543_0.906.png,14
225_2_492_543_0.906.png,10
225_2_492_543_0.906.png,7
225_2_492_543_0.906.png,4
225_2_492_543_0.906.png,3
225_2_492_543_0.906.png,11
225_2_492_543_0.906.png,16
225_2_492_543_0.906.png,23
225_2_492_543_0.906.png,3
225_2_492_543_0.906.png,15
225_2_492_543_0.906.png,6
225_2_492_543_0.906.png,5
225_2_492_543_0.906.png,9
225_2_492_543_0.906.png,2
191_7_786_477_0.929.png,7
191_7_786_477_0.929.png,6
191_7_786_477_0.929.png,3
191_7_786_477_0.929.png,2
191_7_786_477_0.929.png,11
191_7_786_477_0.929.png,13
191_7_786_477_0.929.png,9
191_7_786_477_0.929.png,17
191_7_786_477_0.929.png,11
191_7_786_477_0.929.png,16
191_7_786_477_0.929.png,13
191_7_786_477_0.929.png,1
191_7_786_477_0.929.png,5
191_7_786_477_0.929.png,24
191_7_786_477_0.929.png,20
191_7_786_477_0.929.png,19
191_7_786_477_0.929.png,5
191_7_786_477_0.929.png,10
191_7_786_477_0.929.png,8
191_7_786_477_0.929.png,4
191_7_786_477_0.929.png,18
191_7_786_477_0.929.png,21
191_7_786_477_0.929.png,3
191_7_786_477_0.929.png,7
191_7_786_477_0.929.png,18
191_7_786_477_0.929.png,6
191_7_786_477_0.929.png,20
191_7_786_477_0.929.png,12
191_7_786_477_0.929.png,15
191_7_786_477_0.929.png,12
191_7_786_477_0.929.png,19
191_7_786_477_0.929.png,14
191_7_786_477_0.929.png,15
191_7_786_477_0.929.png,17
191_7_786_477_0.929.png,2
191_7_786_477_0.929.png,16
191_7_786_477_0.929.png,1
191_7_786_477_0.929.png,8
191_7_786_477_0.929.png,9
191_7_786_477_0.929.png,10
191_7_786_477_0.929.png,14
191_7_786_477_0.929.png,23
191_7_786_477_0.929.png,22
191_7_786_477_0.929.png,4
191_7_786_477_0.929.png,21
191_7_786_477_0.929.png,22
217_1_1080_510_0.517.png,1
217_1_1080_510_0.517.png,10
217_1_1080_510_0.517.png,7
217_1_1080_510_0.517.png,5
217_1_1080_510_0.517.png,1
217_1_1080_510_0.517.png,12
217_1_1080_510_0.517.png,17
217_1_1080_510_0.517.png,21
217_1_1080_510_0.517.png,13
217_1_1080_510_0.517.png,21
217_1_1080_510_0.517.png,7
217_1_1080_510_0.517.png,19
217_1_1080_510_0.517.png,22
217_1_1080_510_0.517.png,5
217_1_1080_510_0.517.png,8
217_1_1080_510_0.517.png,8
217_1_1080_510_0.517.png,6
217_1_1080_510_0.517.png,17
217_1_1080_510_0.517.png,20
217_1_1080_510_0.517.png,6
217_1_1080_510_0.517.png,13
217_1_1080_510_0.517.png,14
217_1_1080_510_0.517.png,4
217_1_1080_510_0.517.png,10
217_1_1080_510_0.517.png,15
217_1_1080_510_0.517.png,11
217_1_1080_510_0.517.png,16
217_1_1080_510_0.517.png,9
217_1_1080_510_0.517.png,9
217_1_1080_510_0.517.png,12
217_1_1080_510_0.517.png,3
217_1_1080_510_0.517.png,18
217_1_1080_510_0.517.png,20
217_1_1080_510_0.517.png,2
217_1_1080_510_0.517.png,2
217_1_1080_510_0.517.png,22
217_1_1080_510_0.517.png,16
217_1_1080_510_0.517.png,4
232_3_835_543_0.503.png,7
232_3_835_543_0.503.png,8
232_3_835_543_0.503.png,5
232_3_835_543_0.503.png,23
232_3_835_543_0.503.png,11
232_3_835_543_0.503.png,14
232_3_835_543_0.503.png,10
232_3_835_543_0.503.png,2
232_3_835_543_0.503.png,15
232_3_835_543_0.503.png,17
232_3_835_543_0.503.png,19
232_3_835_543_0.503.png,9
232_3_835_543_0.503.png,16
232_3_835_543_0.503.png,6
232_3_835_543_0.503.png,1
232_3_835_543_0.503.png,17
232_3_835_543_0.503.png,22
232_3_835_543_0.503.png,12
232_3_835_543_0.503.png,1
232_3_835_543_0.503.png,20
232_3_835_543_0.503.png,21
232_3_835_543_0.503.png,18
232_3_835_543_0.503.png,15
232_3_835_543_0.503.png,19
232_3_835_543_0.503.png,16
232_3_835_543_0.503.png,14
232_3_835_543_0.503.png,7
232_3_835_543_0.503.png,9
232_3_835_543_0.503.png,12
232_3_835_543_0.503.png,3
232_3_835_543_0.503.png,11
232_3_835_543_0.503.png,6
232_3_835_543_0.503.png,10
232_3_835_543_0.503.png,13
232_3_835_543_0.503.png,8
232_3_835_543_0.503.png,24
232_3_835_543_0.503.png,3
232_3_835_543_0.503.png,4
232_3_835_543_0.503.png,4
232_3_835_543_0.503.png,20
232_3_835_543_0.503.png,18
232_3_835_543_0.503.png,2
232_3_835_543_0.503.png,13
232_3_835_543_0.503.png,22
232_3_835_543_0.503.png,21
232_3_835_543_0.503.png,5
6_2_541_180_0.673.png,16
6_2_541_180_0.673.png,6
6_2_541_180_0.673.png,10
6_2_541_180_0.673.png,17
6_2_541_180_0.673.png,4
6_2_541_180_0.673.png,9
6_2_541_180_0.673.png,13
6_2_541_180_0.673.png,20
6_2_541_180_0.673.png,24
6_2_541_180_0.673.png,12
6_2_541_180_0.673.png,19
6_2_541_180_0.673.png,6
6_2_541_180_0.673.png,19
6_2_541_180_0.673.png,7
6_2_541_180_0.673.png,1
6_2_541_180_0.673.png,4
6_2_541_180_0.673.png,15
6_2_541_180_0.673.png,23
6_2_541_180_0.673.png,11
6_2_541_180_0.673.png,12
6_2_541_180_0.673.png,3
6_2_541_180_0.673.png,16
6_2_541_180_0.673.png,2
6_2_541_180_0.673.png,8
6_2_541_180_0.673.png,1
6_2_541_180_0.673.png,14
6_2_541_180_0.673.png,10
6_2_541_180_0.673.png,11
6_2_541_180_0.673.png,15
6_2_541_180_0.673.png,22
6_2_541_180_0.673.png,13
6_2_541_180_0.673.png,20
6_2_541_180_0.673.png,3
6_2_541_180_0.673.png,9
6_2_541_180_0.673.png,14
6_2_541_180_0.673.png,2
6_2_541_180_0.673.png,17
6_2_541_180_0.673.png,5
6_2_541_180_0.673.png,5
6_2_541_180_0.673.png,21
6_2_541_180_0.673.png,22
6_2_541_180_0.673.png,7
6_2_541_180_0.673.png,18
6_2_541_180_0.673.png,8
6_2_541_180_0.673.png,18
6_2_541_180_0.673.png,21
52_4_835_246_0.811.png,6
52_4_835_246_0.811.png,9
52_4_835_246_0.811.png,14
52_4_835_246_0.811.png,15
52_4_835_246_0.811.png,7
52_4_835_246_0.811.png,17
52_4_835_246_0.811.png,20
52_4_835_246_0.811.png,2
52_4_835_246_0.811.png,2
52_4_835_246_0.811.png,24
52_4_835_246_0.811.png,13
52_4_835_246_0.811.png,3
52_4_835_246_0.811.png,22
52_4_835_246_0.811.png,21
52_4_835_246_0.811.png,19
52_4_835_246_0.811.png,22
52_4_835_246_0.811.png,16
52_4_835_246_0.811.png,13
52_4_835_246_0.811.png,11
52_4_835_246_0.811.png,10
52_4_835_246_0.811.png,3
52_4_835_246_0.811.png,18
52_4_835_246_0.811.png,14
52_4_835_246_0.811.png,9
52_4_835_246_0.811.png,7
52_4_835_246_0.811.png,1
52_4_835_246_0.811.png,6
52_4_835_246_0.811.png,5
52_4_835_246_0.811.png,4
52_4_835_246_0.811.png,23
52_4_835_246_0.811.png,4
52_4_835_246_0.811.png,15
52_4_835_246_0.811.png,12
52_4_835_246_0.811.png,17
52_4_835_246_0.811.png,16
52_4_835_246_0.811.png,10
52_4_835_246_0.811.png,20
52_4_835_246_0.811.png,5
52_4_835_246_0.811.png,12
52_4_835_246_0.811.png,18
52_4_835_246_0.811.png,11
52_4_835_246_0.811.png,8
52_4_835_246_0.811.png,19
52_4_835_246_0.811.png,1
52_4_835_246_0.811.png,8
52_4_835_246_0.811.png,21
165_1_492_444_0.639.png,3
165_1_492_444_0.639.png,3
165_1_492_444_0.639.png,24
165_1_492_444_0.639.png,16
165_1_492_444_0.639.png,1
165_1_492_444_0.639.png,23
165_1_492_444_0.639.png,11
165_1_492_444_0.639.png,10
165_1_492_444_0.639.png,21
165_1_492_444_0.639.png,6
165_1_492_444_0.639.png,11
165_1_492_444_0.639.png,17
165_1_492_444_0.639.png,17
165_1_492_444_0.639.png,14
165_1_492_444_0.639.png,8
165_1_492_444_0.639.png,14
165_1_492_444_0.639.png,13
165_1_492_444_0.639.png,2
165_1_492_444_0.639.png,20
165_1_492_444_0.639.png,5
165_1_492_444_0.639.png,6
165_1_492_444_0.639.png,7
165_1_492_444_0.639.png,12
165_1_492_444_0.639.png,12
165_1_492_444_0.639.png,7
165_1_492_444_0.639.png,15
165_1_492_444_0.639.png,21
165_1_492_444_0.639.png,15
165_1_492_444_0.639.png,5
165_1_492_444_0.639.png,13
165_1_492_444_0.639.png,20
165_1_492_444_0.639.png,1
165_1_492_444_0.639.png,4
165_1_492_444_0.639.png,2
165_1_492_444_0.639.png,16
165_1_492_444_0.639.png,9
165_1_492_444_0.639.png,8
165_1_492_444_0.639.png,4
165_1_492_444_0.639.png,10
165_1_492_444_0.639.png,9
165_1_492_444_0.639.png,18
165_1_492_444_0.639.png,19
165_1_492_444_0.639.png,19
148_3_639_411_0.450.png,9
148_3_639_411_0.450.png,13
148_3_639_411_0.450.png,23
148_3_639_411_0.450.png,9
148_3_639_411_0.450.png,22
148_3_639_411_0.450.png,12
148_3_639_411_0.450.png,10
148_3_639_411_0.450.png,3
148_3_639_411_0.450.png,11
148_3_639_411_0.450.png,4
148_3_639_411_0.450.png,17
148_3_639_411_0.450.png,5
148_3_639_411_0.450.png,15
148_3_639_411_0.450.png,18
148_3_639_411_0.450.png,20
148_3_639_411_0.450.png,8
148_3_639_411_0.450.png,16
148_3_639_411_0.450.png,11
148_3_639_411_0.450.png,21
148_3_639_411_0.450.png,18
148_3_639_411_0.450.png,12
148_3_639_411_0.450.png,1
148_3_639_411_0.450.png,8
148_3_639_411_0.450.png,16
148_3_639_411_0.450.png,1
148_3_639_411_0.450.png,2
148_3_639_411_0.450.png,21
148_3_639_411_0.450.png,14
148_3_639_411_0.450.png,24
148_3_639_411_0.450.png,13
148_3_639_411_0.450.png,7
148_3_639_411_0.450.png,10
148_3_639_411_0.450.png,17
148_3_639_411_0.450.png,6
148_3_639_411_0.450.png,4
148_3_639_411_0.450.png,15
148_3_639_411_0.450.png,14
148_3_639_411_0.450.png,19
148_3_639_411_0.450.png,6
148_3_639_411_0.450.png,20
148_3_639_411_0.450.png,3
148_3_639_411_0.450.png,7
148_3_639_411_0.450.png,2
148_3_639_411_0.450.png,19
148_3_639_411_0.450.png,22
148_3_639_411_0.450.png,5
110_7_737_345_0.670.png,3
110_7_737_345_0.670.png,8
110_7_737_345_0.670.png,1
110_7_737_345_0.670.png,14
110_7_737_345_0.670.png,7
110_7_737_345_0.670.png,17
110_7_737_345_0.670.png,16
110_7_737_345_0.670.png,16
110_7_737_345_0.670.png,24
110_7_737_345_0.670.png,8
110_7_737_345_0.670.png,19
110_7_737_345_0.670.png,20
110_7_737_345_0.670.png,21
110_7_737_345_0.670.png,23
110_7_737_345_0.670.png,21
110_7_737_345_0.670.png,14
110_7_737_345_0.670.png,4
110_7_737_345_0.670.png,5
110_7_737_345_0.670.png,1
110_7_737_345_0.670.png,10
110_7_737_345_0.670.png,4
110_7_737_345_0.670.png,18
110_7_737_345_0.670.png,2
110_7_737_345_0.670.png,5
110_7_737_345_0.670.png,22
110_7_737_345_0.670.png,9
110_7_737_345_0.670.png,15
110_7_737_345_0.670.png,12
110_7_737_345_0.670.png,12
110_7_737_345_0.670.png,3
110_7_737_345_0.670.png,13
110_7_737_345_0.670.png,20
110_7_737_345_0.670.png,6
110_7_737_345_0.670.png,9
110_7_737_345_0.670.png,13
110_7_737_345_0.670.png,18
110_7_737_345_0.670.png,17
110_7_737_345_0.670.png,7
110_7_737_345_0.670.png,6
110_7_737_345_0.670.png,11
110_7_737_345_0.670.png,2
110_7_737_345_0.670.png,22
110_7_737_345_0.670.png,15
102_2_345_345_0.651.png,20
102_2_345_345_0.651.png,6
102_2_345_345_0.651.png,2
102_2_345_345_0.651.png,24
102_2_345_345_0.651.png,19
102_2_345_345_0.651.png,5
102_2_345_345_0.651.png,7
102_2_345_345_0.651.png,20
102_2_345_345_0.651.png,9
102_2_345_345_0.651.png,14
102_2_345_345_0.651.png,17
102_2_345_345_0.651.png,5
102_2_345_345_0.651.png,12
102_2_345_345_0.651.png,2
102_2_345_345_0.651.png,7
102_2_345_345_0.651.png,1
102_2_345_345_0.651.png,8
102_2_345_345_0.651.png,16
102_2_345_345_0.651.png,8
102_2_345_345_0.651.png,19
102_2_345_345_0.651.png,15
102_2_345_345_0.651.png,21
102_2_345_345_0.651.png,13
102_2_345_345_0.651.png,4
102_2_345_345_0.651.png,1
102_2_345_345_0.651.png,10
102_2_345_345_0.651.png,11
102_2_345_345_0.651.png,14
102_2_345_345_0.651.png,23
102_2_345_345_0.651.png,9
102_2_345_345_0.651.png,6
102_2_345_345_0.651.png,16
102_2_345_345_0.651.png,3
102_2_345_345_0.651.png,15
102_2_345_345_0.651.png,17
102_2_345_345_0.651.png,21
102_2_345_345_0.651.png,3
102_2_345_345_0.651.png,4
102_2_345_345_0.651.png,11
102_2_345_345_0.651.png,13
102_2_345_345_0.651.png,18
102_2_345_345_0.651.png,12
102_2_345_345_0.651.png,10
102_2_345_345_0.651.png,18
102_2_345_345_0.651.png,22
102_2_345_345_0.651.png,22
83_9_394_312_0.881.png,8
83_9_394_312_0.881.png,14
83_9_394_312_0.881.png,1
83_9_394_312_0.881.png,23
83_9_394_312_0.881.png,18
83_9_394_312_0.881.png,9
83_9_394_312_0.881.png,22
83_9_394_312_0.881.png,21
83_9_394_312_0.881.png,15
83_9_394_312_0.881.png,5
83_9_394_312_0.881.png,6
83_9_394_312_0.881.png,4
83_9_394_312_0.881.png,10
83_9_394_312_0.881.png,3
83_9_394_312_0.881.png,21
83_9_394_312_0.881.png,8
83_9_394_312_0.881.png,18
83_9_394_312_0.881.png,12
83_9_394_312_0.881.png,16
83_9_394_312_0.881.png,20
83_9_394_312_0.881.png,20
83_9_394_312_0.881.png,13
83_9_394_312_0.881.png,19
83_9_394_312_0.881.png,17
83_9_394_312_0.881.png,7
83_9_394_312_0.881.png,3
83_9_394_312_0.881.png,15
83_9_394_312_0.881.png,13
83_9_394_312_0.881.png,11
83_9_394_312_0.881.png,10
83_9_394_312_0.881.png,11
83_9_394_312_0.881.png,1
83_9_394_312_0.881.png,2
83_9_394_312_0.881.png,7
83_9_394_312_0.881.png,23
83_9_394_312_0.881.png,4
83_9_394_312_0.881.png,12
83_9_394_312_0.881.png,14
83_9_394_312_0.881.png,6
83_9_394_312_0.881.png,16
83_9_394_312_0.881.png,17
83_9_394_312_0.881.png,5
83_9_394_312_0.881.png,9
83_9_394_312_0.881.png,2
83_9_394_312_0.881.png,22
83_9_394_312_0.881.png,19
232_1_835_543_0.703.png,23
232_1_835_543_0.703.png,1
232_1_835_543_0.703.png,21
232_1_835_543_0.703.png,12
232_1_835_543_0.703.png,3
232_1_835_543_0.703.png,10
232_1_835_543_0.703.png,19
232_1_835_543_0.703.png,13
232_1_835_543_0.703.png,3
232_1_835_543_0.703.png,17
232_1_835_543_0.703.png,13
232_1_835_543_0.703.png,9
232_1_835_543_0.703.png,5
232_1_835_543_0.703.png,18
232_1_835_543_0.703.png,6
232_1_835_543_0.703.png,8
232_1_835_543_0.703.png,14
232_1_835_543_0.703.png,10
232_1_835_543_0.703.png,4
232_1_835_543_0.703.png,4
232_1_835_543_0.703.png,23
232_1_835_543_0.703.png,7
232_1_835_543_0.703.png,9
232_1_835_543_0.703.png,11
232_1_835_543_0.703.png,15
232_1_835_543_0.703.png,20
232_1_835_543_0.703.png,22
232_1_835_543_0.703.png,14
232_1_835_543_0.703.png,16
232_1_835_543_0.703.png,19
232_1_835_543_0.703.png,5
232_1_835_543_0.703.png,6
232_1_835_543_0.703.png,21
232_1_835_543_0.703.png,15
232_1_835_543_0.703.png,11
232_1_835_543_0.703.png,2
232_1_835_543_0.703.png,2
232_1_835_543_0.703.png,12
232_1_835_543_0.703.png,20
232_1_835_543_0.703.png,22
232_1_835_543_0.703.png,18
232_1_835_543_0.703.png,16
232_1_835_543_0.703.png,8
232_1_835_543_0.703.png,7
232_1_835_543_0.703.png,1
232_1_835_543_0.703.png,17
187_1_590_477_0.831.png,18
187_1_590_477_0.831.png,19
187_1_590_477_0.831.png,8
187_1_590_477_0.831.png,13
187_1_590_477_0.831.png,8
187_1_590_477_0.831.png,23
187_1_590_477_0.831.png,13
187_1_590_477_0.831.png,20
187_1_590_477_0.831.png,9
187_1_590_477_0.831.png,7
187_1_590_477_0.831.png,22
187_1_590_477_0.831.png,17
187_1_590_477_0.831.png,4
187_1_590_477_0.831.png,16
187_1_590_477_0.831.png,11
187_1_590_477_0.831.png,6
187_1_590_477_0.831.png,20
187_1_590_477_0.831.png,5
187_1_590_477_0.831.png,4
187_1_590_477_0.831.png,2
187_1_590_477_0.831.png,21
187_1_590_477_0.831.png,6
187_1_590_477_0.831.png,3
187_1_590_477_0.831.png,17
187_1_590_477_0.831.png,1
187_1_590_477_0.831.png,7
187_1_590_477_0.831.png,19
187_1_590_477_0.831.png,3
187_1_590_477_0.831.png,23
187_1_590_477_0.831.png,22
187_1_590_477_0.831.png,2
187_1_590_477_0.831.png,9
187_1_590_477_0.831.png,10
187_1_590_477_0.831.png,12
187_1_590_477_0.831.png,5
187_1_590_477_0.831.png,16
187_1_590_477_0.831.png,18
187_1_590_477_0.831.png,15
187_1_590_477_0.831.png,21
187_1_590_477_0.831.png,15
187_1_590_477_0.831.png,14
187_1_590_477_0.831.png,12
187_1_590_477_0.831.png,14
187_1_590_477_0.831.png,1
9_2_688_180_0.899.png,17
9_2_688_180_0.899.png,12
9_2_688_180_0.899.png,3
9_2_688_180_0.899.png,8
9_2_688_180_0.899.png,22
9_2_688_180_0.899.png,22
9_2_688_180_0.899.png,16
9_2_688_180_0.899.png,11
9_2_688_180_0.899.png,18
9_2_688_180_0.899.png,6
9_2_688_180_0.899.png,4
9_2_688_180_0.899.png,2
9_2_688_180_0.899.png,19
9_2_688_180_0.899.png,16
9_2_688_180_0.899.png,1
9_2_688_180_0.899.png,14
9_2_688_180_0.899.png,9
9_2_688_180_0.899.png,11
9_2_688_180_0.899.png,10
9_2_688_180_0.899.png,7
9_2_688_180_0.899.png,13
9_2_688_180_0.899.png,13
9_2_688_180_0.899.png,5
9_2_688_180_0.899.png,15
9_2_688_180_0.899.png,8
9_2_688_180_0.899.png,17
9_2_688_180_0.899.png,14
9_2_688_180_0.899.png,20
9_2_688_180_0.899.png,18
9_2_688_180_0.899.png,12
9_2_688_180_0.899.png,4
9_2_688_180_0.899.png,23
9_2_688_180_0.899.png,9
9_2_688_180_0.899.png,1
9_2_688_180_0.899.png,5
9_2_688_180_0.899.png,6
9_2_688_180_0.899.png,23
9_2_688_180_0.899.png,10
9_2_688_180_0.899.png,20
9_2_688_180_0.899.png,19
9_2_688_180_0.899.png,2
9_2_688_180_0.899.png,3
9_2_688_180_0.899.png,7
44_5_443_246_0.638.png,19
44_5_443_246_0.638.png,16
44_5_443_246_0.638.png,4
44_5_443_246_0.638.png,23
44_5_443_246_0.638.png,14
44_5_443_246_0.638.png,15
44_5_443_246_0.638.png,6
44_5_443_246_0.638.png,23
44_5_443_246_0.638.png,10
44_5_443_246_0.638.png,13
44_5_443_246_0.638.png,5
44_5_443_246_0.638.png,12
44_5_443_246_0.638.png,20
44_5_443_246_0.638.png,9
44_5_443_246_0.638.png,11
44_5_443_246_0.638.png,7
44_5_443_246_0.638.png,18
44_5_443_246_0.638.png,14
44_5_443_246_0.638.png,22
44_5_443_246_0.638.png,11
44_5_443_246_0.638.png,22
44_5_443_246_0.638.png,3
44_5_443_246_0.638.png,6
44_5_443_246_0.638.png,12
44_5_443_246_0.638.png,5
44_5_443_246_0.638.png,1
44_5_443_246_0.638.png,16
44_5_443_246_0.638.png,7
44_5_443_246_0.638.png,8
44_5_443_246_0.638.png,19
44_5_443_246_0.638.png,1
44_5_443_246_0.638.png,2
44_5_443_246_0.638.png,20
44_5_443_246_0.638.png,13
44_5_443_246_0.638.png,10
44_5_443_246_0.638.png,11
44_5_443_246_0.638.png,18
44_5_443_246_0.638.png,4
44_5_443_246_0.638.png,3
44_5_443_246_0.638.png,21
44_5_443_246_0.638.png,17
44_5_443_246_0.638.png,2
44_5_443_246_0.638.png,8
44_5_443_246_0.638.png,17
44_5_443_246_0.638.png,21
44_5_443_246_0.638.png,15
100_4_247_345_0.878.png,3
100_4_247_345_0.878.png,17
100_4_247_345_0.878.png,22
100_4_247_345_0.878.png,10
100_4_247_345_0.878.png,9
100_4_247_345_0.878.png,19
100_4_247_345_0.878.png,9
100_4_247_345_0.878.png,8
100_4_247_345_0.878.png,4
100_4_247_345_0.878.png,11
100_4_247_345_0.878.png,23
100_4_247_345_0.878.png,7
100_4_247_345_0.878.png,18
100_4_247_345_0.878.png,2
100_4_247_345_0.878.png,23
100_4_247_345_0.878.png,1
100_4_247_345_0.878.png,2
100_4_247_345_0.878.png,15
100_4_247_345_0.878.png,18
100_4_247_345_0.878.png,16
100_4_247_345_0.878.png,19
100_4_247_345_0.878.png,12
100_4_247_345_0.878.png,6
100_4_247_345_0.878.png,17
100_4_247_345_0.878.png,4
100_4_247_345_0.878.png,22
100_4_247_345_0.878.png,21
100_4_247_345_0.878.png,3
100_4_247_345_0.878.png,5
100_4_247_345_0.878.png,13
100_4_247_345_0.878.png,12
100_4_247_345_0.878.png,6
100_4_247_345_0.878.png,13
100_4_247_345_0.878.png,7
100_4_247_345_0.878.png,15
100_4_247_345_0.878.png,1
100_4_247_345_0.878.png,8
100_4_247_345_0.878.png,10
100_4_247_345_0.878.png,11
182_5_345_477_0.627.png,4
182_5_345_477_0.627.png,12
182_5_345_477_0.627.png,5
182_5_345_477_0.627.png,18
182_5_345_477_0.627.png,8
182_5_345_477_0.627.png,22
182_5_345_477_0.627.png,5
182_5_345_477_0.627.png,9
182_5_345_477_0.627.png,7
182_5_345_477_0.627.png,23
182_5_345_477_0.627.png,1
182_5_345_477_0.627.png,15
182_5_345_477_0.627.png,17
182_5_345_477_0.627.png,7
182_5_345_477_0.627.png,19
182_5_345_477_0.627.png,8
182_5_345_477_0.627.png,12
182_5_345_477_0.627.png,14
182_5_345_477_0.627.png,6
182_5_345_477_0.627.png,18
182_5_345_477_0.627.png,21
182_5_345_477_0.627.png,14
182_5_345_477_0.627.png,11
182_5_345_477_0.627.png,10
182_5_345_477_0.627.png,17
182_5_345_477_0.627.png,13
182_5_345_477_0.627.png,19
182_5_345_477_0.627.png,13
182_5_345_477_0.627.png,2
182_5_345_477_0.627.png,22
182_5_345_477_0.627.png,15
182_5_345_477_0.627.png,10
182_5_345_477_0.627.png,2
182_5_345_477_0.627.png,4
182_5_345_477_0.627.png,9
182_5_345_477_0.627.png,1
182_5_345_477_0.627.png,21
182_5_345_477_0.627.png,23
182_5_345_477_0.627.png,3
182_5_345_477_0.627.png,19
182_5_345_477_0.627.png,3
182_5_345_477_0.627.png,6
182_5_345_477_0.627.png,11
182_5_345_477_0.627.png,19
182_5_345_477_0.627.png,20
237_2_1080_543_0.667.png,3
237_2_1080_543_0.667.png,12
237_2_1080_543_0.667.png,16
237_2_1080_543_0.667.png,5
237_2_1080_543_0.667.png,11
237_2_1080_543_0.667.png,19
237_2_1080_543_0.667.png,14
237_2_1080_543_0.667.png,20
237_2_1080_543_0.667.png,1
237_2_1080_543_0.667.png,18
237_2_1080_543_0.667.png,9
237_2_1080_543_0.667.png,10
237_2_1080_543_0.667.png,2
237_2_1080_543_0.667.png,6
237_2_1080_543_0.667.png,23
237_2_1080_543_0.667.png,7
237_2_1080_543_0.667.png,16
237_2_1080_543_0.667.png,10
237_2_1080_543_0.667.png,11
237_2_1080_543_0.667.png,8
237_2_1080_543_0.667.png,16
237_2_1080_543_0.667.png,2
237_2_1080_543_0.667.png,23
237_2_1080_543_0.667.png,7
237_2_1080_543_0.667.png,13
237_2_1080_543_0.667.png,14
237_2_1080_543_0.667.png,12
237_2_1080_543_0.667.png,22
237_2_1080_543_0.667.png,6
237_2_1080_543_0.667.png,21
237_2_1080_543_0.667.png,3
237_2_1080_543_0.667.png,5
237_2_1080_543_0.667.png,18
237_2_1080_543_0.667.png,13
237_2_1080_543_0.667.png,22
157_1_1080_411_0.465.png,6
157_1_1080_411_0.465.png,3
157_1_1080_411_0.465.png,9
157_1_1080_411_0.465.png,13
157_1_1080_411_0.465.png,16
157_1_1080_411_0.465.png,2
157_1_1080_411_0.465.png,22
157_1_1080_411_0.465.png,18
157_1_1080_411_0.465.png,12
157_1_1080_411_0.465.png,14
157_1_1080_411_0.465.png,4
157_1_1080_411_0.465.png,15
157_1_1080_411_0.465.png,8
157_1_1080_411_0.465.png,21
157_1_1080_411_0.465.png,1
157_1_1080_411_0.465.png,14
157_1_1080_411_0.465.png,9
157_1_1080_411_0.465.png,22
157_1_1080_411_0.465.png,12
157_1_1080_411_0.465.png,4
157_1_1080_411_0.465.png,17
157_1_1080_411_0.465.png,7
157_1_1080_411_0.465.png,19
157_1_1080_411_0.465.png,19
157_1_1080_411_0.465.png,6
157_1_1080_411_0.465.png,10
157_1_1080_411_0.465.png,7
157_1_1080_411_0.465.png,10
157_1_1080_411_0.465.png,15
157_1_1080_411_0.465.png,18
157_1_1080_411_0.465.png,21
157_1_1080_411_0.465.png,8
157_1_1080_411_0.465.png,16
157_1_1080_411_0.465.png,1
157_1_1080_411_0.465.png,5
157_1_1080_411_0.465.png,15
157_1_1080_411_0.465.png,10
263_2_394_609_0.706.png,13
263_2_394_609_0.706.png,12
263_2_394_609_0.706.png,15
263_2_394_609_0.706.png,22
263_2_394_609_0.706.png,8
263_2_394_609_0.706.png,14
263_2_394_609_0.706.png,8
263_2_394_609_0.706.png,2
263_2_394_609_0.706.png,10
263_2_394_609_0.706.png,16
263_2_394_609_0.706.png,9
263_2_394_609_0.706.png,13
263_2_394_609_0.706.png,22
263_2_394_609_0.706.png,4
263_2_394_609_0.706.png,23
263_2_394_609_0.706.png,23
263_2_394_609_0.706.png,19
263_2_394_609_0.706.png,5
263_2_394_609_0.706.png,5
263_2_394_609_0.706.png,17
263_2_394_609_0.706.png,18
263_2_394_609_0.706.png,14
263_2_394_609_0.706.png,18
263_2_394_609_0.706.png,2
263_2_394_609_0.706.png,3
263_2_394_609_0.706.png,19
263_2_394_609_0.706.png,11
263_2_394_609_0.706.png,17
263_2_394_609_0.706.png,11
263_2_394_609_0.706.png,1
263_2_394_609_0.706.png,9
263_2_394_609_0.706.png,12
263_2_394_609_0.706.png,7
263_2_394_609_0.706.png,10
263_2_394_609_0.706.png,21
263_2_394_609_0.706.png,16
263_2_394_609_0.706.png,20
263_2_394_609_0.706.png,6
263_2_394_609_0.706.png,6
263_2_394_609_0.706.png,3
263_2_394_609_0.706.png,15
263_2_394_609_0.706.png,1
284_2_443_642_0.869.png,16
284_2_443_642_0.869.png,1
284_2_443_642_0.869.png,13
284_2_443_642_0.869.png,17
284_2_443_642_0.869.png,17
284_2_443_642_0.869.png,10
284_2_443_642_0.869.png,12
284_2_443_642_0.869.png,5
284_2_443_642_0.869.png,19
284_2_443_642_0.869.png,10
284_2_443_642_0.869.png,11
284_2_443_642_0.869.png,4
284_2_443_642_0.869.png,21
284_2_443_642_0.869.png,1
284_2_443_642_0.869.png,7
284_2_443_642_0.869.png,2
284_2_443_642_0.869.png,20
284_2_443_642_0.869.png,8
284_2_443_642_0.869.png,15
284_2_443_642_0.869.png,16
284_2_443_642_0.869.png,12
284_2_443_642_0.869.png,20
284_2_443_642_0.869.png,15
284_2_443_642_0.869.png,11
284_2_443_642_0.869.png,13
284_2_443_642_0.869.png,3
284_2_443_642_0.869.png,9
284_2_443_642_0.869.png,23
284_2_443_642_0.869.png,6
284_2_443_642_0.869.png,9
284_2_443_642_0.869.png,5
284_2_443_642_0.869.png,7
284_2_443_642_0.869.png,18
284_2_443_642_0.869.png,4
284_2_443_642_0.869.png,6
284_2_443_642_0.869.png,23
284_2_443_642_0.869.png,8
284_2_443_642_0.869.png,3
284_2_443_642_0.869.png,22
284_2_443_642_0.869.png,21
284_2_443_642_0.869.png,2
284_2_443_642_0.869.png,19
284_2_443_642_0.869.png,18
284_2_443_642_0.869.png,14
284_2_443_642_0.869.png,14
284_2_443_642_0.869.png,22
166_2_541_444_0.716.png,4
166_2_541_444_0.716.png,1
166_2_541_444_0.716.png,11
166_2_541_444_0.716.png,20
166_2_541_444_0.716.png,7
166_2_541_444_0.716.png,1
166_2_541_444_0.716.png,5
166_2_541_444_0.716.png,17
166_2_541_444_0.716.png,18
166_2_541_444_0.716.png,3
166_2_541_444_0.716.png,16
166_2_541_444_0.716.png,7
166_2_541_444_0.716.png,20
166_2_541_444_0.716.png,6
166_2_541_444_0.716.png,10
166_2_541_444_0.716.png,11
166_2_541_444_0.716.png,23
166_2_541_444_0.716.png,2
166_2_541_444_0.716.png,4
166_2_541_444_0.716.png,14
166_2_541_444_0.716.png,5
166_2_541_444_0.716.png,23
166_2_541_444_0.716.png,17
166_2_541_444_0.716.png,22
166_2_541_444_0.716.png,13
166_2_541_444_0.716.png,16
166_2_541_444_0.716.png,8
166_2_541_444_0.716.png,23
166_2_541_444_0.716.png,18
166_2_541_444_0.716.png,14
166_2_541_444_0.716.png,3
166_2_541_444_0.716.png,15
166_2_541_444_0.716.png,9
166_2_541_444_0.716.png,21
204_2_443_510_0.911.png,3
204_2_443_510_0.911.png,13
204_2_443_510_0.911.png,14
204_2_443_510_0.911.png,9
204_2_443_510_0.911.png,19
204_2_443_510_0.911.png,4
204_2_443_510_0.911.png,11
204_2_443_510_0.911.png,23
204_2_443_510_0.911.png,18
204_2_443_510_0.911.png,20
204_2_443_510_0.911.png,9
204_2_443_510_0.911.png,22
204_2_443_510_0.911.png,6
204_2_443_510_0.911.png,1
204_2_443_510_0.911.png,8
204_2_443_510_0.911.png,12
204_2_443_510_0.911.png,23
204_2_443_510_0.911.png,7
204_2_443_510_0.911.png,14
204_2_443_510_0.911.png,19
204_2_443_510_0.911.png,21
204_2_443_510_0.911.png,17
204_2_443_510_0.911.png,11
204_2_443_510_0.911.png,12
204_2_443_510_0.911.png,15
204_2_443_510_0.911.png,5
204_2_443_510_0.911.png,4
204_2_443_510_0.911.png,2
204_2_443_510_0.911.png,3
204_2_443_510_0.911.png,6
204_2_443_510_0.911.png,10
204_2_443_510_0.911.png,1
204_2_443_510_0.911.png,17
204_2_443_510_0.911.png,16
204_2_443_510_0.911.png,21
204_2_443_510_0.911.png,15
204_2_443_510_0.911.png,22
204_2_443_510_0.911.png,7
204_2_443_510_0.911.png,8
204_2_443_510_0.911.png,18
204_2_443_510_0.911.png,20
204_2_443_510_0.911.png,2
204_2_443_510_0.911.png,13
204_2_443_510_0.911.png,16
267_1_590_609_0.682.png,17
267_1_590_609_0.682.png,6
267_1_590_609_0.682.png,20
267_1_590_609_0.682.png,16
267_1_590_609_0.682.png,1
267_1_590_609_0.682.png,19
267_1_590_609_0.682.png,16
267_1_590_609_0.682.png,3
267_1_590_609_0.682.png,18
267_1_590_609_0.682.png,11
267_1_590_609_0.682.png,20
267_1_590_609_0.682.png,7
267_1_590_609_0.682.png,10
267_1_590_609_0.682.png,7
267_1_590_609_0.682.png,23
267_1_590_609_0.682.png,13
267_1_590_609_0.682.png,9
267_1_590_609_0.682.png,15
267_1_590_609_0.682.png,4
267_1_590_609_0.682.png,9
267_1_590_609_0.682.png,18
267_1_590_609_0.682.png,12
267_1_590_609_0.682.png,12
267_1_590_609_0.682.png,1
267_1_590_609_0.682.png,15
267_1_590_609_0.682.png,2
267_1_590_609_0.682.png,14
267_1_590_609_0.682.png,14
267_1_590_609_0.682.png,5
267_1_590_609_0.682.png,22
267_1_590_609_0.682.png,13
267_1_590_609_0.682.png,10
267_1_590_609_0.682.png,5
267_1_590_609_0.682.png,21
267_1_590_609_0.682.png,21
267_1_590_609_0.682.png,17
267_1_590_609_0.682.png,19
267_1_590_609_0.682.png,4
267_1_590_609_0.682.png,11
267_1_590_609_0.682.png,8
267_1_590_609_0.682.png,23
267_1_590_609_0.682.png,6
267_1_590_609_0.682.png,2
267_1_590_609_0.682.png,3
267_1_590_609_0.682.png,22
267_1_590_609_0.682.png,8
253_4_884_576_0.764.png,12
253_4_884_576_0.764.png,19
253_4_884_576_0.764.png,9
253_4_884_576_0.764.png,10
253_4_884_576_0.764.png,1
253_4_884_576_0.764.png,10
253_4_884_576_0.764.png,20
253_4_884_576_0.764.png,14
253_4_884_576_0.764.png,18
253_4_884_576_0.764.png,5
253_4_884_576_0.764.png,4
253_4_884_576_0.764.png,11
253_4_884_576_0.764.png,4
253_4_884_576_0.764.png,9
253_4_884_576_0.764.png,8
253_4_884_576_0.764.png,2
253_4_884_576_0.764.png,16
253_4_884_576_0.764.png,2
253_4_884_576_0.764.png,13
253_4_884_576_0.764.png,21
253_4_884_576_0.764.png,23
253_4_884_576_0.764.png,15
253_4_884_576_0.764.png,3
253_4_884_576_0.764.png,7
253_4_884_576_0.764.png,20
253_4_884_576_0.764.png,19
253_4_884_576_0.764.png,12
253_4_884_576_0.764.png,16
253_4_884_576_0.764.png,23
253_4_884_576_0.764.png,5
253_4_884_576_0.764.png,6
253_4_884_576_0.764.png,11
253_4_884_576_0.764.png,3
253_4_884_576_0.764.png,17
253_4_884_576_0.764.png,18
253_4_884_576_0.764.png,6
253_4_884_576_0.764.png,1
253_4_884_576_0.764.png,15
253_4_884_576_0.764.png,17
253_4_884_576_0.764.png,14
253_4_884_576_0.764.png,7
253_4_884_576_0.764.png,13
253_4_884_576_0.764.png,22
253_4_884_576_0.764.png,22
253_4_884_576_0.764.png,21
149_1_688_411_0.894.png,19
149_1_688_411_0.894.png,4
149_1_688_411_0.894.png,2
149_1_688_411_0.894.png,8
149_1_688_411_0.894.png,15
149_1_688_411_0.894.png,7
149_1_688_411_0.894.png,18
149_1_688_411_0.894.png,18
149_1_688_411_0.894.png,9
149_1_688_411_0.894.png,13
149_1_688_411_0.894.png,19
149_1_688_411_0.894.png,11
149_1_688_411_0.894.png,16
149_1_688_411_0.894.png,10
149_1_688_411_0.894.png,11
149_1_688_411_0.894.png,6
149_1_688_411_0.894.png,12
149_1_688_411_0.894.png,13
149_1_688_411_0.894.png,3
149_1_688_411_0.894.png,12
149_1_688_411_0.894.png,5
149_1_688_411_0.894.png,5
149_1_688_411_0.894.png,22
149_1_688_411_0.894.png,12
149_1_688_411_0.894.png,8
149_1_688_411_0.894.png,1
149_1_688_411_0.894.png,23
149_1_688_411_0.894.png,17
149_1_688_411_0.894.png,16
149_1_688_411_0.894.png,9
149_1_688_411_0.894.png,20
149_1_688_411_0.894.png,7
149_1_688_411_0.894.png,21
149_1_688_411_0.894.png,6
149_1_688_411_0.894.png,15
149_1_688_411_0.894.png,4
149_1_688_411_0.894.png,3
149_1_688_411_0.894.png,23
149_1_688_411_0.894.png,2
149_1_688_411_0.894.png,14
149_1_688_411_0.894.png,10
149_1_688_411_0.894.png,20
149_1_688_411_0.894.png,20
149_1_688_411_0.894.png,17
149_1_688_411_0.894.png,21
149_1_688_411_0.894.png,1
20_2_247_213_0.846.png,5
20_2_247_213_0.846.png,11
20_2_247_213_0.846.png,18
20_2_247_213_0.846.png,3
20_2_247_213_0.846.png,6
20_2_247_213_0.846.png,19
20_2_247_213_0.846.png,9
20_2_247_213_0.846.png,1
20_2_247_213_0.846.png,19
20_2_247_213_0.846.png,17
20_2_247_213_0.846.png,22
20_2_247_213_0.846.png,17
20_2_247_213_0.846.png,23
20_2_247_213_0.846.png,10
20_2_247_213_0.846.png,8
20_2_247_213_0.846.png,16
20_2_247_213_0.846.png,13
20_2_247_213_0.846.png,3
20_2_247_213_0.846.png,7
20_2_247_213_0.846.png,21
20_2_247_213_0.846.png,14
20_2_247_213_0.846.png,1
20_2_247_213_0.846.png,14
20_2_247_213_0.846.png,12
20_2_247_213_0.846.png,23
20_2_247_213_0.846.png,14
20_2_247_213_0.846.png,15
20_2_247_213_0.846.png,20
20_2_247_213_0.846.png,13
20_2_247_213_0.846.png,20
20_2_247_213_0.846.png,4
20_2_247_213_0.846.png,10
20_2_247_213_0.846.png,22
20_2_247_213_0.846.png,12
20_2_247_213_0.846.png,18
20_2_247_213_0.846.png,7
20_2_247_213_0.846.png,6
20_2_247_213_0.846.png,4
20_2_247_213_0.846.png,16
20_2_247_213_0.846.png,22
20_2_247_213_0.846.png,21
20_2_247_213_0.846.png,8
20_2_247_213_0.846.png,2
20_2_247_213_0.846.png,2
20_2_247_213_0.846.png,11
20_2_247_213_0.846.png,5
20_2_247_213_0.846.png,9
52_2_835_246_0.576.png,13
52_2_835_246_0.576.png,3
52_2_835_246_0.576.png,6
52_2_835_246_0.576.png,10
52_2_835_246_0.576.png,12
52_2_835_246_0.576.png,2
52_2_835_246_0.576.png,1
52_2_835_246_0.576.png,21
52_2_835_246_0.576.png,15
52_2_835_246_0.576.png,5
52_2_835_246_0.576.png,2
52_2_835_246_0.576.png,8
52_2_835_246_0.576.png,19
52_2_835_246_0.576.png,1
52_2_835_246_0.576.png,6
52_2_835_246_0.576.png,7
52_2_835_246_0.576.png,9
52_2_835_246_0.576.png,16
52_2_835_246_0.576.png,10
52_2_835_246_0.576.png,22
52_2_835_246_0.576.png,20
52_2_835_246_0.576.png,19
52_2_835_246_0.576.png,21
52_2_835_246_0.576.png,18
52_2_835_246_0.576.png,5
52_2_835_246_0.576.png,7
52_2_835_246_0.576.png,23
52_2_835_246_0.576.png,12
52_2_835_246_0.576.png,11
52_2_835_246_0.576.png,12
52_2_835_246_0.576.png,11
52_2_835_246_0.576.png,4
52_2_835_246_0.576.png,15
52_2_835_246_0.576.png,18
52_2_835_246_0.576.png,4
52_2_835_246_0.576.png,3
52_2_835_246_0.576.png,13
52_2_835_246_0.576.png,9
52_2_835_246_0.576.png,16
52_2_835_246_0.576.png,8
52_2_835_246_0.576.png,23
216_1_1031_510_0.875.png,1
216_1_1031_510_0.875.png,15
216_1_1031_510_0.875.png,14
216_1_1031_510_0.875.png,4
216_1_1031_510_0.875.png,3
216_1_1031_510_0.875.png,13
216_1_1031_510_0.875.png,6
216_1_1031_510_0.875.png,2
216_1_1031_510_0.875.png,22
216_1_1031_510_0.875.png,16
216_1_1031_510_0.875.png,19
216_1_1031_510_0.875.png,17
216_1_1031_510_0.875.png,10
216_1_1031_510_0.875.png,4
216_1_1031_510_0.875.png,5
216_1_1031_510_0.875.png,22
216_1_1031_510_0.875.png,21
216_1_1031_510_0.875.png,18
216_1_1031_510_0.875.png,9
216_1_1031_510_0.875.png,10
216_1_1031_510_0.875.png,1
216_1_1031_510_0.875.png,8
216_1_1031_510_0.875.png,7
216_1_1031_510_0.875.png,3
216_1_1031_510_0.875.png,9
216_1_1031_510_0.875.png,11
216_1_1031_510_0.875.png,16
216_1_1031_510_0.875.png,23
216_1_1031_510_0.875.png,18
216_1_1031_510_0.875.png,13
216_1_1031_510_0.875.png,5
216_1_1031_510_0.875.png,12
216_1_1031_510_0.875.png,20
216_1_1031_510_0.875.png,15
216_1_1031_510_0.875.png,20
216_1_1031_510_0.875.png,2
216_1_1031_510_0.875.png,12
216_1_1031_510_0.875.png,6
216_1_1031_510_0.875.png,8
216_1_1031_510_0.875.png,19
216_1_1031_510_0.875.png,14
216_1_1031_510_0.875.png,17
216_1_1031_510_0.875.png,11
216_1_1031_510_0.875.png,23
216_1_1031_510_0.875.png,21
216_1_1031_510_0.875.png,7
6_1_541_180_0.894.png,12
6_1_541_180_0.894.png,4
6_1_541_180_0.894.png,23
6_1_541_180_0.894.png,11
6_1_541_180_0.894.png,10
6_1_541_180_0.894.png,21
6_1_541_180_0.894.png,9
6_1_541_180_0.894.png,3
6_1_541_180_0.894.png,17
6_1_541_180_0.894.png,23
6_1_541_180_0.894.png,14
6_1_541_180_0.894.png,20
6_1_541_180_0.894.png,8
6_1_541_180_0.894.png,7
6_1_541_180_0.894.png,1
6_1_541_180_0.894.png,21
6_1_541_180_0.894.png,4
6_1_541_180_0.894.png,16
6_1_541_180_0.894.png,5
6_1_541_180_0.894.png,17
6_1_541_180_0.894.png,2
6_1_541_180_0.894.png,16
6_1_541_180_0.894.png,1
6_1_541_180_0.894.png,14
6_1_541_180_0.894.png,9
6_1_541_180_0.894.png,11
6_1_541_180_0.894.png,18
6_1_541_180_0.894.png,3
6_1_541_180_0.894.png,19
6_1_541_180_0.894.png,8
6_1_541_180_0.894.png,15
6_1_541_180_0.894.png,20
6_1_541_180_0.894.png,18
6_1_541_180_0.894.png,15
6_1_541_180_0.894.png,19
6_1_541_180_0.894.png,13
6_1_541_180_0.894.png,5
6_1_541_180_0.894.png,10
6_1_541_180_0.894.png,12
6_1_541_180_0.894.png,2
6_1_541_180_0.894.png,6
6_1_541_180_0.894.png,13
6_1_541_180_0.894.png,7
6_1_541_180_0.894.png,22
6_1_541_180_0.894.png,22
190_2_737_477_0.583.png,22
190_2_737_477_0.583.png,14
190_2_737_477_0.583.png,20
190_2_737_477_0.583.png,5
190_2_737_477_0.583.png,23
190_2_737_477_0.583.png,19
190_2_737_477_0.583.png,18
190_2_737_477_0.583.png,22
190_2_737_477_0.583.png,23
190_2_737_477_0.583.png,10
190_2_737_477_0.583.png,11
190_2_737_477_0.583.png,2
190_2_737_477_0.583.png,14
190_2_737_477_0.583.png,13
190_2_737_477_0.583.png,17
190_2_737_477_0.583.png,7
190_2_737_477_0.583.png,20
190_2_737_477_0.583.png,21
190_2_737_477_0.583.png,12
190_2_737_477_0.583.png,9
190_2_737_477_0.583.png,9
190_2_737_477_0.583.png,7
190_2_737_477_0.583.png,6
190_2_737_477_0.583.png,8
190_2_737_477_0.583.png,4
190_2_737_477_0.583.png,13
190_2_737_477_0.583.png,12
190_2_737_477_0.583.png,6
190_2_737_477_0.583.png,18
190_2_737_477_0.583.png,1
190_2_737_477_0.583.png,1
190_2_737_477_0.583.png,17
190_2_737_477_0.583.png,11
190_2_737_477_0.583.png,2
190_2_737_477_0.583.png,15
190_2_737_477_0.583.png,16
190_2_737_477_0.583.png,19
190_2_737_477_0.583.png,13
190_2_737_477_0.583.png,10
190_2_737_477_0.583.png,5
190_2_737_477_0.583.png,21
190_2_737_477_0.583.png,4
190_2_737_477_0.583.png,3
190_2_737_477_0.583.png,8
190_2_737_477_0.583.png,3
190_2_737_477_0.583.png,16
12_1_835_180_0.883.png,19
12_1_835_180_0.883.png,8
12_1_835_180_0.883.png,3
12_1_835_180_0.883.png,5
12_1_835_180_0.883.png,19
12_1_835_180_0.883.png,23
12_1_835_180_0.883.png,7
12_1_835_180_0.883.png,16
12_1_835_180_0.883.png,13
12_1_835_180_0.883.png,9
12_1_835_180_0.883.png,12
12_1_835_180_0.883.png,21
12_1_835_180_0.883.png,1
12_1_835_180_0.883.png,11
12_1_835_180_0.883.png,1
12_1_835_180_0.883.png,21
12_1_835_180_0.883.png,14
12_1_835_180_0.883.png,2
12_1_835_180_0.883.png,6
12_1_835_180_0.883.png,4
12_1_835_180_0.883.png,23
12_1_835_180_0.883.png,17
12_1_835_180_0.883.png,9
12_1_835_180_0.883.png,15
12_1_835_180_0.883.png,22
12_1_835_180_0.883.png,15
12_1_835_180_0.883.png,18
12_1_835_180_0.883.png,2
12_1_835_180_0.883.png,16
12_1_835_180_0.883.png,8
12_1_835_180_0.883.png,11
12_1_835_180_0.883.png,22
12_1_835_180_0.883.png,14
12_1_835_180_0.883.png,3
12_1_835_180_0.883.png,20
12_1_835_180_0.883.png,7
12_1_835_180_0.883.png,10
12_1_835_180_0.883.png,17
12_1_835_180_0.883.png,4
12_1_835_180_0.883.png,5
12_1_835_180_0.883.png,13
12_1_835_180_0.883.png,18
12_1_835_180_0.883.png,6
12_1_835_180_0.883.png,12
12_1_835_180_0.883.png,20
12_1_835_180_0.883.png,10
207_3_590_510_0.893.png,12
207_3_590_510_0.893.png,15
207_3_590_510_0.893.png,10
207_3_590_510_0.893.png,5
207_3_590_510_0.893.png,22
207_3_590_510_0.893.png,21
207_3_590_510_0.893.png,17
207_3_590_510_0.893.png,11
207_3_590_510_0.893.png,19
207_3_590_510_0.893.png,13
207_3_590_510_0.893.png,17
207_3_590_510_0.893.png,15
207_3_590_510_0.893.png,7
207_3_590_510_0.893.png,16
207_3_590_510_0.893.png,18
207_3_590_510_0.893.png,16
207_3_590_510_0.893.png,10
207_3_590_510_0.893.png,19
207_3_590_510_0.893.png,9
207_3_590_510_0.893.png,8
207_3_590_510_0.893.png,20
207_3_590_510_0.893.png,1
207_3_590_510_0.893.png,11
207_3_590_510_0.893.png,8
207_3_590_510_0.893.png,12
207_3_590_510_0.893.png,20
207_3_590_510_0.893.png,2
207_3_590_510_0.893.png,3
207_3_590_510_0.893.png,6
207_3_590_510_0.893.png,18
207_3_590_510_0.893.png,14
207_3_590_510_0.893.png,5
207_3_590_510_0.893.png,23
207_3_590_510_0.893.png,9
207_3_590_510_0.893.png,21
207_3_590_510_0.893.png,2
207_3_590_510_0.893.png,7
207_3_590_510_0.893.png,23
207_3_590_510_0.893.png,13
207_3_590_510_0.893.png,3
207_3_590_510_0.893.png,1
207_3_590_510_0.893.png,6
207_3_590_510_0.893.png,4
207_3_590_510_0.893.png,14
207_3_590_510_0.893.png,4
207_3_590_510_0.893.png,22
148_2_639_411_0.912.png,14
148_2_639_411_0.912.png,10
148_2_639_411_0.912.png,22
148_2_639_411_0.912.png,1
148_2_639_411_0.912.png,9
148_2_639_411_0.912.png,18
148_2_639_411_0.912.png,18
148_2_639_411_0.912.png,5
148_2_639_411_0.912.png,5
148_2_639_411_0.912.png,14
148_2_639_411_0.912.png,8
148_2_639_411_0.912.png,12
148_2_639_411_0.912.png,3
148_2_639_411_0.912.png,19
148_2_639_411_0.912.png,16
148_2_639_411_0.912.png,11
148_2_639_411_0.912.png,10
148_2_639_411_0.912.png,6
148_2_639_411_0.912.png,13
148_2_639_411_0.912.png,11
148_2_639_411_0.912.png,13
148_2_639_411_0.912.png,12
148_2_639_411_0.912.png,17
148_2_639_411_0.912.png,23
148_2_639_411_0.912.png,16
148_2_639_411_0.912.png,15
148_2_639_411_0.912.png,6
148_2_639_411_0.912.png,21
148_2_639_411_0.912.png,4
148_2_639_411_0.912.png,3
148_2_639_411_0.912.png,23
148_2_639_411_0.912.png,22
148_2_639_411_0.912.png,7
148_2_639_411_0.912.png,2
148_2_639_411_0.912.png,17
148_2_639_411_0.912.png,20
148_2_639_411_0.912.png,20
148_2_639_411_0.912.png,15
148_2_639_411_0.912.png,8
148_2_639_411_0.912.png,7
148_2_639_411_0.912.png,2
148_2_639_411_0.912.png,19
148_2_639_411_0.912.png,4
148_2_639_411_0.912.png,9
148_2_639_411_0.912.png,21
148_2_639_411_0.912.png,1
184_4_443_477_0.921.png,20
184_4_443_477_0.921.png,11
184_4_443_477_0.921.png,1
184_4_443_477_0.921.png,22
184_4_443_477_0.921.png,9
184_4_443_477_0.921.png,7
184_4_443_477_0.921.png,17
184_4_443_477_0.921.png,18
184_4_443_477_0.921.png,10
184_4_443_477_0.921.png,4
184_4_443_477_0.921.png,11
184_4_443_477_0.921.png,21
184_4_443_477_0.921.png,3
184_4_443_477_0.921.png,12
184_4_443_477_0.921.png,16
184_4_443_477_0.921.png,5
184_4_443_477_0.921.png,17
184_4_443_477_0.921.png,4
184_4_443_477_0.921.png,2
184_4_443_477_0.921.png,19
184_4_443_477_0.921.png,18
184_4_443_477_0.921.png,13
184_4_443_477_0.921.png,6
184_4_443_477_0.921.png,1
184_4_443_477_0.921.png,10
184_4_443_477_0.921.png,23
184_4_443_477_0.921.png,5
184_4_443_477_0.921.png,15
184_4_443_477_0.921.png,8
184_4_443_477_0.921.png,7
184_4_443_477_0.921.png,20
184_4_443_477_0.921.png,12
184_4_443_477_0.921.png,2
184_4_443_477_0.921.png,8
184_4_443_477_0.921.png,3
184_4_443_477_0.921.png,14
184_4_443_477_0.921.png,23
184_4_443_477_0.921.png,16
184_4_443_477_0.921.png,5
184_4_443_477_0.921.png,22
184_4_443_477_0.921.png,13
184_4_443_477_0.921.png,19
184_4_443_477_0.921.png,9
184_4_443_477_0.921.png,15
184_4_443_477_0.921.png,14
273_2_884_609_0.812.png,14
273_2_884_609_0.812.png,20
273_2_884_609_0.812.png,10
273_2_884_609_0.812.png,1
273_2_884_609_0.812.png,11
273_2_884_609_0.812.png,3
273_2_884_609_0.812.png,17
273_2_884_609_0.812.png,18
273_2_884_609_0.812.png,6
273_2_884_609_0.812.png,13
273_2_884_609_0.812.png,9
273_2_884_609_0.812.png,19
273_2_884_609_0.812.png,16
273_2_884_609_0.812.png,2
273_2_884_609_0.812.png,10
273_2_884_609_0.812.png,18
273_2_884_609_0.812.png,5
273_2_884_609_0.812.png,4
273_2_884_609_0.812.png,11
273_2_884_609_0.812.png,4
273_2_884_609_0.812.png,9
273_2_884_609_0.812.png,8
273_2_884_609_0.812.png,14
273_2_884_609_0.812.png,2
273_2_884_609_0.812.png,17
273_2_884_609_0.812.png,23
273_2_884_609_0.812.png,15
273_2_884_609_0.812.png,1
273_2_884_609_0.812.png,21
273_2_884_609_0.812.png,13
273_2_884_609_0.812.png,21
273_2_884_609_0.812.png,23
273_2_884_609_0.812.png,15
273_2_884_609_0.812.png,3
273_2_884_609_0.812.png,16
273_2_884_609_0.812.png,8
273_2_884_609_0.812.png,12
273_2_884_609_0.812.png,20
273_2_884_609_0.812.png,7
273_2_884_609_0.812.png,19
273_2_884_609_0.812.png,5
273_2_884_609_0.812.png,6
273_2_884_609_0.812.png,22
273_2_884_609_0.812.png,22
273_2_884_609_0.812.png,7
0_2_247_180_0.880.png,17
0_2_247_180_0.880.png,15
0_2_247_180_0.880.png,2
0_2_247_180_0.880.png,13
0_2_247_180_0.880.png,23
0_2_247_180_0.880.png,1
0_2_247_180_0.880.png,18
0_2_247_180_0.880.png,3
0_2_247_180_0.880.png,8
0_2_247_180_0.880.png,5
0_2_247_180_0.880.png,1
0_2_247_180_0.880.png,14
0_2_247_180_0.880.png,20
0_2_247_180_0.880.png,12
0_2_247_180_0.880.png,6
0_2_247_180_0.880.png,10
0_2_247_180_0.880.png,9
0_2_247_180_0.880.png,21
0_2_247_180_0.880.png,2
0_2_247_180_0.880.png,12
0_2_247_180_0.880.png,11
0_2_247_180_0.880.png,4
0_2_247_180_0.880.png,5
0_2_247_180_0.880.png,3
0_2_247_180_0.880.png,16
0_2_247_180_0.880.png,16
0_2_247_180_0.880.png,22
0_2_247_180_0.880.png,15
0_2_247_180_0.880.png,14
0_2_247_180_0.880.png,9
0_2_247_180_0.880.png,6
0_2_247_180_0.880.png,19
0_2_247_180_0.880.png,4
0_2_247_180_0.880.png,11
0_2_247_180_0.880.png,17
0_2_247_180_0.880.png,23
0_2_247_180_0.880.png,18
0_2_247_180_0.880.png,7
0_2_247_180_0.880.png,20
0_2_247_180_0.880.png,10
0_2_247_180_0.880.png,21
0_2_247_180_0.880.png,8
0_2_247_180_0.880.png,18
0_2_247_180_0.880.png,7
0_2_247_180_0.880.png,22
0_2_247_180_0.880.png,13
100_2_247_345_0.877.png,14
100_2_247_345_0.877.png,13
100_2_247_345_0.877.png,8
100_2_247_345_0.877.png,4
100_2_247_345_0.877.png,14
100_2_247_345_0.877.png,1
100_2_247_345_0.877.png,8
100_2_247_345_0.877.png,2
100_2_247_345_0.877.png,12
100_2_247_345_0.877.png,21
100_2_247_345_0.877.png,7
100_2_247_345_0.877.png,18
100_2_247_345_0.877.png,3
100_2_247_345_0.877.png,11
100_2_247_345_0.877.png,15
100_2_247_345_0.877.png,6
100_2_247_345_0.877.png,20
100_2_247_345_0.877.png,3
100_2_247_345_0.877.png,22
100_2_247_345_0.877.png,13
100_2_247_345_0.877.png,15
100_2_247_345_0.877.png,16
100_2_247_345_0.877.png,19
100_2_247_345_0.877.png,9
100_2_247_345_0.877.png,2
100_2_247_345_0.877.png,20
100_2_247_345_0.877.png,17
100_2_247_345_0.877.png,11
100_2_247_345_0.877.png,1
100_2_247_345_0.877.png,18
100_2_247_345_0.877.png,10
100_2_247_345_0.877.png,9
100_2_247_345_0.877.png,16
100_2_247_345_0.877.png,6
100_2_247_345_0.877.png,5
100_2_247_345_0.877.png,23
100_2_247_345_0.877.png,8
100_2_247_345_0.877.png,4
100_2_247_345_0.877.png,7
100_2_247_345_0.877.png,12
100_2_247_345_0.877.png,21
100_2_247_345_0.877.png,22
19_5_1178_180_0.632.png,19
19_5_1178_180_0.632.png,9
19_5_1178_180_0.632.png,13
19_5_1178_180_0.632.png,12
19_5_1178_180_0.632.png,14
19_5_1178_180_0.632.png,13
19_5_1178_180_0.632.png,3
19_5_1178_180_0.632.png,3
19_5_1178_180_0.632.png,17
19_5_1178_180_0.632.png,15
19_5_1178_180_0.632.png,11
19_5_1178_180_0.632.png,9
19_5_1178_180_0.632.png,21
19_5_1178_180_0.632.png,22
19_5_1178_180_0.632.png,23
19_5_1178_180_0.632.png,6
19_5_1178_180_0.632.png,23
19_5_1178_180_0.632.png,21
19_5_1178_180_0.632.png,1
19_5_1178_180_0.632.png,16
19_5_1178_180_0.632.png,18
19_5_1178_180_0.632.png,10
19_5_1178_180_0.632.png,12
19_5_1178_180_0.632.png,8
19_5_1178_180_0.632.png,19
19_5_1178_180_0.632.png,16
19_5_1178_180_0.632.png,7
19_5_1178_180_0.632.png,4
19_5_1178_180_0.632.png,2
19_5_1178_180_0.632.png,20
19_5_1178_180_0.632.png,10
19_5_1178_180_0.632.png,15
19_5_1178_180_0.632.png,2
19_5_1178_180_0.632.png,4
19_5_1178_180_0.632.png,22
19_5_1178_180_0.632.png,8
19_5_1178_180_0.632.png,5
19_5_1178_180_0.632.png,7
19_5_1178_180_0.632.png,6
19_5_1178_180_0.632.png,11
19_5_1178_180_0.632.png,17
19_5_1178_180_0.632.png,14
19_5_1178_180_0.632.png,5
19_5_1178_180_0.632.png,1
1_5_296_180_0.497.png,16
1_5_296_180_0.497.png,20
1_5_296_180_0.497.png,18
1_5_296_180_0.497.png,2
1_5_296_180_0.497.png,9
1_5_296_180_0.497.png,12
1_5_296_180_0.497.png,10
1_5_296_180_0.497.png,4
1_5_296_180_0.497.png,15
1_5_296_180_0.497.png,12
1_5_296_180_0.497.png,23
1_5_296_180_0.497.png,8
1_5_296_180_0.497.png,10
1_5_296_180_0.497.png,11
1_5_296_180_0.497.png,14
1_5_296_180_0.497.png,6
1_5_296_180_0.497.png,23
1_5_296_180_0.497.png,7
1_5_296_180_0.497.png,5
1_5_296_180_0.497.png,1
1_5_296_180_0.497.png,16
1_5_296_180_0.497.png,15
1_5_296_180_0.497.png,13
1_5_296_180_0.497.png,4
1_5_296_180_0.497.png,1
1_5_296_180_0.497.png,3
1_5_296_180_0.497.png,17
1_5_296_180_0.497.png,19
1_5_296_180_0.497.png,2
1_5_296_180_0.497.png,21
1_5_296_180_0.497.png,8
1_5_296_180_0.497.png,21
1_5_296_180_0.497.png,11
1_5_296_180_0.497.png,13
1_5_296_180_0.497.png,3
1_5_296_180_0.497.png,18
1_5_296_180_0.497.png,7
1_5_296_180_0.497.png,6
1_5_296_180_0.497.png,14
1_5_296_180_0.497.png,22
1_5_296_180_0.497.png,9
1_5_296_180_0.497.png,17
1_5_296_180_0.497.png,19
1_5_296_180_0.497.png,5
44_2_443_246_0.904.png,21
44_2_443_246_0.904.png,10
44_2_443_246_0.904.png,6
44_2_443_246_0.904.png,9
44_2_443_246_0.904.png,4
44_2_443_246_0.904.png,2
44_2_443_246_0.904.png,16
44_2_443_246_0.904.png,8
44_2_443_246_0.904.png,19
44_2_443_246_0.904.png,3
44_2_443_246_0.904.png,23
44_2_443_246_0.904.png,11
44_2_443_246_0.904.png,7
44_2_443_246_0.904.png,14
44_2_443_246_0.904.png,21
44_2_443_246_0.904.png,2
44_2_443_246_0.904.png,3
44_2_443_246_0.904.png,18
44_2_443_246_0.904.png,15
44_2_443_246_0.904.png,17
44_2_443_246_0.904.png,8
44_2_443_246_0.904.png,1
44_2_443_246_0.904.png,13
44_2_443_246_0.904.png,12
44_2_443_246_0.904.png,11
44_2_443_246_0.904.png,22
44_2_443_246_0.904.png,7
44_2_443_246_0.904.png,4
44_2_443_246_0.904.png,18
44_2_443_246_0.904.png,15
44_2_443_246_0.904.png,5
44_2_443_246_0.904.png,20
44_2_443_246_0.904.png,5
44_2_443_246_0.904.png,17
44_2_443_246_0.904.png,1
44_2_443_246_0.904.png,6
44_2_443_246_0.904.png,19
44_2_443_246_0.904.png,23
44_2_443_246_0.904.png,16
44_2_443_246_0.904.png,10
44_2_443_246_0.904.png,22
44_2_443_246_0.904.png,12
44_2_443_246_0.904.png,9
44_2_443_246_0.904.png,20
44_2_443_246_0.904.png,14
27_2_590_213_0.920.png,22
27_2_590_213_0.920.png,11
27_2_590_213_0.920.png,14
27_2_590_213_0.920.png,23
27_2_590_213_0.920.png,22
27_2_590_213_0.920.png,18
27_2_590_213_0.920.png,12
27_2_590_213_0.920.png,4
27_2_590_213_0.920.png,21
27_2_590_213_0.920.png,13
27_2_590_213_0.920.png,7
27_2_590_213_0.920.png,17
27_2_590_213_0.920.png,1
27_2_590_213_0.920.png,14
27_2_590_213_0.920.png,5
27_2_590_213_0.920.png,15
27_2_590_213_0.920.png,5
27_2_590_213_0.920.png,23
27_2_590_213_0.920.png,10
27_2_590_213_0.920.png,2
27_2_590_213_0.920.png,18
27_2_590_213_0.920.png,17
27_2_590_213_0.920.png,19
27_2_590_213_0.920.png,6
27_2_590_213_0.920.png,19
27_2_590_213_0.920.png,16
27_2_590_213_0.920.png,8
27_2_590_213_0.920.png,3
27_2_590_213_0.920.png,11
27_2_590_213_0.920.png,16
27_2_590_213_0.920.png,2
27_2_590_213_0.920.png,15
27_2_590_213_0.920.png,3
27_2_590_213_0.920.png,8
27_2_590_213_0.920.png,7
27_2_590_213_0.920.png,10
27_2_590_213_0.920.png,4
27_2_590_213_0.920.png,20
27_2_590_213_0.920.png,12
27_2_590_213_0.920.png,21
27_2_590_213_0.920.png,1
27_2_590_213_0.920.png,9
27_2_590_213_0.920.png,9
27_2_590_213_0.920.png,13
27_2_590_213_0.920.png,6
27_2_590_213_0.920.png,20
42_2_345_246_0.652.png,16
42_2_345_246_0.652.png,21
42_2_345_246_0.652.png,23
42_2_345_246_0.652.png,8
42_2_345_246_0.652.png,6
42_2_345_246_0.652.png,14
42_2_345_246_0.652.png,19
42_2_345_246_0.652.png,4
42_2_345_246_0.652.png,19
42_2_345_246_0.652.png,9
42_2_345_246_0.652.png,10
42_2_345_246_0.652.png,7
42_2_345_246_0.652.png,18
42_2_345_246_0.652.png,20
42_2_345_246_0.652.png,5
42_2_345_246_0.652.png,22
42_2_345_246_0.652.png,7
42_2_345_246_0.652.png,1
42_2_345_246_0.652.png,6
42_2_345_246_0.652.png,2
42_2_345_246_0.652.png,5
42_2_345_246_0.652.png,13
42_2_345_246_0.652.png,1
42_2_345_246_0.652.png,12
42_2_345_246_0.652.png,18
42_2_345_246_0.652.png,8
42_2_345_246_0.652.png,15
42_2_345_246_0.652.png,20
42_2_345_246_0.652.png,11
42_2_345_246_0.652.png,12
42_2_345_246_0.652.png,14
42_2_345_246_0.652.png,2
42_2_345_246_0.652.png,10
42_2_345_246_0.652.png,4
42_2_345_246_0.652.png,22
42_2_345_246_0.652.png,23
42_2_345_246_0.652.png,3
42_2_345_246_0.652.png,17
42_2_345_246_0.652.png,17
42_2_345_246_0.652.png,11
42_2_345_246_0.652.png,9
42_2_345_246_0.652.png,16
42_2_345_246_0.652.png,15
42_2_345_246_0.652.png,13
30_2_737_213_0.536.png,20
30_2_737_213_0.536.png,13
30_2_737_213_0.536.png,8
30_2_737_213_0.536.png,6
30_2_737_213_0.536.png,15
30_2_737_213_0.536.png,21
30_2_737_213_0.536.png,23
30_2_737_213_0.536.png,5
30_2_737_213_0.536.png,11
30_2_737_213_0.536.png,7
30_2_737_213_0.536.png,9
30_2_737_213_0.536.png,5
30_2_737_213_0.536.png,9
30_2_737_213_0.536.png,6
30_2_737_213_0.536.png,20
30_2_737_213_0.536.png,1
30_2_737_213_0.536.png,2
30_2_737_213_0.536.png,4
30_2_737_213_0.536.png,3
30_2_737_213_0.536.png,2
30_2_737_213_0.536.png,23
30_2_737_213_0.536.png,4
30_2_737_213_0.536.png,12
30_2_737_213_0.536.png,14
30_2_737_213_0.536.png,12
30_2_737_213_0.536.png,22
30_2_737_213_0.536.png,21
30_2_737_213_0.536.png,7
30_2_737_213_0.536.png,3
30_2_737_213_0.536.png,10
30_2_737_213_0.536.png,17
30_2_737_213_0.536.png,16
30_2_737_213_0.536.png,14
30_2_737_213_0.536.png,8
30_2_737_213_0.536.png,11
30_2_737_213_0.536.png,19
30_2_737_213_0.536.png,17
30_2_737_213_0.536.png,1
30_2_737_213_0.536.png,16
30_2_737_213_0.536.png,18
30_2_737_213_0.536.png,18
30_2_737_213_0.536.png,15
30_2_737_213_0.536.png,10
30_2_737_213_0.536.png,19
30_2_737_213_0.536.png,22
30_2_737_213_0.536.png,13
29_5_688_213_0.799.png,2
29_5_688_213_0.799.png,21
29_5_688_213_0.799.png,19
29_5_688_213_0.799.png,16
29_5_688_213_0.799.png,16
29_5_688_213_0.799.png,14
29_5_688_213_0.799.png,15
29_5_688_213_0.799.png,14
29_5_688_213_0.799.png,12
29_5_688_213_0.799.png,1
29_5_688_213_0.799.png,8
29_5_688_213_0.799.png,13
29_5_688_213_0.799.png,21
29_5_688_213_0.799.png,12
29_5_688_213_0.799.png,22
29_5_688_213_0.799.png,20
29_5_688_213_0.799.png,11
29_5_688_213_0.799.png,18
29_5_688_213_0.799.png,3
29_5_688_213_0.799.png,20
29_5_688_213_0.799.png,22
29_5_688_213_0.799.png,9
29_5_688_213_0.799.png,3
29_5_688_213_0.799.png,5
29_5_688_213_0.799.png,4
29_5_688_213_0.799.png,6
29_5_688_213_0.799.png,1
29_5_688_213_0.799.png,9
29_5_688_213_0.799.png,10
29_5_688_213_0.799.png,2
29_5_688_213_0.799.png,8
29_5_688_213_0.799.png,7
29_5_688_213_0.799.png,4
29_5_688_213_0.799.png,5
29_5_688_213_0.799.png,6
29_5_688_213_0.799.png,15
29_5_688_213_0.799.png,10
29_5_688_213_0.799.png,11
29_5_688_213_0.799.png,17
29_5_688_213_0.799.png,9
29_5_688_213_0.799.png,17
29_5_688_213_0.799.png,18
29_5_688_213_0.799.png,7
29_5_688_213_0.799.png,19
29_5_688_213_0.799.png,23
29_5_688_213_0.799.png,23
24_4_443_213_0.858.png,21
24_4_443_213_0.858.png,10
24_4_443_213_0.858.png,17
24_4_443_213_0.858.png,15
24_4_443_213_0.858.png,8
24_4_443_213_0.858.png,12
24_4_443_213_0.858.png,11
24_4_443_213_0.858.png,22
24_4_443_213_0.858.png,4
24_4_443_213_0.858.png,18
24_4_443_213_0.858.png,15
24_4_443_213_0.858.png,6
24_4_443_213_0.858.png,1
24_4_443_213_0.858.png,17
24_4_443_213_0.858.png,20
24_4_443_213_0.858.png,5
24_4_443_213_0.858.png,7
24_4_443_213_0.858.png,13
24_4_443_213_0.858.png,1
24_4_443_213_0.858.png,5
24_4_443_213_0.858.png,6
24_4_443_213_0.858.png,16
24_4_443_213_0.858.png,18
24_4_443_213_0.858.png,9
24_4_443_213_0.858.png,2
24_4_443_213_0.858.png,4
24_4_443_213_0.858.png,9
24_4_443_213_0.858.png,3
24_4_443_213_0.858.png,23
24_4_443_213_0.858.png,11
24_4_443_213_0.858.png,19
24_4_443_213_0.858.png,7
24_4_443_213_0.858.png,14
24_4_443_213_0.858.png,22
24_4_443_213_0.858.png,9
24_4_443_213_0.858.png,23
24_4_443_213_0.858.png,3
24_4_443_213_0.858.png,2
24_4_443_213_0.858.png,21
24_4_443_213_0.858.png,19
24_4_443_213_0.858.png,16
24_4_443_213_0.858.png,10
24_4_443_213_0.858.png,12
24_4_443_213_0.858.png,14
24_4_443_213_0.858.png,20
3_2_394_180_0.538.png,21
3_2_394_180_0.538.png,7
3_2_394_180_0.538.png,23
3_2_394_180_0.538.png,9
3_2_394_180_0.538.png,17
3_2_394_180_0.538.png,9
3_2_394_180_0.538.png,6
3_2_394_180_0.538.png,12
3_2_394_180_0.538.png,1
3_2_394_180_0.538.png,20
3_2_394_180_0.538.png,4
3_2_394_180_0.538.png,11
3_2_394_180_0.538.png,20
3_2_394_180_0.538.png,21
3_2_394_180_0.538.png,10
3_2_394_180_0.538.png,7
3_2_394_180_0.538.png,14
3_2_394_180_0.538.png,12
3_2_394_180_0.538.png,2
3_2_394_180_0.538.png,10
3_2_394_180_0.538.png,22
3_2_394_180_0.538.png,8
3_2_394_180_0.538.png,16
3_2_394_180_0.538.png,8
3_2_394_180_0.538.png,15
3_2_394_180_0.538.png,13
3_2_394_180_0.538.png,13
3_2_394_180_0.538.png,14
3_2_394_180_0.538.png,6
3_2_394_180_0.538.png,3
3_2_394_180_0.538.png,4
3_2_394_180_0.538.png,19
3_2_394_180_0.538.png,3
3_2_394_180_0.538.png,5
3_2_394_180_0.538.png,22
3_2_394_180_0.538.png,1
3_2_394_180_0.538.png,18
3_2_394_180_0.538.png,17
3_2_394_180_0.538.png,15
3_2_394_180_0.538.png,11
3_2_394_180_0.538.png,5
3_2_394_180_0.538.png,16
3_2_394_180_0.538.png,2
47_2_590_246_0.849.png,5
47_2_590_246_0.849.png,2
47_2_590_246_0.849.png,15
47_2_590_246_0.849.png,22
47_2_590_246_0.849.png,8
47_2_590_246_0.849.png,7
47_2_590_246_0.849.png,5
47_2_590_246_0.849.png,11
47_2_590_246_0.849.png,1
47_2_590_246_0.849.png,23
47_2_590_246_0.849.png,20
47_2_590_246_0.849.png,20
47_2_590_246_0.849.png,13
47_2_590_246_0.849.png,2
47_2_590_246_0.849.png,19
47_2_590_246_0.849.png,10
47_2_590_246_0.849.png,8
47_2_590_246_0.849.png,16
47_2_590_246_0.849.png,15
47_2_590_246_0.849.png,3
47_2_590_246_0.849.png,14
47_2_590_246_0.849.png,9
47_2_590_246_0.849.png,7
47_2_590_246_0.849.png,4
47_2_590_246_0.849.png,21
47_2_590_246_0.849.png,23
47_2_590_246_0.849.png,6
47_2_590_246_0.849.png,6
47_2_590_246_0.849.png,3
47_2_590_246_0.849.png,11
47_2_590_246_0.849.png,22
47_2_590_246_0.849.png,4
47_2_590_246_0.849.png,1
47_2_590_246_0.849.png,18
47_2_590_246_0.849.png,12
47_2_590_246_0.849.png,9
47_2_590_246_0.849.png,10
47_2_590_246_0.849.png,19
47_2_590_246_0.849.png,14
47_2_590_246_0.849.png,17
47_2_590_246_0.849.png,18
47_2_590_246_0.849.png,17
47_2_590_246_0.849.png,21
47_2_590_246_0.849.png,13
105_2_492_345_0.879.png,9
105_2_492_345_0.879.png,16
105_2_492_345_0.879.png,13
105_2_492_345_0.879.png,23
105_2_492_345_0.879.png,18
105_2_492_345_0.879.png,23
105_2_492_345_0.879.png,6
105_2_492_345_0.879.png,2
105_2_492_345_0.879.png,13
105_2_492_345_0.879.png,6
105_2_492_345_0.879.png,11
105_2_492_345_0.879.png,15
105_2_492_345_0.879.png,17
105_2_492_345_0.879.png,15
105_2_492_345_0.879.png,16
105_2_492_345_0.879.png,7
105_2_492_345_0.879.png,1
105_2_492_345_0.879.png,20
105_2_492_345_0.879.png,3
105_2_492_345_0.879.png,5
105_2_492_345_0.879.png,3
105_2_492_345_0.879.png,14
105_2_492_345_0.879.png,12
105_2_492_345_0.879.png,12
105_2_492_345_0.879.png,21
105_2_492_345_0.879.png,8
105_2_492_345_0.879.png,14
105_2_492_345_0.879.png,22
105_2_492_345_0.879.png,7
105_2_492_345_0.879.png,2
105_2_492_345_0.879.png,9
105_2_492_345_0.879.png,10
105_2_492_345_0.879.png,17
105_2_492_345_0.879.png,19
105_2_492_345_0.879.png,20
105_2_492_345_0.879.png,1
105_2_492_345_0.879.png,5
105_2_492_345_0.879.png,11
105_2_492_345_0.879.png,5
105_2_492_345_0.879.png,4
105_2_492_345_0.879.png,8
105_2_492_345_0.879.png,18
105_2_492_345_0.879.png,22
33_6_884_213_0.570.png,5
33_6_884_213_0.570.png,8
33_6_884_213_0.570.png,4
33_6_884_213_0.570.png,11
33_6_884_213_0.570.png,10
33_6_884_213_0.570.png,6
33_6_884_213_0.570.png,2
33_6_884_213_0.570.png,6
33_6_884_213_0.570.png,16
33_6_884_213_0.570.png,8
33_6_884_213_0.570.png,4
33_6_884_213_0.570.png,1
33_6_884_213_0.570.png,9
33_6_884_213_0.570.png,12
33_6_884_213_0.570.png,2
33_6_884_213_0.570.png,20
33_6_884_213_0.570.png,19
33_6_884_213_0.570.png,18
33_6_884_213_0.570.png,14
33_6_884_213_0.570.png,17
33_6_884_213_0.570.png,16
33_6_884_213_0.570.png,21
33_6_884_213_0.570.png,3
33_6_884_213_0.570.png,19
33_6_884_213_0.570.png,12
33_6_884_213_0.570.png,7
33_6_884_213_0.570.png,11
33_6_884_213_0.570.png,3
33_6_884_213_0.570.png,23
33_6_884_213_0.570.png,4
33_6_884_213_0.570.png,9
33_6_884_213_0.570.png,17
33_6_884_213_0.570.png,10
33_6_884_213_0.570.png,20
33_6_884_213_0.570.png,15
33_6_884_213_0.570.png,23
33_6_884_213_0.570.png,18
33_6_884_213_0.570.png,13
33_6_884_213_0.570.png,15
33_6_884_213_0.570.png,14
33_6_884_213_0.570.png,22
33_6_884_213_0.570.png,13
33_6_884_213_0.570.png,21
33_6_884_213_0.570.png,22
33_6_884_213_0.570.png,1
227_2_590_543_0.627.png,12
227_2_590_543_0.627.png,7
227_2_590_543_0.627.png,3
227_2_590_543_0.627.png,16
227_2_590_543_0.627.png,5
227_2_590_543_0.627.png,2
227_2_590_543_0.627.png,13
227_2_590_543_0.627.png,4
227_2_590_543_0.627.png,7
227_2_590_543_0.627.png,16
227_2_590_543_0.627.png,18
227_2_590_543_0.627.png,9
227_2_590_543_0.627.png,1
227_2_590_543_0.627.png,23
227_2_590_543_0.627.png,21
227_2_590_543_0.627.png,18
227_2_590_543_0.627.png,4
227_2_590_543_0.627.png,1
227_2_590_543_0.627.png,15
227_2_590_543_0.627.png,8
227_2_590_543_0.627.png,16
227_2_590_543_0.627.png,10
227_2_590_543_0.627.png,9
227_2_590_543_0.627.png,3
227_2_590_543_0.627.png,6
227_2_590_543_0.627.png,12
227_2_590_543_0.627.png,20
227_2_590_543_0.627.png,14
227_2_590_543_0.627.png,21
227_2_590_543_0.627.png,14
227_2_590_543_0.627.png,15
227_2_590_543_0.627.png,6
227_2_590_543_0.627.png,11
227_2_590_543_0.627.png,23
227_2_590_543_0.627.png,8
227_2_590_543_0.627.png,22
227_2_590_543_0.627.png,17
227_2_590_543_0.627.png,2
227_2_590_543_0.627.png,5
227_2_590_543_0.627.png,19
227_2_590_543_0.627.png,13
227_2_590_543_0.627.png,17
227_2_590_543_0.627.png,10
227_2_590_543_0.627.png,11
227_2_590_543_0.627.png,20
227_2_590_543_0.627.png,22
18_2_1129_180_0.832.png,7
18_2_1129_180_0.832.png,18
18_2_1129_180_0.832.png,15
18_2_1129_180_0.832.png,8
18_2_1129_180_0.832.png,12
18_2_1129_180_0.832.png,5
18_2_1129_180_0.832.png,21
18_2_1129_180_0.832.png,13
18_2_1129_180_0.832.png,20
18_2_1129_180_0.832.png,12
18_2_1129_180_0.832.png,23
18_2_1129_180_0.832.png,3
18_2_1129_180_0.832.png,10
18_2_1129_180_0.832.png,2
18_2_1129_180_0.832.png,1
18_2_1129_180_0.832.png,13
18_2_1129_180_0.832.png,23
18_2_1129_180_0.832.png,8
18_2_1129_180_0.832.png,6
18_2_1129_180_0.832.png,6
18_2_1129_180_0.832.png,16
18_2_1129_180_0.832.png,14
18_2_1129_180_0.832.png,18
18_2_1129_180_0.832.png,5
18_2_1129_180_0.832.png,19
18_2_1129_180_0.832.png,11
18_2_1129_180_0.832.png,10
18_2_1129_180_0.832.png,4
18_2_1129_180_0.832.png,11
18_2_1129_180_0.832.png,9
18_2_1129_180_0.832.png,9
18_2_1129_180_0.832.png,17
18_2_1129_180_0.832.png,20
18_2_1129_180_0.832.png,22
18_2_1129_180_0.832.png,7
18_2_1129_180_0.832.png,3
18_2_1129_180_0.832.png,19
18_2_1129_180_0.832.png,16
18_2_1129_180_0.832.png,2
18_2_1129_180_0.832.png,17
18_2_1129_180_0.832.png,21
18_2_1129_180_0.832.png,15
18_2_1129_180_0.832.png,1
18_2_1129_180_0.832.png,22
18_2_1129_180_0.832.png,14
18_2_1129_180_0.832.png,4
169_4_688_444_0.856.png,23
169_4_688_444_0.856.png,9
169_4_688_444_0.856.png,23
169_4_688_444_0.856.png,19
169_4_688_444_0.856.png,1
169_4_688_444_0.856.png,3
169_4_688_444_0.856.png,7
169_4_688_444_0.856.png,22
169_4_688_444_0.856.png,18
169_4_688_444_0.856.png,13
169_4_688_444_0.856.png,8
169_4_688_444_0.856.png,6
169_4_688_444_0.856.png,18
169_4_688_444_0.856.png,4
169_4_688_444_0.856.png,5
169_4_688_444_0.856.png,8
169_4_688_444_0.856.png,2
169_4_688_444_0.856.png,11
169_4_688_444_0.856.png,9
169_4_688_444_0.856.png,5
169_4_688_444_0.856.png,21
169_4_688_444_0.856.png,17
169_4_688_444_0.856.png,6
169_4_688_444_0.856.png,2
169_4_688_444_0.856.png,12
169_4_688_444_0.856.png,15
169_4_688_444_0.856.png,14
169_4_688_444_0.856.png,14
169_4_688_444_0.856.png,12
169_4_688_444_0.856.png,14
169_4_688_444_0.856.png,3
169_4_688_444_0.856.png,11
169_4_688_444_0.856.png,13
169_4_688_444_0.856.png,10
169_4_688_444_0.856.png,10
169_4_688_444_0.856.png,19
169_4_688_444_0.856.png,17
169_4_688_444_0.856.png,16
169_4_688_444_0.856.png,7
169_4_688_444_0.856.png,20
169_4_688_444_0.856.png,20
169_4_688_444_0.856.png,21
169_4_688_444_0.856.png,15
169_4_688_444_0.856.png,16
169_4_688_444_0.856.png,1
169_4_688_444_0.856.png,22
266_2_541_609_0.775.png,20
266_2_541_609_0.775.png,4
266_2_541_609_0.775.png,1
266_2_541_609_0.775.png,13
266_2_541_609_0.775.png,23
266_2_541_609_0.775.png,21
266_2_541_609_0.775.png,12
266_2_541_609_0.775.png,11
266_2_541_609_0.775.png,11
266_2_541_609_0.775.png,7
266_2_541_609_0.775.png,5
266_2_541_609_0.775.png,9
266_2_541_609_0.775.png,3
266_2_541_609_0.775.png,8
266_2_541_609_0.775.png,10
266_2_541_609_0.775.png,17
266_2_541_609_0.775.png,21
266_2_541_609_0.775.png,1
266_2_541_609_0.775.png,22
266_2_541_609_0.775.png,3
266_2_541_609_0.775.png,18
266_2_541_609_0.775.png,12
266_2_541_609_0.775.png,5
266_2_541_609_0.775.png,23
266_2_541_609_0.775.png,6
266_2_541_609_0.775.png,13
266_2_541_609_0.775.png,16
266_2_541_609_0.775.png,19
266_2_541_609_0.775.png,9
266_2_541_609_0.775.png,8
266_2_541_609_0.775.png,6
266_2_541_609_0.775.png,17
266_2_541_609_0.775.png,15
266_2_541_609_0.775.png,15
266_2_541_609_0.775.png,20
266_2_541_609_0.775.png,4
266_2_541_609_0.775.png,22
266_2_541_609_0.775.png,2
266_2_541_609_0.775.png,14
266_2_541_609_0.775.png,16
266_2_541_609_0.775.png,2
266_2_541_609_0.775.png,18
266_2_541_609_0.775.png,19
266_2_541_609_0.775.png,7
266_2_541_609_0.775.png,14
266_2_541_609_0.775.png,10
15_4_982_180_0.520.png,9
15_4_982_180_0.520.png,9
15_4_982_180_0.520.png,14
15_4_982_180_0.520.png,6
15_4_982_180_0.520.png,17
15_4_982_180_0.520.png,11
15_4_982_180_0.520.png,22
15_4_982_180_0.520.png,18
15_4_982_180_0.520.png,21
15_4_982_180_0.520.png,11
15_4_982_180_0.520.png,16
15_4_982_180_0.520.png,3
15_4_982_180_0.520.png,10
15_4_982_180_0.520.png,12
15_4_982_180_0.520.png,21
15_4_982_180_0.520.png,20
15_4_982_180_0.520.png,10
15_4_982_180_0.520.png,8
15_4_982_180_0.520.png,2
15_4_982_180_0.520.png,18
15_4_982_180_0.520.png,17
15_4_982_180_0.520.png,1
15_4_982_180_0.520.png,5
15_4_982_180_0.520.png,6
15_4_982_180_0.520.png,5
15_4_982_180_0.520.png,4
15_4_982_180_0.520.png,4
15_4_982_180_0.520.png,3
15_4_982_180_0.520.png,7
15_4_982_180_0.520.png,15
15_4_982_180_0.520.png,13
15_4_982_180_0.520.png,15
15_4_982_180_0.520.png,13
15_4_982_180_0.520.png,20
15_4_982_180_0.520.png,23
15_4_982_180_0.520.png,1
15_4_982_180_0.520.png,7
15_4_982_180_0.520.png,8
15_4_982_180_0.520.png,23
15_4_982_180_0.520.png,22
15_4_982_180_0.520.png,19
15_4_982_180_0.520.png,2
15_4_982_180_0.520.png,16
15_4_982_180_0.520.png,12
15_4_982_180_0.520.png,19
154_4_933_411_0.519.png,9
154_4_933_411_0.519.png,11
154_4_933_411_0.519.png,10
154_4_933_411_0.519.png,2
154_4_933_411_0.519.png,14
154_4_933_411_0.519.png,9
154_4_933_411_0.519.png,6
154_4_933_411_0.519.png,5
154_4_933_411_0.519.png,22
154_4_933_411_0.519.png,19
154_4_933_411_0.519.png,21
154_4_933_411_0.519.png,21
154_4_933_411_0.519.png,1
154_4_933_411_0.519.png,4
154_4_933_411_0.519.png,22
154_4_933_411_0.519.png,3
154_4_933_411_0.519.png,6
154_4_933_411_0.519.png,15
154_4_933_411_0.519.png,18
154_4_933_411_0.519.png,17
154_4_933_411_0.519.png,17
154_4_933_411_0.519.png,18
154_4_933_411_0.519.png,5
154_4_933_411_0.519.png,7
154_4_933_411_0.519.png,24
154_4_933_411_0.519.png,8
154_4_933_411_0.519.png,16
154_4_933_411_0.519.png,15
154_4_933_411_0.519.png,3
154_4_933_411_0.519.png,13
154_4_933_411_0.519.png,23
154_4_933_411_0.519.png,7
154_4_933_411_0.519.png,13
154_4_933_411_0.519.png,16
154_4_933_411_0.519.png,2
154_4_933_411_0.519.png,20
154_4_933_411_0.519.png,11
154_4_933_411_0.519.png,1
226_4_541_543_0.516.png,12
226_4_541_543_0.516.png,14
226_4_541_543_0.516.png,11
226_4_541_543_0.516.png,14
226_4_541_543_0.516.png,8
226_4_541_543_0.516.png,6
226_4_541_543_0.516.png,13
226_4_541_543_0.516.png,10
226_4_541_543_0.516.png,21
226_4_541_543_0.516.png,22
226_4_541_543_0.516.png,1
226_4_541_543_0.516.png,24
226_4_541_543_0.516.png,4
226_4_541_543_0.516.png,3
226_4_541_543_0.516.png,20
226_4_541_543_0.516.png,16
226_4_541_543_0.516.png,18
226_4_541_543_0.516.png,5
226_4_541_543_0.516.png,5
226_4_541_543_0.516.png,18
226_4_541_543_0.516.png,17
226_4_541_543_0.516.png,11
226_4_541_543_0.516.png,1
226_4_541_543_0.516.png,9
226_4_541_543_0.516.png,12
226_4_541_543_0.516.png,21
226_4_541_543_0.516.png,4
226_4_541_543_0.516.png,10
226_4_541_543_0.516.png,23
226_4_541_543_0.516.png,7
226_4_541_543_0.516.png,19
226_4_541_543_0.516.png,9
226_4_541_543_0.516.png,17
226_4_541_543_0.516.png,22
226_4_541_543_0.516.png,2
226_4_541_543_0.516.png,3
226_4_541_543_0.516.png,16
226_4_541_543_0.516.png,13
226_4_541_543_0.516.png,20
226_4_541_543_0.516.png,15
226_4_541_543_0.516.png,6
226_4_541_543_0.516.png,8
226_4_541_543_0.516.png,15
226_4_541_543_0.516.png,7
226_4_541_543_0.516.png,2
244_1_443_576_0.738.png,4
244_1_443_576_0.738.png,9
244_1_443_576_0.738.png,16
244_1_443_576_0.738.png,16
244_1_443_576_0.738.png,8
244_1_443_576_0.738.png,5
244_1_443_576_0.738.png,5
244_1_443_576_0.738.png,14
244_1_443_576_0.738.png,21
244_1_443_576_0.738.png,10
244_1_443_576_0.738.png,10
244_1_443_576_0.738.png,13
244_1_443_576_0.738.png,15
244_1_443_576_0.738.png,18
244_1_443_576_0.738.png,3
244_1_443_576_0.738.png,13
244_1_443_576_0.738.png,6
244_1_443_576_0.738.png,24
244_1_443_576_0.738.png,7
244_1_443_576_0.738.png,11
244_1_443_576_0.738.png,2
244_1_443_576_0.738.png,11
244_1_443_576_0.738.png,3
244_1_443_576_0.738.png,7
244_1_443_576_0.738.png,9
244_1_443_576_0.738.png,23
244_1_443_576_0.738.png,21
244_1_443_576_0.738.png,12
244_1_443_576_0.738.png,22
244_1_443_576_0.738.png,1
244_1_443_576_0.738.png,17
244_1_443_576_0.738.png,14
244_1_443_576_0.738.png,15
244_1_443_576_0.738.png,6
244_1_443_576_0.738.png,2
244_1_443_576_0.738.png,18
244_1_443_576_0.738.png,4
259_2_1178_576_0.702.png,17
259_2_1178_576_0.702.png,21
259_2_1178_576_0.702.png,3
259_2_1178_576_0.702.png,14
259_2_1178_576_0.702.png,15
259_2_1178_576_0.702.png,8
259_2_1178_576_0.702.png,15
259_2_1178_576_0.702.png,22
259_2_1178_576_0.702.png,3
259_2_1178_576_0.702.png,2
259_2_1178_576_0.702.png,10
259_2_1178_576_0.702.png,5
259_2_1178_576_0.702.png,20
259_2_1178_576_0.702.png,22
259_2_1178_576_0.702.png,1
259_2_1178_576_0.702.png,13
259_2_1178_576_0.702.png,6
259_2_1178_576_0.702.png,4
259_2_1178_576_0.702.png,9
259_2_1178_576_0.702.png,2
259_2_1178_576_0.702.png,6
259_2_1178_576_0.702.png,12
259_2_1178_576_0.702.png,4
259_2_1178_576_0.702.png,24
259_2_1178_576_0.702.png,18
259_2_1178_576_0.702.png,11
259_2_1178_576_0.702.png,19
259_2_1178_576_0.702.png,17
259_2_1178_576_0.702.png,18
259_2_1178_576_0.702.png,10
259_2_1178_576_0.702.png,20
259_2_1178_576_0.702.png,7
259_2_1178_576_0.702.png,16
259_2_1178_576_0.702.png,1
259_2_1178_576_0.702.png,9
259_2_1178_576_0.702.png,14
259_2_1178_576_0.702.png,23
259_2_1178_576_0.702.png,7
259_2_1178_576_0.702.png,21
259_2_1178_576_0.702.png,13
61_4_296_279_0.556.png,9
61_4_296_279_0.556.png,7
61_4_296_279_0.556.png,22
61_4_296_279_0.556.png,3
61_4_296_279_0.556.png,9
61_4_296_279_0.556.png,17
61_4_296_279_0.556.png,4
61_4_296_279_0.556.png,10
61_4_296_279_0.556.png,24
61_4_296_279_0.556.png,21
61_4_296_279_0.556.png,1
61_4_296_279_0.556.png,2
61_4_296_279_0.556.png,19
61_4_296_279_0.556.png,3
61_4_296_279_0.556.png,16
61_4_296_279_0.556.png,22
61_4_296_279_0.556.png,11
61_4_296_279_0.556.png,11
61_4_296_279_0.556.png,14
61_4_296_279_0.556.png,19
61_4_296_279_0.556.png,13
61_4_296_279_0.556.png,1
61_4_296_279_0.556.png,6
61_4_296_279_0.556.png,12
61_4_296_279_0.556.png,6
61_4_296_279_0.556.png,15
61_4_296_279_0.556.png,5
61_4_296_279_0.556.png,16
61_4_296_279_0.556.png,23
61_4_296_279_0.556.png,18
61_4_296_279_0.556.png,18
61_4_296_279_0.556.png,12
61_4_296_279_0.556.png,15
61_4_296_279_0.556.png,7
61_4_296_279_0.556.png,10
61_4_296_279_0.556.png,8
61_4_296_279_0.556.png,5
61_4_296_279_0.556.png,2
61_4_296_279_0.556.png,17
61_4_296_279_0.556.png,8
61_4_296_279_0.556.png,13
61_4_296_279_0.556.png,21
61_4_296_279_0.556.png,4
61_4_296_279_0.556.png,20
61_4_296_279_0.898.png,12
61_4_296_279_0.898.png,24
61_4_296_279_0.898.png,19
61_4_296_279_0.898.png,15
61_4_296_279_0.898.png,10
61_4_296_279_0.898.png,12
61_4_296_279_0.898.png,3
61_4_296_279_0.898.png,5
61_4_296_279_0.898.png,11
61_4_296_279_0.898.png,11
61_4_296_279_0.898.png,16
61_4_296_279_0.898.png,6
61_4_296_279_0.898.png,1
61_4_296_279_0.898.png,4
61_4_296_279_0.898.png,21
61_4_296_279_0.898.png,4
61_4_296_279_0.898.png,2
61_4_296_279_0.898.png,23
61_4_296_279_0.898.png,18
61_4_296_279_0.898.png,22
61_4_296_279_0.898.png,16
61_4_296_279_0.898.png,17
61_4_296_279_0.898.png,6
61_4_296_279_0.898.png,10
61_4_296_279_0.898.png,13
61_4_296_279_0.898.png,1
61_4_296_279_0.898.png,9
61_4_296_279_0.898.png,14
61_4_296_279_0.898.png,17
61_4_296_279_0.898.png,19
61_4_296_279_0.898.png,14
61_4_296_279_0.898.png,3
61_4_296_279_0.898.png,13
61_4_296_279_0.898.png,18
61_4_296_279_0.898.png,7
61_4_296_279_0.898.png,21
61_4_296_279_0.898.png,9
61_4_296_279_0.898.png,15
61_4_296_279_0.898.png,7
61_4_296_279_0.898.png,8
61_4_296_279_0.898.png,22
61_4_296_279_0.898.png,20
61_4_296_279_0.898.png,5
61_4_296_279_0.898.png,2
61_4_296_279_0.898.png,8
67_4_590_279_0.915.png,4
67_4_590_279_0.915.png,1
67_4_590_279_0.915.png,19
67_4_590_279_0.915.png,10
67_4_590_279_0.915.png,9
67_4_590_279_0.915.png,13
67_4_590_279_0.915.png,2
67_4_590_279_0.915.png,22
67_4_590_279_0.915.png,16
67_4_590_279_0.915.png,3
67_4_590_279_0.915.png,12
67_4_590_279_0.915.png,22
67_4_590_279_0.915.png,21
67_4_590_279_0.915.png,8
67_4_590_279_0.915.png,6
67_4_590_279_0.915.png,20
67_4_590_279_0.915.png,18
67_4_590_279_0.915.png,17
67_4_590_279_0.915.png,18
67_4_590_279_0.915.png,6
67_4_590_279_0.915.png,8
67_4_590_279_0.915.png,2
67_4_590_279_0.915.png,7
67_4_590_279_0.915.png,10
67_4_590_279_0.915.png,24
67_4_590_279_0.915.png,12
67_4_590_279_0.915.png,23
67_4_590_279_0.915.png,15
67_4_590_279_0.915.png,1
67_4_590_279_0.915.png,17
67_4_590_279_0.915.png,12
67_4_590_279_0.915.png,20
67_4_590_279_0.915.png,9
67_4_590_279_0.915.png,19
67_4_590_279_0.915.png,14
67_4_590_279_0.915.png,15
67_4_590_279_0.915.png,16
67_4_590_279_0.915.png,5
67_4_590_279_0.915.png,13
67_4_590_279_0.915.png,11
67_4_590_279_0.915.png,14
67_4_590_279_0.915.png,4
67_4_590_279_0.915.png,7
67_4_590_279_0.915.png,5
67_4_590_279_0.915.png,3
67_4_590_279_0.915.png,21
70_4_737_279_0.908.png,1
70_4_737_279_0.908.png,20
70_4_737_279_0.908.png,10
70_4_737_279_0.908.png,5
70_4_737_279_0.908.png,18
70_4_737_279_0.908.png,13
70_4_737_279_0.908.png,12
70_4_737_279_0.908.png,3
70_4_737_279_0.908.png,16
70_4_737_279_0.908.png,5
70_4_737_279_0.908.png,19
70_4_737_279_0.908.png,8
70_4_737_279_0.908.png,15
70_4_737_279_0.908.png,9
70_4_737_279_0.908.png,16
70_4_737_279_0.908.png,18
70_4_737_279_0.908.png,24
70_4_737_279_0.908.png,10
70_4_737_279_0.908.png,11
70_4_737_279_0.908.png,19
70_4_737_279_0.908.png,6
70_4_737_279_0.908.png,21
70_4_737_279_0.908.png,11
70_4_737_279_0.908.png,21
70_4_737_279_0.908.png,14
70_4_737_279_0.908.png,22
70_4_737_279_0.908.png,13
70_4_737_279_0.908.png,7
70_4_737_279_0.908.png,6
70_4_737_279_0.908.png,1
70_4_737_279_0.908.png,20
70_4_737_279_0.908.png,17
70_4_737_279_0.908.png,2
70_4_737_279_0.908.png,12
70_4_737_279_0.908.png,15
70_4_737_279_0.908.png,4
70_4_737_279_0.908.png,7
70_4_737_279_0.908.png,14
70_4_737_279_0.908.png,23
70_4_737_279_0.908.png,9
70_4_737_279_0.908.png,22
70_4_737_279_0.908.png,17
70_4_737_279_0.908.png,3
70_4_737_279_0.908.png,8
70_4_737_279_0.908.png,2
70_4_737_279_0.908.png,4
74_2_933_279_0.848.png,11
74_2_933_279_0.848.png,5
74_2_933_279_0.848.png,13
74_2_933_279_0.848.png,19
74_2_933_279_0.848.png,20
74_2_933_279_0.848.png,4
74_2_933_279_0.848.png,14
74_2_933_279_0.848.png,19
74_2_933_279_0.848.png,16
74_2_933_279_0.848.png,11
74_2_933_279_0.848.png,5
74_2_933_279_0.848.png,2
74_2_933_279_0.848.png,16
74_2_933_279_0.848.png,15
74_2_933_279_0.848.png,18
74_2_933_279_0.848.png,22
74_2_933_279_0.848.png,21
74_2_933_279_0.848.png,1
74_2_933_279_0.848.png,9
74_2_933_279_0.848.png,15
74_2_933_279_0.848.png,4
74_2_933_279_0.848.png,12
74_2_933_279_0.848.png,1
74_2_933_279_0.848.png,6
74_2_933_279_0.848.png,20
74_2_933_279_0.848.png,18
74_2_933_279_0.848.png,7
74_2_933_279_0.848.png,3
74_2_933_279_0.848.png,6
74_2_933_279_0.848.png,17
74_2_933_279_0.848.png,23
74_2_933_279_0.848.png,10
74_2_933_279_0.848.png,14
74_2_933_279_0.848.png,9
74_2_933_279_0.848.png,12
74_2_933_279_0.848.png,10
74_2_933_279_0.848.png,13
74_2_933_279_0.848.png,8
74_2_933_279_0.848.png,2
74_2_933_279_0.848.png,17
74_2_933_279_0.848.png,3
74_2_933_279_0.848.png,8
74_2_933_279_0.848.png,21
74_2_933_279_0.848.png,24
74_2_933_279_0.848.png,7
74_2_933_279_0.848.png,22
81_6_296_312_0.890.png,3
81_6_296_312_0.890.png,21
81_6_296_312_0.890.png,7
81_6_296_312_0.890.png,1
81_6_296_312_0.890.png,4
81_6_296_312_0.890.png,12
81_6_296_312_0.890.png,15
81_6_296_312_0.890.png,14
81_6_296_312_0.890.png,7
81_6_296_312_0.890.png,19
81_6_296_312_0.890.png,23
81_6_296_312_0.890.png,10
81_6_296_312_0.890.png,11
81_6_296_312_0.890.png,8
81_6_296_312_0.890.png,22
81_6_296_312_0.890.png,20
81_6_296_312_0.890.png,10
81_6_296_312_0.890.png,3
81_6_296_312_0.890.png,2
81_6_296_312_0.890.png,6
81_6_296_312_0.890.png,13
81_6_296_312_0.890.png,11
81_6_296_312_0.890.png,22
81_6_296_312_0.890.png,18
81_6_296_312_0.890.png,17
81_6_296_312_0.890.png,20
81_6_296_312_0.890.png,13
81_6_296_312_0.890.png,19
81_6_296_312_0.890.png,8
81_6_296_312_0.890.png,6
81_6_296_312_0.890.png,18
81_6_296_312_0.890.png,15
81_6_296_312_0.890.png,2
81_6_296_312_0.890.png,1
81_6_296_312_0.890.png,24
81_6_296_312_0.890.png,5
81_6_296_312_0.890.png,21
81_6_296_312_0.890.png,17
81_6_296_312_0.890.png,16
81_6_296_312_0.890.png,12
81_6_296_312_0.890.png,5
81_6_296_312_0.890.png,14
81_6_296_312_0.890.png,9
81_6_296_312_0.890.png,16
81_6_296_312_0.890.png,4
81_6_296_312_0.890.png,9
82_2_345_312_0.580.png,19
82_2_345_312_0.580.png,14
82_2_345_312_0.580.png,1
82_2_345_312_0.580.png,17
82_2_345_312_0.580.png,20
82_2_345_312_0.580.png,9
82_2_345_312_0.580.png,22
82_2_345_312_0.580.png,18
82_2_345_312_0.580.png,1
82_2_345_312_0.580.png,7
82_2_345_312_0.580.png,6
82_2_345_312_0.580.png,4
82_2_345_312_0.580.png,17
82_2_345_312_0.580.png,21
82_2_345_312_0.580.png,15
82_2_345_312_0.580.png,16
82_2_345_312_0.580.png,8
82_2_345_312_0.580.png,16
82_2_345_312_0.580.png,5
82_2_345_312_0.580.png,15
82_2_345_312_0.580.png,21
82_2_345_312_0.580.png,13
82_2_345_312_0.580.png,12
82_2_345_312_0.580.png,10
82_2_345_312_0.580.png,10
82_2_345_312_0.580.png,19
82_2_345_312_0.580.png,18
82_2_345_312_0.580.png,20
82_2_345_312_0.580.png,11
82_2_345_312_0.580.png,8
82_2_345_312_0.580.png,2
82_2_345_312_0.580.png,2
82_2_345_312_0.580.png,24
82_2_345_312_0.580.png,6
82_2_345_312_0.580.png,13
82_2_345_312_0.580.png,22
82_2_345_312_0.580.png,11
82_2_345_312_0.580.png,3
82_2_345_312_0.580.png,7
82_2_345_312_0.580.png,14
82_2_345_312_0.580.png,4
82_2_345_312_0.580.png,9
82_2_345_312_0.580.png,12
82_2_345_312_0.580.png,5
82_2_345_312_0.580.png,23
86_1_541_312_0.775.png,22
86_1_541_312_0.775.png,24
86_1_541_312_0.775.png,12
86_1_541_312_0.775.png,2
86_1_541_312_0.775.png,15
86_1_541_312_0.775.png,5
86_1_541_312_0.775.png,10
86_1_541_312_0.775.png,3
86_1_541_312_0.775.png,20
86_1_541_312_0.775.png,14
86_1_541_312_0.775.png,12
86_1_541_312_0.775.png,11
86_1_541_312_0.775.png,23
86_1_541_312_0.775.png,4
86_1_541_312_0.775.png,1
86_1_541_312_0.775.png,1
86_1_541_312_0.775.png,4
86_1_541_312_0.775.png,6
86_1_541_312_0.775.png,6
86_1_541_312_0.775.png,18
86_1_541_312_0.775.png,16
86_1_541_312_0.775.png,7
86_1_541_312_0.775.png,17
86_1_541_312_0.775.png,7
86_1_541_312_0.775.png,13
86_1_541_312_0.775.png,9
86_1_541_312_0.775.png,18
86_1_541_312_0.775.png,19
86_1_541_312_0.775.png,20
86_1_541_312_0.775.png,16
86_1_541_312_0.775.png,13
86_1_541_312_0.775.png,11
86_1_541_312_0.775.png,14
86_1_541_312_0.775.png,3
86_1_541_312_0.775.png,8
86_1_541_312_0.775.png,5
86_1_541_312_0.775.png,9
86_1_541_312_0.775.png,10
86_1_541_312_0.775.png,2
86_1_541_312_0.775.png,19
86_1_541_312_0.775.png,15
86_1_541_312_0.775.png,8
86_1_541_312_0.775.png,21
86_1_541_312_0.775.png,21
8_2_639_180_0.556.png,5
8_2_639_180_0.556.png,10
8_2_639_180_0.556.png,12
8_2_639_180_0.556.png,9
8_2_639_180_0.556.png,2
8_2_639_180_0.556.png,7
8_2_639_180_0.556.png,9
8_2_639_180_0.556.png,15
8_2_639_180_0.556.png,6
8_2_639_180_0.556.png,4
8_2_639_180_0.556.png,22
8_2_639_180_0.556.png,14
8_2_639_180_0.556.png,7
8_2_639_180_0.556.png,12
8_2_639_180_0.556.png,5
8_2_639_180_0.556.png,6
8_2_639_180_0.556.png,16
8_2_639_180_0.556.png,12
8_2_639_180_0.556.png,10
8_2_639_180_0.556.png,2
8_2_639_180_0.556.png,11
8_2_639_180_0.556.png,21
8_2_639_180_0.556.png,19
8_2_639_180_0.556.png,13
8_2_639_180_0.556.png,8
8_2_639_180_0.556.png,24
8_2_639_180_0.556.png,16
8_2_639_180_0.556.png,21
8_2_639_180_0.556.png,4
8_2_639_180_0.556.png,3
8_2_639_180_0.556.png,20
8_2_639_180_0.556.png,20
8_2_639_180_0.556.png,15
8_2_639_180_0.556.png,23
8_2_639_180_0.556.png,3
8_2_639_180_0.556.png,22
8_2_639_180_0.556.png,1
8_2_639_180_0.556.png,8
8_2_639_180_0.556.png,13
8_2_639_180_0.556.png,19
8_2_639_180_0.556.png,18
8_2_639_180_0.556.png,17
8_2_639_180_0.556.png,1
8_2_639_180_0.556.png,17
8_2_639_180_0.556.png,18
8_2_639_180_0.556.png,14
92_5_835_312_0.738.png,3
92_5_835_312_0.738.png,20
92_5_835_312_0.738.png,20
92_5_835_312_0.738.png,12
92_5_835_312_0.738.png,6
92_5_835_312_0.738.png,4
92_5_835_312_0.738.png,19
92_5_835_312_0.738.png,21
92_5_835_312_0.738.png,16
92_5_835_312_0.738.png,5
92_5_835_312_0.738.png,9
92_5_835_312_0.738.png,15
92_5_835_312_0.738.png,9
92_5_835_312_0.738.png,17
92_5_835_312_0.738.png,16
92_5_835_312_0.738.png,1
92_5_835_312_0.738.png,23
92_5_835_312_0.738.png,8
92_5_835_312_0.738.png,2
92_5_835_312_0.738.png,18
92_5_835_312_0.738.png,24
92_5_835_312_0.738.png,18
92_5_835_312_0.738.png,7
92_5_835_312_0.738.png,9
92_5_835_312_0.738.png,7
92_5_835_312_0.738.png,2
92_5_835_312_0.738.png,22
92_5_835_312_0.738.png,22
92_5_835_312_0.738.png,13
92_5_835_312_0.738.png,11
92_5_835_312_0.738.png,14
92_5_835_312_0.738.png,3
92_5_835_312_0.738.png,15
92_5_835_312_0.738.png,4
92_5_835_312_0.738.png,1
92_5_835_312_0.738.png,11
92_5_835_312_0.738.png,6
95_4_982_312_0.815.png,4
95_4_982_312_0.815.png,24
95_4_982_312_0.815.png,7
95_4_982_312_0.815.png,10
95_4_982_312_0.815.png,14
95_4_982_312_0.815.png,22
95_4_982_312_0.815.png,18
95_4_982_312_0.815.png,5
95_4_982_312_0.815.png,1
95_4_982_312_0.815.png,12
95_4_982_312_0.815.png,7
95_4_982_312_0.815.png,16
95_4_982_312_0.815.png,14
95_4_982_312_0.815.png,16
95_4_982_312_0.815.png,15
95_4_982_312_0.815.png,3
95_4_982_312_0.815.png,4
95_4_982_312_0.815.png,5
95_4_982_312_0.815.png,20
95_4_982_312_0.815.png,19
95_4_982_312_0.815.png,8
95_4_982_312_0.815.png,22
95_4_982_312_0.815.png,13
95_4_982_312_0.815.png,2
95_4_982_312_0.815.png,10
95_4_982_312_0.815.png,2
95_4_982_312_0.815.png,1
95_4_982_312_0.815.png,6
95_4_982_312_0.815.png,12
95_4_982_312_0.815.png,23
95_4_982_312_0.815.png,11
95_4_982_312_0.815.png,9
95_4_982_312_0.815.png,6
95_4_982_312_0.815.png,21
95_4_982_312_0.815.png,20
95_4_982_312_0.815.png,13
95_4_982_312_0.815.png,15
95_4_982_312_0.815.png,9
95_4_982_312_0.815.png,3
95_4_982_312_0.815.png,18
95_4_982_312_0.815.png,11
95_4_982_312_0.815.png,17
95_4_982_312_0.815.png,17
95_4_982_312_0.815.png,8
95_4_982_312_0.875.png,21
95_4_982_312_0.875.png,22
95_4_982_312_0.875.png,16
95_4_982_312_0.875.png,9
95_4_982_312_0.875.png,8
95_4_982_312_0.875.png,18
95_4_982_312_0.875.png,3
95_4_982_312_0.875.png,13
95_4_982_312_0.875.png,23
95_4_982_312_0.875.png,4
95_4_982_312_0.875.png,20
95_4_982_312_0.875.png,24
95_4_982_312_0.875.png,13
95_4_982_312_0.875.png,16
95_4_982_312_0.875.png,17
95_4_982_312_0.875.png,15
95_4_982_312_0.875.png,17
95_4_982_312_0.875.png,5
95_4_982_312_0.875.png,3
95_4_982_312_0.875.png,12
95_4_982_312_0.875.png,1
95_4_982_312_0.875.png,2
95_4_982_312_0.875.png,2
95_4_982_312_0.875.png,7
95_4_982_312_0.875.png,12
95_4_982_312_0.875.png,4
95_4_982_312_0.875.png,12
95_4_982_312_0.875.png,19
95_4_982_312_0.875.png,10
95_4_982_312_0.875.png,14
95_4_982_312_0.875.png,7
95_4_982_312_0.875.png,21
95_4_982_312_0.875.png,9
95_4_982_312_0.875.png,20
95_4_982_312_0.875.png,6
95_4_982_312_0.875.png,19
95_4_982_312_0.875.png,1
95_4_982_312_0.875.png,11
95_4_982_312_0.875.png,6
95_4_982_312_0.875.png,10
95_4_982_312_0.875.png,15
95_4_982_312_0.875.png,8
95_4_982_312_0.875.png,5
95_4_982_312_0.875.png,18
156_2_1031_411_0.808.png,23
156_2_1031_411_0.808.png,2
156_2_1031_411_0.808.png,7
156_2_1031_411_0.808.png,17
156_2_1031_411_0.808.png,20
156_2_1031_411_0.808.png,11
156_2_1031_411_0.808.png,15
156_2_1031_411_0.808.png,21
156_2_1031_411_0.808.png,10
156_2_1031_411_0.808.png,24
156_2_1031_411_0.808.png,18
156_2_1031_411_0.808.png,19
156_2_1031_411_0.808.png,12
156_2_1031_411_0.808.png,6
156_2_1031_411_0.808.png,7
156_2_1031_411_0.808.png,6
156_2_1031_411_0.808.png,20
156_2_1031_411_0.808.png,19
156_2_1031_411_0.808.png,8
156_2_1031_411_0.808.png,16
156_2_1031_411_0.808.png,1
156_2_1031_411_0.808.png,10
156_2_1031_411_0.808.png,5
156_2_1031_411_0.808.png,13
156_2_1031_411_0.808.png,14
156_2_1031_411_0.808.png,14
156_2_1031_411_0.808.png,8
156_2_1031_411_0.808.png,17
156_2_1031_411_0.808.png,13
156_2_1031_411_0.808.png,9
156_2_1031_411_0.808.png,12
156_2_1031_411_0.808.png,2
156_2_1031_411_0.808.png,1
156_2_1031_411_0.808.png,3
156_2_1031_411_0.808.png,9
156_2_1031_411_0.808.png,22
156_2_1031_411_0.808.png,22
156_2_1031_411_0.808.png,4
156_2_1031_411_0.808.png,15
156_2_1031_411_0.808.png,4
156_2_1031_411_0.808.png,5
156_2_1031_411_0.808.png,3
156_2_1031_411_0.808.png,21
156_2_1031_411_0.808.png,11
157_3_1080_411_0.740.png,1
157_3_1080_411_0.740.png,17
157_3_1080_411_0.740.png,7
157_3_1080_411_0.740.png,6
157_3_1080_411_0.740.png,12
157_3_1080_411_0.740.png,5
157_3_1080_411_0.740.png,3
157_3_1080_411_0.740.png,16
157_3_1080_411_0.740.png,24
157_3_1080_411_0.740.png,5
157_3_1080_411_0.740.png,8
157_3_1080_411_0.740.png,19
157_3_1080_411_0.740.png,16
157_3_1080_411_0.740.png,13
157_3_1080_411_0.740.png,22
157_3_1080_411_0.740.png,13
157_3_1080_411_0.740.png,15
157_3_1080_411_0.740.png,9
157_3_1080_411_0.740.png,15
157_3_1080_411_0.740.png,1
157_3_1080_411_0.740.png,4
157_3_1080_411_0.740.png,3
157_3_1080_411_0.740.png,9
157_3_1080_411_0.740.png,2
157_3_1080_411_0.740.png,10
157_3_1080_411_0.740.png,23
157_3_1080_411_0.740.png,6
157_3_1080_411_0.740.png,8
157_3_1080_411_0.740.png,21
157_3_1080_411_0.740.png,2
157_3_1080_411_0.740.png,12
157_3_1080_411_0.740.png,11
157_3_1080_411_0.740.png,21
157_3_1080_411_0.740.png,18
157_3_1080_411_0.740.png,17
157_3_1080_411_0.740.png,14
157_3_1080_411_0.740.png,4
157_3_1080_411_0.740.png,7
157_3_1080_411_0.740.png,20
157_3_1080_411_0.740.png,20
157_3_1080_411_0.740.png,19
157_3_1080_411_0.740.png,11
157_3_1080_411_0.740.png,22
157_3_1080_411_0.740.png,14
157_3_1080_411_0.740.png,18
157_3_1080_411_0.740.png,10
149_5_688_411_0.930.png,1
149_5_688_411_0.930.png,17
149_5_688_411_0.930.png,10
149_5_688_411_0.930.png,8
149_5_688_411_0.930.png,11
149_5_688_411_0.930.png,18
149_5_688_411_0.930.png,21
149_5_688_411_0.930.png,15
149_5_688_411_0.930.png,6
149_5_688_411_0.930.png,21
149_5_688_411_0.930.png,17
149_5_688_411_0.930.png,10
149_5_688_411_0.930.png,7
149_5_688_411_0.930.png,12
149_5_688_411_0.930.png,4
149_5_688_411_0.930.png,22
149_5_688_411_0.930.png,5
149_5_688_411_0.930.png,16
149_5_688_411_0.930.png,24
149_5_688_411_0.930.png,2
149_5_688_411_0.930.png,19
149_5_688_411_0.930.png,14
149_5_688_411_0.930.png,2
149_5_688_411_0.930.png,7
149_5_688_411_0.930.png,22
149_5_688_411_0.930.png,15
149_5_688_411_0.930.png,3
149_5_688_411_0.930.png,8
149_5_688_411_0.930.png,12
149_5_688_411_0.930.png,11
149_5_688_411_0.930.png,4
149_5_688_411_0.930.png,14
149_5_688_411_0.930.png,13
149_5_688_411_0.930.png,13
149_5_688_411_0.930.png,9
149_5_688_411_0.930.png,1
149_5_688_411_0.930.png,20
149_5_688_411_0.930.png,9
149_5_688_411_0.930.png,19
149_5_688_411_0.930.png,5
149_5_688_411_0.930.png,23
149_5_688_411_0.930.png,6
149_5_688_411_0.930.png,3
149_5_688_411_0.930.png,16
149_5_688_411_0.930.png,18
137_4_1080_378_0.715.png,16
137_4_1080_378_0.715.png,8
137_4_1080_378_0.715.png,16
137_4_1080_378_0.715.png,5
137_4_1080_378_0.715.png,4
137_4_1080_378_0.715.png,21
137_4_1080_378_0.715.png,6
137_4_1080_378_0.715.png,9
137_4_1080_378_0.715.png,10
137_4_1080_378_0.715.png,11
137_4_1080_378_0.715.png,20
137_4_1080_378_0.715.png,24
137_4_1080_378_0.715.png,15
137_4_1080_378_0.715.png,17
137_4_1080_378_0.715.png,5
137_4_1080_378_0.715.png,3
137_4_1080_378_0.715.png,6
137_4_1080_378_0.715.png,10
137_4_1080_378_0.715.png,8
137_4_1080_378_0.715.png,12
137_4_1080_378_0.715.png,13
137_4_1080_378_0.715.png,21
137_4_1080_378_0.715.png,1
137_4_1080_378_0.715.png,22
137_4_1080_378_0.715.png,15
137_4_1080_378_0.715.png,7
137_4_1080_378_0.715.png,20
137_4_1080_378_0.715.png,4
137_4_1080_378_0.715.png,2
137_4_1080_378_0.715.png,2
137_4_1080_378_0.715.png,12
137_4_1080_378_0.715.png,11
137_4_1080_378_0.715.png,14
137_4_1080_378_0.715.png,3
137_4_1080_378_0.715.png,13
137_4_1080_378_0.715.png,22
137_4_1080_378_0.715.png,17
137_4_1080_378_0.715.png,9
137_4_1080_378_0.715.png,18
129_1_688_378_0.659.png,1
129_1_688_378_0.659.png,17
129_1_688_378_0.659.png,10
129_1_688_378_0.659.png,16
129_1_688_378_0.659.png,3
129_1_688_378_0.659.png,9
129_1_688_378_0.659.png,1
129_1_688_378_0.659.png,13
129_1_688_378_0.659.png,13
129_1_688_378_0.659.png,14
129_1_688_378_0.659.png,4
129_1_688_378_0.659.png,15
129_1_688_378_0.659.png,22
129_1_688_378_0.659.png,7
129_1_688_378_0.659.png,3
129_1_688_378_0.659.png,2
129_1_688_378_0.659.png,4
129_1_688_378_0.659.png,23
129_1_688_378_0.659.png,5
129_1_688_378_0.659.png,19
129_1_688_378_0.659.png,19
129_1_688_378_0.659.png,14
129_1_688_378_0.659.png,8
129_1_688_378_0.659.png,12
129_1_688_378_0.659.png,11
129_1_688_378_0.659.png,11
129_1_688_378_0.659.png,8
129_1_688_378_0.659.png,18
129_1_688_378_0.659.png,6
129_1_688_378_0.659.png,21
129_1_688_378_0.659.png,15
129_1_688_378_0.659.png,21
129_1_688_378_0.659.png,17
129_1_688_378_0.659.png,10
129_1_688_378_0.659.png,12
129_1_688_378_0.659.png,6
129_1_688_378_0.659.png,7
129_1_688_378_0.659.png,5
129_1_688_378_0.659.png,16
129_1_688_378_0.659.png,24
129_1_688_378_0.659.png,2
129_1_688_378_0.659.png,20
129_1_688_378_0.659.png,9
129_1_688_378_0.659.png,22
129_1_688_378_0.659.png,18
130_1_737_378_0.483.png,18
130_1_737_378_0.483.png,16
130_1_737_378_0.483.png,3
130_1_737_378_0.483.png,7
130_1_737_378_0.483.png,15
130_1_737_378_0.483.png,22
130_1_737_378_0.483.png,3
130_1_737_378_0.483.png,4
130_1_737_378_0.483.png,14
130_1_737_378_0.483.png,13
130_1_737_378_0.483.png,13
130_1_737_378_0.483.png,9
130_1_737_378_0.483.png,1
130_1_737_378_0.483.png,11
130_1_737_378_0.483.png,12
130_1_737_378_0.483.png,8
130_1_737_378_0.483.png,14
130_1_737_378_0.483.png,19
130_1_737_378_0.483.png,2
130_1_737_378_0.483.png,4
130_1_737_378_0.483.png,23
130_1_737_378_0.483.png,19
130_1_737_378_0.483.png,5
130_1_737_378_0.483.png,1
130_1_737_378_0.483.png,17
130_1_737_378_0.483.png,10
130_1_737_378_0.483.png,8
130_1_737_378_0.483.png,11
130_1_737_378_0.483.png,18
130_1_737_378_0.483.png,6
130_1_737_378_0.483.png,21
130_1_737_378_0.483.png,21
130_1_737_378_0.483.png,17
130_1_737_378_0.483.png,15
130_1_737_378_0.483.png,10
130_1_737_378_0.483.png,7
130_1_737_378_0.483.png,22
130_1_737_378_0.483.png,5
130_1_737_378_0.483.png,6
130_1_737_378_0.483.png,12
130_1_737_378_0.483.png,16
130_1_737_378_0.483.png,24
130_1_737_378_0.483.png,2
130_1_737_378_0.483.png,20
130_1_737_378_0.483.png,9
135_4_982_378_0.846.png,19
135_4_982_378_0.846.png,4
135_4_982_378_0.846.png,21
135_4_982_378_0.846.png,1
135_4_982_378_0.846.png,18
135_4_982_378_0.846.png,14
135_4_982_378_0.846.png,10
135_4_982_378_0.846.png,22
135_4_982_378_0.846.png,20
135_4_982_378_0.846.png,2
135_4_982_378_0.846.png,15
135_4_982_378_0.846.png,6
135_4_982_378_0.846.png,10
135_4_982_378_0.846.png,20
135_4_982_378_0.846.png,16
135_4_982_378_0.846.png,22
135_4_982_378_0.846.png,21
135_4_982_378_0.846.png,13
135_4_982_378_0.846.png,1
135_4_982_378_0.846.png,8
135_4_982_378_0.846.png,23
135_4_982_378_0.846.png,17
135_4_982_378_0.846.png,5
135_4_982_378_0.846.png,6
135_4_982_378_0.846.png,5
135_4_982_378_0.846.png,3
135_4_982_378_0.846.png,9
135_4_982_378_0.846.png,3
135_4_982_378_0.846.png,11
135_4_982_378_0.846.png,7
135_4_982_378_0.846.png,12
135_4_982_378_0.846.png,7
135_4_982_378_0.846.png,18
135_4_982_378_0.846.png,8
135_4_982_378_0.846.png,14
135_4_982_378_0.846.png,12
135_4_982_378_0.846.png,16
135_4_982_378_0.846.png,24
135_4_982_378_0.846.png,19
135_4_982_378_0.846.png,11
135_4_982_378_0.846.png,4
135_4_982_378_0.846.png,17
135_4_982_378_0.846.png,9
135_4_982_378_0.846.png,2
151_2_786_411_0.880.png,11
151_2_786_411_0.880.png,22
151_2_786_411_0.880.png,3
151_2_786_411_0.880.png,17
151_2_786_411_0.880.png,7
151_2_786_411_0.880.png,16
151_2_786_411_0.880.png,15
151_2_786_411_0.880.png,7
151_2_786_411_0.880.png,1
151_2_786_411_0.880.png,21
151_2_786_411_0.880.png,13
151_2_786_411_0.880.png,6
151_2_786_411_0.880.png,12
151_2_786_411_0.880.png,15
151_2_786_411_0.880.png,8
151_2_786_411_0.880.png,2
151_2_786_411_0.880.png,13
151_2_786_411_0.880.png,19
151_2_786_411_0.880.png,6
151_2_786_411_0.880.png,3
151_2_786_411_0.880.png,4
151_2_786_411_0.880.png,22
151_2_786_411_0.880.png,20
151_2_786_411_0.880.png,9
151_2_786_411_0.880.png,16
151_2_786_411_0.880.png,23
151_2_786_411_0.880.png,1
151_2_786_411_0.880.png,16
151_2_786_411_0.880.png,10
151_2_786_411_0.880.png,11
151_2_786_411_0.880.png,9
151_2_786_411_0.880.png,5
151_2_786_411_0.880.png,4
151_2_786_411_0.880.png,8
151_2_786_411_0.880.png,2
151_2_786_411_0.880.png,12
151_2_786_411_0.880.png,10
151_2_786_411_0.880.png,5
151_2_786_411_0.880.png,20
151_2_786_411_0.880.png,19
151_2_786_411_0.880.png,17
151_2_786_411_0.880.png,18
151_2_786_411_0.880.png,14
151_2_786_411_0.880.png,14
151_2_786_411_0.880.png,24
151_2_786_411_0.880.png,21
150_1_737_411_0.468.png,18
150_1_737_411_0.468.png,16
150_1_737_411_0.468.png,3
150_1_737_411_0.468.png,7
150_1_737_411_0.468.png,22
150_1_737_411_0.468.png,15
150_1_737_411_0.468.png,3
150_1_737_411_0.468.png,4
150_1_737_411_0.468.png,14
150_1_737_411_0.468.png,13
150_1_737_411_0.468.png,13
150_1_737_411_0.468.png,9
150_1_737_411_0.468.png,1
150_1_737_411_0.468.png,11
150_1_737_411_0.468.png,12
150_1_737_411_0.468.png,8
150_1_737_411_0.468.png,14
150_1_737_411_0.468.png,19
150_1_737_411_0.468.png,19
150_1_737_411_0.468.png,5
150_1_737_411_0.468.png,2
150_1_737_411_0.468.png,23
150_1_737_411_0.468.png,6
150_1_737_411_0.468.png,1
150_1_737_411_0.468.png,17
150_1_737_411_0.468.png,10
150_1_737_411_0.468.png,8
150_1_737_411_0.468.png,11
150_1_737_411_0.468.png,18
150_1_737_411_0.468.png,6
150_1_737_411_0.468.png,21
150_1_737_411_0.468.png,15
150_1_737_411_0.468.png,21
150_1_737_411_0.468.png,17
150_1_737_411_0.468.png,10
150_1_737_411_0.468.png,12
150_1_737_411_0.468.png,4
150_1_737_411_0.468.png,22
150_1_737_411_0.468.png,7
150_1_737_411_0.468.png,5
150_1_737_411_0.468.png,16
150_1_737_411_0.468.png,24
150_1_737_411_0.468.png,2
150_1_737_411_0.468.png,20
150_1_737_411_0.468.png,9
4_1_443_180_0.506.png,1
4_1_443_180_0.506.png,6
4_1_443_180_0.506.png,10
4_1_443_180_0.506.png,12
4_1_443_180_0.506.png,7
4_1_443_180_0.506.png,2
4_1_443_180_0.506.png,2
4_1_443_180_0.506.png,11
4_1_443_180_0.506.png,7
4_1_443_180_0.506.png,6
4_1_443_180_0.506.png,12
4_1_443_180_0.506.png,20
4_1_443_180_0.506.png,13
4_1_443_180_0.506.png,17
4_1_443_180_0.506.png,5
4_1_443_180_0.506.png,22
4_1_443_180_0.506.png,14
4_1_443_180_0.506.png,22
4_1_443_180_0.506.png,17
4_1_443_180_0.506.png,16
4_1_443_180_0.506.png,8
4_1_443_180_0.506.png,5
4_1_443_180_0.506.png,24
4_1_443_180_0.506.png,1
4_1_443_180_0.506.png,9
4_1_443_180_0.506.png,19
4_1_443_180_0.506.png,20
4_1_443_180_0.506.png,11
4_1_443_180_0.506.png,4
4_1_443_180_0.506.png,23
4_1_443_180_0.506.png,15
4_1_443_180_0.506.png,18
4_1_443_180_0.506.png,10
4_1_443_180_0.506.png,18
4_1_443_180_0.506.png,21
4_1_443_180_0.506.png,15
4_1_443_180_0.506.png,21
4_1_443_180_0.506.png,14
4_1_443_180_0.506.png,16
4_1_443_180_0.506.png,19
246_6_541_576_0.509.png,7
246_6_541_576_0.509.png,21
246_6_541_576_0.509.png,15
246_6_541_576_0.509.png,14
246_6_541_576_0.509.png,9
246_6_541_576_0.509.png,19
246_6_541_576_0.509.png,17
246_6_541_576_0.509.png,18
246_6_541_576_0.509.png,22
246_6_541_576_0.509.png,10
246_6_541_576_0.509.png,18
246_6_541_576_0.509.png,22
246_6_541_576_0.509.png,10
246_6_541_576_0.509.png,16
246_6_541_576_0.509.png,6
246_6_541_576_0.509.png,20
246_6_541_576_0.509.png,11
246_6_541_576_0.509.png,8
246_6_541_576_0.509.png,4
246_6_541_576_0.509.png,15
246_6_541_576_0.509.png,4
246_6_541_576_0.509.png,17
246_6_541_576_0.509.png,5
246_6_541_576_0.509.png,3
246_6_541_576_0.509.png,1
6_2_541_180_0.702.png,20
6_2_541_180_0.702.png,3
6_2_541_180_0.702.png,2
6_2_541_180_0.702.png,21
6_2_541_180_0.702.png,14
6_2_541_180_0.702.png,4
6_2_541_180_0.702.png,8
6_2_541_180_0.702.png,1
6_2_541_180_0.702.png,16
6_2_541_180_0.702.png,14
6_2_541_180_0.702.png,13
6_2_541_180_0.702.png,12
6_2_541_180_0.702.png,17
6_2_541_180_0.702.png,6
6_2_541_180_0.702.png,11
6_2_541_180_0.702.png,7
6_2_541_180_0.702.png,7
6_2_541_180_0.702.png,1
6_2_541_180_0.702.png,12
6_2_541_180_0.702.png,13
6_2_541_180_0.702.png,20
6_2_541_180_0.702.png,19
6_2_541_180_0.702.png,19
6_2_541_180_0.702.png,18
6_2_541_180_0.702.png,16
6_2_541_180_0.702.png,8
6_2_541_180_0.702.png,15
6_2_541_180_0.702.png,6
6_2_541_180_0.702.png,24
6_2_541_180_0.702.png,18
6_2_541_180_0.702.png,4
6_2_541_180_0.702.png,10
6_2_541_180_0.702.png,17
6_2_541_180_0.702.png,23
6_2_541_180_0.702.png,2
6_2_541_180_0.702.png,9
6_2_541_180_0.702.png,3
6_2_541_180_0.702.png,10
6_2_541_180_0.702.png,21
6_2_541_180_0.702.png,9
6_2_541_180_0.702.png,11
6_2_541_180_0.702.png,22
6_2_541_180_0.702.png,5
6_2_541_180_0.702.png,5
6_2_541_180_0.702.png,22
5_2_492_180_0.884.png,8
5_2_492_180_0.884.png,6
5_2_492_180_0.884.png,22
5_2_492_180_0.884.png,20
5_2_492_180_0.884.png,20
5_2_492_180_0.884.png,2
5_2_492_180_0.884.png,14
5_2_492_180_0.884.png,12
5_2_492_180_0.884.png,16
5_2_492_180_0.884.png,17
5_2_492_180_0.884.png,18
5_2_492_180_0.884.png,3
5_2_492_180_0.884.png,21
5_2_492_180_0.884.png,4
5_2_492_180_0.884.png,2
5_2_492_180_0.884.png,23
5_2_492_180_0.884.png,14
5_2_492_180_0.884.png,10
5_2_492_180_0.884.png,22
5_2_492_180_0.884.png,9
5_2_492_180_0.884.png,1
5_2_492_180_0.884.png,7
5_2_492_180_0.884.png,18
5_2_492_180_0.884.png,6
5_2_492_180_0.884.png,8
5_2_492_180_0.884.png,4
5_2_492_180_0.884.png,17
5_2_492_180_0.884.png,7
5_2_492_180_0.884.png,9
5_2_492_180_0.884.png,15
5_2_492_180_0.884.png,10
5_2_492_180_0.884.png,13
5_2_492_180_0.884.png,13
5_2_492_180_0.884.png,5
5_2_492_180_0.884.png,24
5_2_492_180_0.884.png,21
5_2_492_180_0.884.png,19
5_2_492_180_0.884.png,15
5_2_492_180_0.884.png,11
5_2_492_180_0.884.png,12
5_2_492_180_0.884.png,1
5_2_492_180_0.884.png,5
5_2_492_180_0.884.png,16
5_2_492_180_0.884.png,11
5_2_492_180_0.884.png,3
245_4_492_576_0.616.png,10
245_4_492_576_0.616.png,8
245_4_492_576_0.616.png,7
245_4_492_576_0.616.png,1
245_4_492_576_0.616.png,20
245_4_492_576_0.616.png,21
245_4_492_576_0.616.png,4
245_4_492_576_0.616.png,7
245_4_492_576_0.616.png,18
245_4_492_576_0.616.png,8
245_4_492_576_0.616.png,15
245_4_492_576_0.616.png,24
245_4_492_576_0.616.png,9
245_4_492_576_0.616.png,14
245_4_492_576_0.616.png,16
245_4_492_576_0.616.png,16
245_4_492_576_0.616.png,21
245_4_492_576_0.616.png,18
245_4_492_576_0.616.png,11
245_4_492_576_0.616.png,19
245_4_492_576_0.616.png,22
245_4_492_576_0.616.png,13
245_4_492_576_0.616.png,13
245_4_492_576_0.616.png,10
245_4_492_576_0.616.png,15
245_4_492_576_0.616.png,12
245_4_492_576_0.616.png,2
245_4_492_576_0.616.png,12
245_4_492_576_0.616.png,4
245_4_492_576_0.616.png,9
245_4_492_576_0.616.png,1
245_4_492_576_0.616.png,23
245_4_492_576_0.616.png,2
245_4_492_576_0.616.png,5
245_4_492_576_0.616.png,3
245_4_492_576_0.616.png,20
245_4_492_576_0.616.png,17
245_4_492_576_0.616.png,11
245_4_492_576_0.616.png,22
245_4_492_576_0.616.png,17
245_4_492_576_0.616.png,6
255_5_982_576_0.599.png,8
255_5_982_576_0.599.png,10
255_5_982_576_0.599.png,16
255_5_982_576_0.599.png,15
255_5_982_576_0.599.png,18
255_5_982_576_0.599.png,12
255_5_982_576_0.599.png,3
255_5_982_576_0.599.png,6
255_5_982_576_0.599.png,23
255_5_982_576_0.599.png,9
255_5_982_576_0.599.png,5
255_5_982_576_0.599.png,7
255_5_982_576_0.599.png,13
255_5_982_576_0.599.png,19
255_5_982_576_0.599.png,8
255_5_982_576_0.599.png,6
255_5_982_576_0.599.png,9
255_5_982_576_0.599.png,7
255_5_982_576_0.599.png,14
255_5_982_576_0.599.png,4
255_5_982_576_0.599.png,18
255_5_982_576_0.599.png,10
255_5_982_576_0.599.png,12
255_5_982_576_0.599.png,24
255_5_982_576_0.599.png,22
255_5_982_576_0.599.png,14
255_5_982_576_0.599.png,19
255_5_982_576_0.599.png,17
255_5_982_576_0.599.png,3
255_5_982_576_0.599.png,21
255_5_982_576_0.599.png,11
255_5_982_576_0.599.png,22
255_5_982_576_0.599.png,11
255_5_982_576_0.599.png,13
255_5_982_576_0.599.png,20
255_5_982_576_0.599.png,21
239_2_1178_543_0.481.png,7
239_2_1178_543_0.481.png,17
239_2_1178_543_0.481.png,10
239_2_1178_543_0.481.png,15
239_2_1178_543_0.481.png,1
239_2_1178_543_0.481.png,16
239_2_1178_543_0.481.png,15
239_2_1178_543_0.481.png,13
239_2_1178_543_0.481.png,11
239_2_1178_543_0.481.png,2
239_2_1178_543_0.481.png,6
239_2_1178_543_0.481.png,12
239_2_1178_543_0.481.png,18
239_2_1178_543_0.481.png,19
239_2_1178_543_0.481.png,24
239_2_1178_543_0.481.png,8
239_2_1178_543_0.481.png,4
239_2_1178_543_0.481.png,6
239_2_1178_543_0.481.png,2
239_2_1178_543_0.481.png,20
239_2_1178_543_0.481.png,14
239_2_1178_543_0.481.png,21
239_2_1178_543_0.481.png,12
239_2_1178_543_0.481.png,10
239_2_1178_543_0.481.png,3
239_2_1178_543_0.481.png,5
239_2_1178_543_0.481.png,1
239_2_1178_543_0.481.png,22
239_2_1178_543_0.481.png,7
239_2_1178_543_0.481.png,20
239_2_1178_543_0.481.png,9
239_2_1178_543_0.481.png,22
239_2_1178_543_0.481.png,11
239_2_1178_543_0.481.png,3
239_2_1178_543_0.481.png,17
239_2_1178_543_0.481.png,19
239_2_1178_543_0.481.png,23
239_2_1178_543_0.481.png,16
239_2_1178_543_0.481.png,9
239_2_1178_543_0.481.png,13
239_2_1178_543_0.481.png,5
239_2_1178_543_0.481.png,8
239_2_1178_543_0.481.png,14
239_2_1178_543_0.481.png,4
239_2_1178_543_0.481.png,21
239_2_1178_543_0.481.png,18
35_5_982_213_0.557.png,8
35_5_982_213_0.557.png,1
35_5_982_213_0.557.png,20
35_5_982_213_0.557.png,10
35_5_982_213_0.557.png,5
35_5_982_213_0.557.png,5
35_5_982_213_0.557.png,11
35_5_982_213_0.557.png,3
35_5_982_213_0.557.png,9
35_5_982_213_0.557.png,18
35_5_982_213_0.557.png,21
35_5_982_213_0.557.png,10
35_5_982_213_0.557.png,12
35_5_982_213_0.557.png,4
35_5_982_213_0.557.png,16
35_5_982_213_0.557.png,22
35_5_982_213_0.557.png,21
35_5_982_213_0.557.png,13
35_5_982_213_0.557.png,8
35_5_982_213_0.557.png,15
35_5_982_213_0.557.png,6
35_5_982_213_0.557.png,18
35_5_982_213_0.557.png,12
35_5_982_213_0.557.png,20
35_5_982_213_0.557.png,23
35_5_982_213_0.557.png,4
35_5_982_213_0.557.png,1
35_5_982_213_0.557.png,24
35_5_982_213_0.557.png,9
35_5_982_213_0.557.png,17
35_5_982_213_0.557.png,15
35_5_982_213_0.557.png,19
35_5_982_213_0.557.png,7
35_5_982_213_0.557.png,22
35_5_982_213_0.557.png,13
35_5_982_213_0.557.png,19
35_5_982_213_0.557.png,3
278_1_1129_609_0.614.png,15
278_1_1129_609_0.614.png,16
278_1_1129_609_0.614.png,21
278_1_1129_609_0.614.png,5
278_1_1129_609_0.614.png,16
278_1_1129_609_0.614.png,1
278_1_1129_609_0.614.png,19
278_1_1129_609_0.614.png,12
278_1_1129_609_0.614.png,18
278_1_1129_609_0.614.png,19
278_1_1129_609_0.614.png,17
278_1_1129_609_0.614.png,2
278_1_1129_609_0.614.png,20
278_1_1129_609_0.614.png,3
278_1_1129_609_0.614.png,23
278_1_1129_609_0.614.png,5
278_1_1129_609_0.614.png,7
278_1_1129_609_0.614.png,13
278_1_1129_609_0.614.png,14
278_1_1129_609_0.614.png,15
278_1_1129_609_0.614.png,22
278_1_1129_609_0.614.png,6
278_1_1129_609_0.614.png,3
278_1_1129_609_0.614.png,17
278_1_1129_609_0.614.png,6
278_1_1129_609_0.614.png,9
278_1_1129_609_0.614.png,8
278_1_1129_609_0.614.png,20
278_1_1129_609_0.614.png,18
278_1_1129_609_0.614.png,2
278_1_1129_609_0.614.png,11
278_1_1129_609_0.614.png,7
278_1_1129_609_0.614.png,14
278_1_1129_609_0.614.png,11
278_1_1129_609_0.614.png,8
278_1_1129_609_0.614.png,1
278_1_1129_609_0.614.png,4
278_1_1129_609_0.614.png,21
278_1_1129_609_0.614.png,13
278_1_1129_609_0.614.png,10
278_1_1129_609_0.614.png,4
278_1_1129_609_0.614.png,12
278_1_1129_609_0.614.png,9
278_1_1129_609_0.614.png,22
278_1_1129_609_0.614.png,24
35_5_982_213_0.530.png,18
35_5_982_213_0.530.png,5
35_5_982_213_0.530.png,2
35_5_982_213_0.530.png,1
35_5_982_213_0.530.png,11
35_5_982_213_0.530.png,2
35_5_982_213_0.530.png,11
35_5_982_213_0.530.png,4
35_5_982_213_0.530.png,19
35_5_982_213_0.530.png,17
35_5_982_213_0.530.png,21
35_5_982_213_0.530.png,4
35_5_982_213_0.530.png,24
35_5_982_213_0.530.png,5
35_5_982_213_0.530.png,9
35_5_982_213_0.530.png,13
35_5_982_213_0.530.png,14
35_5_982_213_0.530.png,3
35_5_982_213_0.530.png,6
35_5_982_213_0.530.png,18
35_5_982_213_0.530.png,22
35_5_982_213_0.530.png,10
35_5_982_213_0.530.png,15
35_5_982_213_0.530.png,15
35_5_982_213_0.530.png,10
35_5_982_213_0.530.png,12
35_5_982_213_0.530.png,23
35_5_982_213_0.530.png,8
35_5_982_213_0.530.png,22
35_5_982_213_0.530.png,1
35_5_982_213_0.530.png,3
35_5_982_213_0.530.png,8
35_5_982_213_0.530.png,6
35_5_982_213_0.530.png,21
35_5_982_213_0.530.png,9
35_5_982_213_0.530.png,14
35_5_982_213_0.530.png,13
165_4_492_444_0.906.png,14
165_4_492_444_0.906.png,15
165_4_492_444_0.906.png,13
165_4_492_444_0.906.png,8
165_4_492_444_0.906.png,5
165_4_492_444_0.906.png,21
165_4_492_444_0.906.png,13
165_4_492_444_0.906.png,3
165_4_492_444_0.906.png,1
165_4_492_444_0.906.png,6
165_4_492_444_0.906.png,19
165_4_492_444_0.906.png,9
165_4_492_444_0.906.png,20
165_4_492_444_0.906.png,6
165_4_492_444_0.906.png,10
165_4_492_444_0.906.png,8
165_4_492_444_0.906.png,7
165_4_492_444_0.906.png,4
165_4_492_444_0.906.png,15
165_4_492_444_0.906.png,18
165_4_492_444_0.906.png,2
165_4_492_444_0.906.png,1
165_4_492_444_0.906.png,4
165_4_492_444_0.906.png,24
165_4_492_444_0.906.png,5
165_4_492_444_0.906.png,2
165_4_492_444_0.906.png,16
165_4_492_444_0.906.png,12
165_4_492_444_0.906.png,22
165_4_492_444_0.906.png,12
165_4_492_444_0.906.png,11
165_4_492_444_0.906.png,3
165_4_492_444_0.906.png,16
165_4_492_444_0.906.png,20
165_4_492_444_0.906.png,18
165_4_492_444_0.906.png,11
165_4_492_444_0.906.png,7
165_4_492_444_0.906.png,17
165_4_492_444_0.906.png,22
165_4_492_444_0.906.png,9
165_4_492_444_0.906.png,21
165_4_492_444_0.906.png,14
165_4_492_444_0.906.png,19
165_4_492_444_0.906.png,10
165_4_492_444_0.906.png,23
225_5_492_543_0.896.png,6
225_5_492_543_0.896.png,18
225_5_492_543_0.896.png,13
225_5_492_543_0.896.png,16
225_5_492_543_0.896.png,15
225_5_492_543_0.896.png,14
225_5_492_543_0.896.png,4
225_5_492_543_0.896.png,11
225_5_492_543_0.896.png,7
225_5_492_543_0.896.png,3
225_5_492_543_0.896.png,9
225_5_492_543_0.896.png,21
225_5_492_543_0.896.png,13
225_5_492_543_0.896.png,15
225_5_492_543_0.896.png,18
225_5_492_543_0.896.png,11
225_5_492_543_0.896.png,2
225_5_492_543_0.896.png,21
225_5_492_543_0.896.png,6
225_5_492_543_0.896.png,22
225_5_492_543_0.896.png,8
225_5_492_543_0.896.png,24
225_5_492_543_0.896.png,19
225_5_492_543_0.896.png,20
225_5_492_543_0.896.png,14
225_5_492_543_0.896.png,9
225_5_492_543_0.896.png,20
225_5_492_543_0.896.png,1
225_5_492_543_0.896.png,10
225_5_492_543_0.896.png,17
225_5_492_543_0.896.png,4
225_5_492_543_0.896.png,12
225_5_492_543_0.896.png,16
225_5_492_543_0.896.png,17
225_5_492_543_0.896.png,5
225_5_492_543_0.896.png,10
225_5_492_543_0.896.png,3
225_5_492_543_0.896.png,2
225_5_492_543_0.896.png,22
225_5_492_543_0.896.png,1
225_5_492_543_0.896.png,7
225_5_492_543_0.896.png,5
225_5_492_543_0.896.png,8
225_5_492_543_0.896.png,19
225_5_492_543_0.896.png,23
225_5_492_543_0.896.png,12
128_9_639_378_0.858.png,8
128_9_639_378_0.858.png,9
128_9_639_378_0.858.png,13
128_9_639_378_0.858.png,3
128_9_639_378_0.858.png,7
128_9_639_378_0.858.png,4
128_9_639_378_0.858.png,10
128_9_639_378_0.858.png,11
128_9_639_378_0.858.png,9
128_9_639_378_0.858.png,17
128_9_639_378_0.858.png,1
128_9_639_378_0.858.png,24
128_9_639_378_0.858.png,22
128_9_639_378_0.858.png,2
128_9_639_378_0.858.png,5
128_9_639_378_0.858.png,5
128_9_639_378_0.858.png,19
128_9_639_378_0.858.png,6
128_9_639_378_0.858.png,22
128_9_639_378_0.858.png,16
128_9_639_378_0.858.png,17
128_9_639_378_0.858.png,4
128_9_639_378_0.858.png,18
128_9_639_378_0.858.png,12
128_9_639_378_0.858.png,10
128_9_639_378_0.858.png,16
128_9_639_378_0.858.png,8
128_9_639_378_0.858.png,12
128_9_639_378_0.858.png,2
128_9_639_378_0.858.png,15
128_9_639_378_0.858.png,21
128_9_639_378_0.858.png,19
128_9_639_378_0.858.png,20
128_9_639_378_0.858.png,15
128_9_639_378_0.858.png,7
128_9_639_378_0.858.png,23
128_9_639_378_0.858.png,14
128_9_639_378_0.858.png,11
128_9_639_378_0.858.png,6
128_9_639_378_0.858.png,1
128_9_639_378_0.858.png,3
128_9_639_378_0.858.png,20
128_9_639_378_0.858.png,18
128_9_639_378_0.858.png,21
128_9_639_378_0.858.png,13
128_9_639_378_0.858.png,14
258_4_1129_576_0.834.png,19
258_4_1129_576_0.834.png,22
258_4_1129_576_0.834.png,20
258_4_1129_576_0.834.png,23
258_4_1129_576_0.834.png,4
258_4_1129_576_0.834.png,19
258_4_1129_576_0.834.png,4
258_4_1129_576_0.834.png,15
258_4_1129_576_0.834.png,5
258_4_1129_576_0.834.png,6
258_4_1129_576_0.834.png,11
258_4_1129_576_0.834.png,21
258_4_1129_576_0.834.png,1
258_4_1129_576_0.834.png,18
258_4_1129_576_0.834.png,11
258_4_1129_576_0.834.png,3
258_4_1129_576_0.834.png,7
258_4_1129_576_0.834.png,21
258_4_1129_576_0.834.png,22
258_4_1129_576_0.834.png,9
258_4_1129_576_0.834.png,7
258_4_1129_576_0.834.png,9
258_4_1129_576_0.834.png,12
258_4_1129_576_0.834.png,24
258_4_1129_576_0.834.png,8
258_4_1129_576_0.834.png,12
258_4_1129_576_0.834.png,20
258_4_1129_576_0.834.png,10
258_4_1129_576_0.834.png,17
258_4_1129_576_0.834.png,16
258_4_1129_576_0.834.png,3
258_4_1129_576_0.834.png,2
258_4_1129_576_0.834.png,10
258_4_1129_576_0.834.png,13
258_4_1129_576_0.834.png,14
258_4_1129_576_0.834.png,17
258_4_1129_576_0.834.png,8
258_4_1129_576_0.834.png,13
258_4_1129_576_0.834.png,18
258_4_1129_576_0.834.png,6
258_4_1129_576_0.834.png,16
258_4_1129_576_0.834.png,5
258_4_1129_576_0.834.png,1
258_4_1129_576_0.834.png,2
258_4_1129_576_0.834.png,14
258_4_1129_576_0.834.png,15
72_2_835_279_0.887.png,9
72_2_835_279_0.887.png,14
72_2_835_279_0.887.png,13
72_2_835_279_0.887.png,12
72_2_835_279_0.887.png,22
72_2_835_279_0.887.png,8
72_2_835_279_0.887.png,20
72_2_835_279_0.887.png,14
72_2_835_279_0.887.png,11
72_2_835_279_0.887.png,17
72_2_835_279_0.887.png,6
72_2_835_279_0.887.png,5
72_2_835_279_0.887.png,15
72_2_835_279_0.887.png,23
72_2_835_279_0.887.png,12
72_2_835_279_0.887.png,10
72_2_835_279_0.887.png,2
72_2_835_279_0.887.png,16
72_2_835_279_0.887.png,24
72_2_835_279_0.887.png,20
72_2_835_279_0.887.png,2
72_2_835_279_0.887.png,6
72_2_835_279_0.887.png,3
72_2_835_279_0.887.png,22
72_2_835_279_0.887.png,17
72_2_835_279_0.887.png,19
72_2_835_279_0.887.png,19
72_2_835_279_0.887.png,1
72_2_835_279_0.887.png,16
72_2_835_279_0.887.png,21
72_2_835_279_0.887.png,18
72_2_835_279_0.887.png,4
72_2_835_279_0.887.png,8
72_2_835_279_0.887.png,13
72_2_835_279_0.887.png,18
72_2_835_279_0.887.png,3
72_2_835_279_0.887.png,15
72_2_835_279_0.887.png,7
72_2_835_279_0.887.png,9
72_2_835_279_0.887.png,10
72_2_835_279_0.887.png,11
72_2_835_279_0.887.png,7
72_2_835_279_0.887.png,4
72_2_835_279_0.887.png,5
72_2_835_279_0.887.png,21
72_2_835_279_0.887.png,1
174_3_933_444_0.837.png,22
174_3_933_444_0.837.png,24
174_3_933_444_0.837.png,10
174_3_933_444_0.837.png,17
174_3_933_444_0.837.png,8
174_3_933_444_0.837.png,2
174_3_933_444_0.837.png,20
174_3_933_444_0.837.png,15
174_3_933_444_0.837.png,3
174_3_933_444_0.837.png,18
174_3_933_444_0.837.png,8
174_3_933_444_0.837.png,17
174_3_933_444_0.837.png,7
174_3_933_444_0.837.png,11
174_3_933_444_0.837.png,3
174_3_933_444_0.837.png,5
174_3_933_444_0.837.png,22
174_3_933_444_0.837.png,21
174_3_933_444_0.837.png,2
174_3_933_444_0.837.png,6
174_3_933_444_0.837.png,12
174_3_933_444_0.837.png,13
174_3_933_444_0.837.png,15
174_3_933_444_0.837.png,9
174_3_933_444_0.837.png,14
174_3_933_444_0.837.png,19
174_3_933_444_0.837.png,18
174_3_933_444_0.837.png,23
174_3_933_444_0.837.png,14
174_3_933_444_0.837.png,4
174_3_933_444_0.837.png,6
174_3_933_444_0.837.png,1
174_3_933_444_0.837.png,11
174_3_933_444_0.837.png,13
174_3_933_444_0.837.png,10
174_3_933_444_0.837.png,5
174_3_933_444_0.837.png,12
174_3_933_444_0.837.png,9
174_3_933_444_0.837.png,4
174_3_933_444_0.837.png,1
174_3_933_444_0.837.png,16
174_3_933_444_0.837.png,19
174_3_933_444_0.837.png,21
245_3_492_576_0.862.png,10
245_3_492_576_0.862.png,5
245_3_492_576_0.862.png,17
245_3_492_576_0.862.png,14
245_3_492_576_0.862.png,9
245_3_492_576_0.862.png,14
245_3_492_576_0.862.png,18
245_3_492_576_0.862.png,6
245_3_492_576_0.862.png,2
245_3_492_576_0.862.png,6
245_3_492_576_0.862.png,1
245_3_492_576_0.862.png,7
245_3_492_576_0.862.png,19
245_3_492_576_0.862.png,17
245_3_492_576_0.862.png,11
245_3_492_576_0.862.png,20
245_3_492_576_0.862.png,12
245_3_492_576_0.862.png,15
245_3_492_576_0.862.png,13
245_3_492_576_0.862.png,20
245_3_492_576_0.862.png,3
245_3_492_576_0.862.png,8
245_3_492_576_0.862.png,18
245_3_492_576_0.862.png,16
245_3_492_576_0.862.png,23
245_3_492_576_0.862.png,1
245_3_492_576_0.862.png,11
245_3_492_576_0.862.png,4
245_3_492_576_0.862.png,9
245_3_492_576_0.862.png,2
245_3_492_576_0.862.png,19
245_3_492_576_0.862.png,16
245_3_492_576_0.862.png,3
245_3_492_576_0.862.png,8
245_3_492_576_0.862.png,24
245_3_492_576_0.862.png,7
245_3_492_576_0.862.png,22
245_3_492_576_0.862.png,22
245_3_492_576_0.862.png,21
245_3_492_576_0.862.png,21
245_3_492_576_0.862.png,15
277_3_1080_609_0.889.png,19
277_3_1080_609_0.889.png,9
277_3_1080_609_0.889.png,20
277_3_1080_609_0.889.png,11
277_3_1080_609_0.889.png,24
277_3_1080_609_0.889.png,20
277_3_1080_609_0.889.png,7
277_3_1080_609_0.889.png,8
277_3_1080_609_0.889.png,18
277_3_1080_609_0.889.png,15
277_3_1080_609_0.889.png,12
277_3_1080_609_0.889.png,10
277_3_1080_609_0.889.png,18
277_3_1080_609_0.889.png,23
277_3_1080_609_0.889.png,14
277_3_1080_609_0.889.png,1
277_3_1080_609_0.889.png,12
277_3_1080_609_0.889.png,8
277_3_1080_609_0.889.png,13
277_3_1080_609_0.889.png,3
277_3_1080_609_0.889.png,2
277_3_1080_609_0.889.png,9
277_3_1080_609_0.889.png,7
277_3_1080_609_0.889.png,3
277_3_1080_609_0.889.png,15
277_3_1080_609_0.889.png,22
277_3_1080_609_0.889.png,5
277_3_1080_609_0.889.png,4
277_3_1080_609_0.889.png,17
277_3_1080_609_0.889.png,17
277_3_1080_609_0.889.png,21
277_3_1080_609_0.889.png,22
277_3_1080_609_0.889.png,19
277_3_1080_609_0.889.png,2
277_3_1080_609_0.889.png,16
277_3_1080_609_0.889.png,21
277_3_1080_609_0.889.png,16
277_3_1080_609_0.889.png,4
277_3_1080_609_0.889.png,6
277_3_1080_609_0.889.png,10
277_3_1080_609_0.889.png,14
277_3_1080_609_0.889.png,1
277_3_1080_609_0.889.png,5
277_3_1080_609_0.889.png,11
277_3_1080_609_0.889.png,13
277_3_1080_609_0.889.png,6
232_2_835_543_0.900.png,24
232_2_835_543_0.900.png,2
232_2_835_543_0.900.png,8
232_2_835_543_0.900.png,1
232_2_835_543_0.900.png,22
232_2_835_543_0.900.png,13
232_2_835_543_0.900.png,15
232_2_835_543_0.900.png,12
232_2_835_543_0.900.png,13
232_2_835_543_0.900.png,11
232_2_835_543_0.900.png,7
232_2_835_543_0.900.png,7
232_2_835_543_0.900.png,15
232_2_835_543_0.900.png,18
232_2_835_543_0.900.png,6
232_2_835_543_0.900.png,21
232_2_835_543_0.900.png,17
232_2_835_543_0.900.png,19
232_2_835_543_0.900.png,9
232_2_835_543_0.900.png,11
232_2_835_543_0.900.png,22
232_2_835_543_0.900.png,18
232_2_835_543_0.900.png,1
232_2_835_543_0.900.png,12
232_2_835_543_0.900.png,5
232_2_835_543_0.900.png,17
232_2_835_543_0.900.png,21
232_2_835_543_0.900.png,20
232_2_835_543_0.900.png,10
232_2_835_543_0.900.png,4
232_2_835_543_0.900.png,4
232_2_835_543_0.900.png,19
232_2_835_543_0.900.png,16
232_2_835_543_0.900.png,5
232_2_835_543_0.900.png,9
232_2_835_543_0.900.png,3
232_2_835_543_0.900.png,3
232_2_835_543_0.900.png,16
232_2_835_543_0.900.png,14
232_2_835_543_0.900.png,6
232_2_835_543_0.900.png,23
232_2_835_543_0.900.png,8
232_2_835_543_0.900.png,14
232_2_835_543_0.900.png,20
232_2_835_543_0.900.png,10
232_2_835_543_0.900.png,2
74_2_933_279_0.627.png,9
74_2_933_279_0.627.png,16
74_2_933_279_0.627.png,7
74_2_933_279_0.627.png,6
74_2_933_279_0.627.png,3
74_2_933_279_0.627.png,12
74_2_933_279_0.627.png,14
74_2_933_279_0.627.png,1
74_2_933_279_0.627.png,5
74_2_933_279_0.627.png,15
74_2_933_279_0.627.png,12
74_2_933_279_0.627.png,8
74_2_933_279_0.627.png,17
74_2_933_279_0.627.png,21
74_2_933_279_0.627.png,19
74_2_933_279_0.627.png,20
74_2_933_279_0.627.png,11
74_2_933_279_0.627.png,15
74_2_933_279_0.627.png,13
74_2_933_279_0.627.png,17
74_2_933_279_0.627.png,10
74_2_933_279_0.627.png,16
74_2_933_279_0.627.png,6
74_2_933_279_0.627.png,13
74_2_933_279_0.627.png,20
74_2_933_279_0.627.png,9
74_2_933_279_0.627.png,8
74_2_933_279_0.627.png,4
74_2_933_279_0.627.png,3
74_2_933_279_0.627.png,18
74_2_933_279_0.627.png,10
74_2_933_279_0.627.png,21
74_2_933_279_0.627.png,14
74_2_933_279_0.627.png,5
74_2_933_279_0.627.png,2
74_2_933_279_0.627.png,7
74_2_933_279_0.627.png,23
74_2_933_279_0.627.png,4
74_2_933_279_0.627.png,11
74_2_933_279_0.627.png,22
74_2_933_279_0.627.png,2
74_2_933_279_0.627.png,22
74_2_933_279_0.627.png,18
74_2_933_279_0.627.png,24
74_2_933_279_0.627.png,1
74_2_933_279_0.627.png,19
26_2_541_213_0.804.png,5
26_2_541_213_0.804.png,17
26_2_541_213_0.804.png,16
26_2_541_213_0.804.png,11
26_2_541_213_0.804.png,24
26_2_541_213_0.804.png,5
26_2_541_213_0.804.png,12
26_2_541_213_0.804.png,13
26_2_541_213_0.804.png,4
26_2_541_213_0.804.png,8
26_2_541_213_0.804.png,1
26_2_541_213_0.804.png,14
26_2_541_213_0.804.png,22
26_2_541_213_0.804.png,8
26_2_541_213_0.804.png,18
26_2_541_213_0.804.png,9
26_2_541_213_0.804.png,4
26_2_541_213_0.804.png,7
26_2_541_213_0.804.png,11
26_2_541_213_0.804.png,9
26_2_541_213_0.804.png,19
26_2_541_213_0.804.png,18
26_2_541_213_0.804.png,7
26_2_541_213_0.804.png,13
26_2_541_213_0.804.png,2
26_2_541_213_0.804.png,17
26_2_541_213_0.804.png,15
26_2_541_213_0.804.png,6
26_2_541_213_0.804.png,3
26_2_541_213_0.804.png,14
26_2_541_213_0.804.png,6
26_2_541_213_0.804.png,21
26_2_541_213_0.804.png,16
26_2_541_213_0.804.png,15
26_2_541_213_0.804.png,2
26_2_541_213_0.804.png,19
26_2_541_213_0.804.png,23
26_2_541_213_0.804.png,1
26_2_541_213_0.804.png,22
26_2_541_213_0.804.png,12
26_2_541_213_0.804.png,10
26_2_541_213_0.804.png,20
26_2_541_213_0.804.png,3
26_2_541_213_0.804.png,21
26_2_541_213_0.804.png,10
26_2_541_213_0.804.png,20
10_2_737_180_0.821.png,7
10_2_737_180_0.821.png,14
10_2_737_180_0.821.png,22
10_2_737_180_0.821.png,9
10_2_737_180_0.821.png,18
10_2_737_180_0.821.png,13
10_2_737_180_0.821.png,11
10_2_737_180_0.821.png,12
10_2_737_180_0.821.png,19
10_2_737_180_0.821.png,9
10_2_737_180_0.821.png,17
10_2_737_180_0.821.png,22
10_2_737_180_0.821.png,16
10_2_737_180_0.821.png,5
10_2_737_180_0.821.png,18
10_2_737_180_0.821.png,13
10_2_737_180_0.821.png,10
10_2_737_180_0.821.png,15
10_2_737_180_0.821.png,15
10_2_737_180_0.821.png,21
10_2_737_180_0.821.png,8
10_2_737_180_0.821.png,14
10_2_737_180_0.821.png,3
10_2_737_180_0.821.png,23
10_2_737_180_0.821.png,1
10_2_737_180_0.821.png,8
10_2_737_180_0.821.png,20
10_2_737_180_0.821.png,17
10_2_737_180_0.821.png,11
10_2_737_180_0.821.png,2
10_2_737_180_0.821.png,10
10_2_737_180_0.821.png,20
10_2_737_180_0.821.png,7
10_2_737_180_0.821.png,2
10_2_737_180_0.821.png,16
10_2_737_180_0.821.png,4
10_2_737_180_0.821.png,24
10_2_737_180_0.821.png,6
10_2_737_180_0.821.png,6
10_2_737_180_0.821.png,19
10_2_737_180_0.821.png,1
10_2_737_180_0.821.png,21
10_2_737_180_0.821.png,3
10_2_737_180_0.821.png,4
10_2_737_180_0.821.png,12
10_2_737_180_0.821.png,5
25_6_492_213_0.911.png,16
25_6_492_213_0.911.png,9
25_6_492_213_0.911.png,11
25_6_492_213_0.911.png,21
25_6_492_213_0.911.png,3
25_6_492_213_0.911.png,19
25_6_492_213_0.911.png,24
25_6_492_213_0.911.png,8
25_6_492_213_0.911.png,22
25_6_492_213_0.911.png,15
25_6_492_213_0.911.png,8
25_6_492_213_0.911.png,18
25_6_492_213_0.911.png,4
25_6_492_213_0.911.png,14
25_6_492_213_0.911.png,5
25_6_492_213_0.911.png,23
25_6_492_213_0.911.png,6
25_6_492_213_0.911.png,17
25_6_492_213_0.911.png,2
25_6_492_213_0.911.png,18
25_6_492_213_0.911.png,21
25_6_492_213_0.911.png,12
25_6_492_213_0.911.png,11
25_6_492_213_0.911.png,10
25_6_492_213_0.911.png,7
25_6_492_213_0.911.png,1
25_6_492_213_0.911.png,3
25_6_492_213_0.911.png,19
25_6_492_213_0.911.png,7
25_6_492_213_0.911.png,17
25_6_492_213_0.911.png,10
25_6_492_213_0.911.png,20
25_6_492_213_0.911.png,13
25_6_492_213_0.911.png,9
25_6_492_213_0.911.png,13
25_6_492_213_0.911.png,15
25_6_492_213_0.911.png,20
25_6_492_213_0.911.png,16
25_6_492_213_0.911.png,14
25_6_492_213_0.911.png,5
25_6_492_213_0.911.png,6
25_6_492_213_0.911.png,1
25_6_492_213_0.911.png,2
25_6_492_213_0.911.png,22
25_6_492_213_0.911.png,4
25_6_492_213_0.911.png,12
191_1_786_477_0.751.png,9
191_1_786_477_0.751.png,5
191_1_786_477_0.751.png,14
191_1_786_477_0.751.png,3
191_1_786_477_0.751.png,16
191_1_786_477_0.751.png,3
191_1_786_477_0.751.png,4
191_1_786_477_0.751.png,24
191_1_786_477_0.751.png,7
191_1_786_477_0.751.png,8
191_1_786_477_0.751.png,5
191_1_786_477_0.751.png,11
191_1_786_477_0.751.png,22
191_1_786_477_0.751.png,13
191_1_786_477_0.751.png,22
191_1_786_477_0.751.png,13
191_1_786_477_0.751.png,1
191_1_786_477_0.751.png,6
191_1_786_477_0.751.png,20
191_1_786_477_0.751.png,8
191_1_786_477_0.751.png,18
191_1_786_477_0.751.png,18
191_1_786_477_0.751.png,10
191_1_786_477_0.751.png,15
191_1_786_477_0.751.png,10
191_1_786_477_0.751.png,7
191_1_786_477_0.751.png,9
191_1_786_477_0.751.png,15
191_1_786_477_0.751.png,17
191_1_786_477_0.751.png,17
191_1_786_477_0.751.png,19
191_1_786_477_0.751.png,12
191_1_786_477_0.751.png,11
191_1_786_477_0.751.png,21
191_1_786_477_0.751.png,14
191_1_786_477_0.751.png,2
191_1_786_477_0.751.png,23
191_1_786_477_0.751.png,6
191_1_786_477_0.751.png,20
191_1_786_477_0.751.png,1
191_1_786_477_0.751.png,19
191_1_786_477_0.751.png,16
191_1_786_477_0.751.png,12
191_1_786_477_0.751.png,4
191_1_786_477_0.751.png,2
191_1_786_477_0.751.png,21
250_1_737_576_0.914.png,4
250_1_737_576_0.914.png,15
250_1_737_576_0.914.png,9
250_1_737_576_0.914.png,11
250_1_737_576_0.914.png,10
250_1_737_576_0.914.png,6
250_1_737_576_0.914.png,14
250_1_737_576_0.914.png,22
250_1_737_576_0.914.png,18
250_1_737_576_0.914.png,16
250_1_737_576_0.914.png,12
250_1_737_576_0.914.png,19
250_1_737_576_0.914.png,8
250_1_737_576_0.914.png,2
250_1_737_576_0.914.png,1
250_1_737_576_0.914.png,21
250_1_737_576_0.914.png,12
250_1_737_576_0.914.png,15
250_1_737_576_0.914.png,2
250_1_737_576_0.914.png,16
250_1_737_576_0.914.png,23
250_1_737_576_0.914.png,3
250_1_737_576_0.914.png,10
250_1_737_576_0.914.png,6
250_1_737_576_0.914.png,13
250_1_737_576_0.914.png,4
250_1_737_576_0.914.png,22
250_1_737_576_0.914.png,8
250_1_737_576_0.914.png,3
250_1_737_576_0.914.png,7
250_1_737_576_0.914.png,17
250_1_737_576_0.914.png,18
250_1_737_576_0.914.png,20
250_1_737_576_0.914.png,21
250_1_737_576_0.914.png,13
250_1_737_576_0.914.png,5
250_1_737_576_0.914.png,14
250_1_737_576_0.914.png,7
250_1_737_576_0.914.png,20
250_1_737_576_0.914.png,5
250_1_737_576_0.914.png,1
250_1_737_576_0.914.png,11
250_1_737_576_0.914.png,17
250_1_737_576_0.914.png,19
250_1_737_576_0.914.png,24
250_1_737_576_0.914.png,9
41_2_296_246_0.835.png,1
41_2_296_246_0.835.png,24
41_2_296_246_0.835.png,4
41_2_296_246_0.835.png,3
41_2_296_246_0.835.png,13
41_2_296_246_0.835.png,14
41_2_296_246_0.835.png,15
41_2_296_246_0.835.png,15
41_2_296_246_0.835.png,9
41_2_296_246_0.835.png,2
41_2_296_246_0.835.png,12
41_2_296_246_0.835.png,18
41_2_296_246_0.835.png,22
41_2_296_246_0.835.png,13
41_2_296_246_0.835.png,21
41_2_296_246_0.835.png,3
41_2_296_246_0.835.png,14
41_2_296_246_0.835.png,7
41_2_296_246_0.835.png,1
41_2_296_246_0.835.png,4
41_2_296_246_0.835.png,8
41_2_296_246_0.835.png,10
41_2_296_246_0.835.png,19
41_2_296_246_0.835.png,20
41_2_296_246_0.835.png,17
41_2_296_246_0.835.png,11
41_2_296_246_0.835.png,18
41_2_296_246_0.835.png,10
41_2_296_246_0.835.png,9
41_2_296_246_0.835.png,11
41_2_296_246_0.835.png,17
41_2_296_246_0.835.png,22
41_2_296_246_0.835.png,16
41_2_296_246_0.835.png,12
41_2_296_246_0.835.png,8
41_2_296_246_0.835.png,19
41_2_296_246_0.835.png,6
41_2_296_246_0.835.png,6
41_2_296_246_0.835.png,23
41_2_296_246_0.835.png,20
41_2_296_246_0.835.png,2
41_2_296_246_0.835.png,5
41_2_296_246_0.835.png,16
41_2_296_246_0.835.png,5
41_2_296_246_0.835.png,7
41_2_296_246_0.835.png,21
102_4_345_345_0.894.png,21
102_4_345_345_0.894.png,16
102_4_345_345_0.894.png,12
102_4_345_345_0.894.png,23
102_4_345_345_0.894.png,10
102_4_345_345_0.894.png,13
102_4_345_345_0.894.png,6
102_4_345_345_0.894.png,2
102_4_345_345_0.894.png,4
102_4_345_345_0.894.png,5
102_4_345_345_0.894.png,4
102_4_345_345_0.894.png,8
102_4_345_345_0.894.png,11
102_4_345_345_0.894.png,18
102_4_345_345_0.894.png,7
102_4_345_345_0.894.png,14
102_4_345_345_0.894.png,2
102_4_345_345_0.894.png,3
102_4_345_345_0.894.png,19
102_4_345_345_0.894.png,9
102_4_345_345_0.894.png,6
102_4_345_345_0.894.png,15
102_4_345_345_0.894.png,3
102_4_345_345_0.894.png,5
102_4_345_345_0.894.png,22
102_4_345_345_0.894.png,22
102_4_345_345_0.894.png,14
102_4_345_345_0.894.png,1
102_4_345_345_0.894.png,16
102_4_345_345_0.894.png,1
102_4_345_345_0.894.png,21
102_4_345_345_0.894.png,13
102_4_345_345_0.894.png,9
102_4_345_345_0.894.png,12
102_4_345_345_0.894.png,17
102_4_345_345_0.894.png,15
102_4_345_345_0.894.png,19
102_4_345_345_0.894.png,24
102_4_345_345_0.894.png,10
102_4_345_345_0.894.png,20
102_4_345_345_0.894.png,8
102_4_345_345_0.894.png,11
102_4_345_345_0.894.png,18
102_4_345_345_0.894.png,20
102_4_345_345_0.894.png,7
70_1_737_279_0.621.png,12
70_1_737_279_0.621.png,6
70_1_737_279_0.621.png,15
70_1_737_279_0.621.png,17
70_1_737_279_0.621.png,10
70_1_737_279_0.621.png,9
70_1_737_279_0.621.png,3
70_1_737_279_0.621.png,15
70_1_737_279_0.621.png,10
70_1_737_279_0.621.png,12
70_1_737_279_0.621.png,7
70_1_737_279_0.621.png,19
70_1_737_279_0.621.png,13
70_1_737_279_0.621.png,6
70_1_737_279_0.621.png,17
70_1_737_279_0.621.png,5
70_1_737_279_0.621.png,16
70_1_737_279_0.621.png,14
70_1_737_279_0.621.png,18
70_1_737_279_0.621.png,14
70_1_737_279_0.621.png,18
70_1_737_279_0.621.png,20
70_1_737_279_0.621.png,8
70_1_737_279_0.621.png,9
70_1_737_279_0.621.png,23
70_1_737_279_0.621.png,1
70_1_737_279_0.621.png,2
70_1_737_279_0.621.png,19
70_1_737_279_0.621.png,7
70_1_737_279_0.621.png,5
70_1_737_279_0.621.png,20
70_1_737_279_0.621.png,8
70_1_737_279_0.621.png,3
70_1_737_279_0.621.png,16
70_1_737_279_0.621.png,22
70_1_737_279_0.621.png,11
70_1_737_279_0.621.png,24
70_1_737_279_0.621.png,11
70_1_737_279_0.621.png,4
70_1_737_279_0.621.png,13
70_1_737_279_0.621.png,4
70_1_737_279_0.621.png,15
70_1_737_279_0.621.png,1
70_1_737_279_0.621.png,21
70_1_737_279_0.621.png,22
70_1_737_279_0.621.png,21
70_1_737_279_0.621.png,2
119_4_1178_345_0.774.png,16
119_4_1178_345_0.774.png,18
119_4_1178_345_0.774.png,18
119_4_1178_345_0.774.png,19
119_4_1178_345_0.774.png,15
119_4_1178_345_0.774.png,22
119_4_1178_345_0.774.png,22
119_4_1178_345_0.774.png,14
119_4_1178_345_0.774.png,16
119_4_1178_345_0.774.png,9
119_4_1178_345_0.774.png,13
119_4_1178_345_0.774.png,21
119_4_1178_345_0.774.png,19
119_4_1178_345_0.774.png,15
119_4_1178_345_0.774.png,4
119_4_1178_345_0.774.png,3
119_4_1178_345_0.774.png,4
119_4_1178_345_0.774.png,2
119_4_1178_345_0.774.png,1
119_4_1178_345_0.774.png,8
119_4_1178_345_0.774.png,3
119_4_1178_345_0.774.png,20
119_4_1178_345_0.774.png,10
119_4_1178_345_0.774.png,11
119_4_1178_345_0.774.png,21
119_4_1178_345_0.774.png,20
119_4_1178_345_0.774.png,11
119_4_1178_345_0.774.png,5
119_4_1178_345_0.774.png,6
119_4_1178_345_0.774.png,12
119_4_1178_345_0.774.png,6
119_4_1178_345_0.774.png,8
119_4_1178_345_0.774.png,17
119_4_1178_345_0.774.png,7
119_4_1178_345_0.774.png,9
119_4_1178_345_0.774.png,10
119_4_1178_345_0.774.png,12
119_4_1178_345_0.774.png,2
119_4_1178_345_0.774.png,5
119_4_1178_345_0.774.png,1
119_4_1178_345_0.774.png,7
119_4_1178_345_0.774.png,17
119_4_1178_345_0.774.png,14
119_4_1178_345_0.774.png,13
119_4_1178_345_0.774.png,23
23_1_394_213_0.575.png,17
23_1_394_213_0.575.png,19
23_1_394_213_0.575.png,3
23_1_394_213_0.575.png,2
23_1_394_213_0.575.png,9
23_1_394_213_0.575.png,23
23_1_394_213_0.575.png,15
23_1_394_213_0.575.png,6
23_1_394_213_0.575.png,10
23_1_394_213_0.575.png,10
23_1_394_213_0.575.png,8
23_1_394_213_0.575.png,7
23_1_394_213_0.575.png,21
23_1_394_213_0.575.png,18
23_1_394_213_0.575.png,17
23_1_394_213_0.575.png,4
23_1_394_213_0.575.png,13
23_1_394_213_0.575.png,5
23_1_394_213_0.575.png,12
23_1_394_213_0.575.png,5
23_1_394_213_0.575.png,8
23_1_394_213_0.575.png,16
23_1_394_213_0.575.png,16
23_1_394_213_0.575.png,7
23_1_394_213_0.575.png,4
23_1_394_213_0.575.png,19
23_1_394_213_0.575.png,13
23_1_394_213_0.575.png,20
23_1_394_213_0.575.png,14
23_1_394_213_0.575.png,24
23_1_394_213_0.575.png,1
23_1_394_213_0.575.png,22
23_1_394_213_0.575.png,18
23_1_394_213_0.575.png,2
23_1_394_213_0.575.png,20
23_1_394_213_0.575.png,15
23_1_394_213_0.575.png,6
23_1_394_213_0.575.png,14
23_1_394_213_0.575.png,11
23_1_394_213_0.575.png,22
23_1_394_213_0.575.png,21
23_1_394_213_0.575.png,12
23_1_394_213_0.575.png,1
23_1_394_213_0.575.png,9
23_1_394_213_0.575.png,11
23_1_394_213_0.575.png,3
131_4_786_378_0.786.png,13
131_4_786_378_0.786.png,22
131_4_786_378_0.786.png,14
131_4_786_378_0.786.png,8
131_4_786_378_0.786.png,3
131_4_786_378_0.786.png,18
131_4_786_378_0.786.png,21
131_4_786_378_0.786.png,24
131_4_786_378_0.786.png,16
131_4_786_378_0.786.png,12
131_4_786_378_0.786.png,11
131_4_786_378_0.786.png,20
131_4_786_378_0.786.png,11
131_4_786_378_0.786.png,23
131_4_786_378_0.786.png,10
131_4_786_378_0.786.png,7
131_4_786_378_0.786.png,3
131_4_786_378_0.786.png,5
131_4_786_378_0.786.png,20
131_4_786_378_0.786.png,6
131_4_786_378_0.786.png,13
131_4_786_378_0.786.png,6
131_4_786_378_0.786.png,7
131_4_786_378_0.786.png,18
131_4_786_378_0.786.png,15
131_4_786_378_0.786.png,8
131_4_786_378_0.786.png,19
131_4_786_378_0.786.png,16
131_4_786_378_0.786.png,1
131_4_786_378_0.786.png,1
131_4_786_378_0.786.png,17
131_4_786_378_0.786.png,9
131_4_786_378_0.786.png,9
131_4_786_378_0.786.png,19
131_4_786_378_0.786.png,14
131_4_786_378_0.786.png,2
131_4_786_378_0.786.png,10
131_4_786_378_0.786.png,16
131_4_786_378_0.786.png,4
131_4_786_378_0.786.png,2
131_4_786_378_0.786.png,5
131_4_786_378_0.786.png,22
131_4_786_378_0.786.png,21
131_4_786_378_0.786.png,12
131_4_786_378_0.786.png,4
131_4_786_378_0.786.png,17
136_2_1031_378_0.718.png,3
136_2_1031_378_0.718.png,22
136_2_1031_378_0.718.png,10
136_2_1031_378_0.718.png,4
136_2_1031_378_0.718.png,17
136_2_1031_378_0.718.png,12
136_2_1031_378_0.718.png,9
136_2_1031_378_0.718.png,21
136_2_1031_378_0.718.png,19
136_2_1031_378_0.718.png,7
136_2_1031_378_0.718.png,18
136_2_1031_378_0.718.png,15
136_2_1031_378_0.718.png,15
136_2_1031_378_0.718.png,1
136_2_1031_378_0.718.png,5
136_2_1031_378_0.718.png,10
136_2_1031_378_0.718.png,20
136_2_1031_378_0.718.png,21
136_2_1031_378_0.718.png,13
136_2_1031_378_0.718.png,8
136_2_1031_378_0.718.png,11
136_2_1031_378_0.718.png,1
136_2_1031_378_0.718.png,23
136_2_1031_378_0.718.png,18
136_2_1031_378_0.718.png,13
136_2_1031_378_0.718.png,3
136_2_1031_378_0.718.png,2
136_2_1031_378_0.718.png,24
136_2_1031_378_0.718.png,19
136_2_1031_378_0.718.png,2
136_2_1031_378_0.718.png,9
136_2_1031_378_0.718.png,12
136_2_1031_378_0.718.png,19
136_2_1031_378_0.718.png,6
136_2_1031_378_0.718.png,17
136_2_1031_378_0.718.png,5
136_2_1031_378_0.718.png,16
136_2_1031_378_0.718.png,8
136_2_1031_378_0.718.png,20
136_2_1031_378_0.718.png,4
136_2_1031_378_0.718.png,11
136_2_1031_378_0.718.png,14
136_2_1031_378_0.718.png,7
136_2_1031_378_0.718.png,14
136_2_1031_378_0.718.png,6
136_2_1031_378_0.718.png,22
1_8_296_180_0.864.png,19
1_8_296_180_0.864.png,3
1_8_296_180_0.864.png,16
1_8_296_180_0.864.png,13
1_8_296_180_0.864.png,20
1_8_296_180_0.864.png,4
1_8_296_180_0.864.png,7
1_8_296_180_0.864.png,18
1_8_296_180_0.864.png,9
1_8_296_180_0.864.png,15
1_8_296_180_0.864.png,19
1_8_296_180_0.864.png,6
1_8_296_180_0.864.png,23
1_8_296_180_0.864.png,14
1_8_296_180_0.864.png,24
1_8_296_180_0.864.png,2
1_8_296_180_0.864.png,4
1_8_296_180_0.864.png,2
1_8_296_180_0.864.png,1
1_8_296_180_0.864.png,22
1_8_296_180_0.864.png,22
1_8_296_180_0.864.png,18
1_8_296_180_0.864.png,12
1_8_296_180_0.864.png,10
1_8_296_180_0.864.png,11
1_8_296_180_0.864.png,10
1_8_296_180_0.864.png,13
1_8_296_180_0.864.png,5
1_8_296_180_0.864.png,11
1_8_296_180_0.864.png,12
1_8_296_180_0.864.png,6
1_8_296_180_0.864.png,9
1_8_296_180_0.864.png,21
1_8_296_180_0.864.png,17
1_8_296_180_0.864.png,1
1_8_296_180_0.864.png,14
1_8_296_180_0.864.png,15
21_1_296_213_0.519.png,9
21_1_296_213_0.519.png,17
21_1_296_213_0.519.png,5
21_1_296_213_0.519.png,20
21_1_296_213_0.519.png,12
21_1_296_213_0.519.png,13
21_1_296_213_0.519.png,17
21_1_296_213_0.519.png,20
21_1_296_213_0.519.png,10
21_1_296_213_0.519.png,6
21_1_296_213_0.519.png,10
21_1_296_213_0.519.png,23
21_1_296_213_0.519.png,16
21_1_296_213_0.519.png,11
21_1_296_213_0.519.png,4
21_1_296_213_0.519.png,15
21_1_296_213_0.519.png,19
21_1_296_213_0.519.png,2
21_1_296_213_0.519.png,13
21_1_296_213_0.519.png,5
21_1_296_213_0.519.png,8
21_1_296_213_0.519.png,6
21_1_296_213_0.519.png,21
21_1_296_213_0.519.png,14
21_1_296_213_0.519.png,1
21_1_296_213_0.519.png,19
21_1_296_213_0.519.png,1
21_1_296_213_0.519.png,7
21_1_296_213_0.519.png,15
21_1_296_213_0.519.png,22
21_1_296_213_0.519.png,17
21_1_296_213_0.519.png,3
21_1_296_213_0.519.png,18
21_1_296_213_0.519.png,2
21_1_296_213_0.519.png,4
21_1_296_213_0.519.png,12
21_1_296_213_0.519.png,14
21_1_296_213_0.519.png,19
21_1_296_213_0.519.png,7
21_1_296_213_0.519.png,9
21_1_296_213_0.519.png,21
21_1_296_213_0.519.png,18
21_1_296_213_0.519.png,17
21_1_296_213_0.519.png,11
21_1_296_213_0.519.png,3
173_2_884_444_0.886.png,4
173_2_884_444_0.886.png,14
173_2_884_444_0.886.png,5
173_2_884_444_0.886.png,19
173_2_884_444_0.886.png,10
173_2_884_444_0.886.png,8
173_2_884_444_0.886.png,9
173_2_884_444_0.886.png,7
173_2_884_444_0.886.png,23
173_2_884_444_0.886.png,17
173_2_884_444_0.886.png,10
173_2_884_444_0.886.png,13
173_2_884_444_0.886.png,21
173_2_884_444_0.886.png,8
173_2_884_444_0.886.png,20
173_2_884_444_0.886.png,6
173_2_884_444_0.886.png,19
173_2_884_444_0.886.png,3
173_2_884_444_0.886.png,4
173_2_884_444_0.886.png,15
173_2_884_444_0.886.png,2
173_2_884_444_0.886.png,21
173_2_884_444_0.886.png,18
173_2_884_444_0.886.png,24
173_2_884_444_0.886.png,5
173_2_884_444_0.886.png,3
173_2_884_444_0.886.png,16
173_2_884_444_0.886.png,6
173_2_884_444_0.886.png,7
173_2_884_444_0.886.png,15
173_2_884_444_0.886.png,11
173_2_884_444_0.886.png,2
173_2_884_444_0.886.png,1
173_2_884_444_0.886.png,9
173_2_884_444_0.886.png,12
173_2_884_444_0.886.png,12
173_2_884_444_0.886.png,1
173_2_884_444_0.886.png,16
173_2_884_444_0.886.png,17
173_2_884_444_0.886.png,14
173_2_884_444_0.886.png,11
173_2_884_444_0.886.png,18
173_2_884_444_0.886.png,13
173_2_884_444_0.886.png,22
173_2_884_444_0.886.png,22
173_2_884_444_0.886.png,20
67_2_590_279_0.685.png,23
67_2_590_279_0.685.png,6
67_2_590_279_0.685.png,18
67_2_590_279_0.685.png,7
67_2_590_279_0.685.png,1
67_2_590_279_0.685.png,9
67_2_590_279_0.685.png,15
67_2_590_279_0.685.png,22
67_2_590_279_0.685.png,8
67_2_590_279_0.685.png,1
67_2_590_279_0.685.png,5
67_2_590_279_0.685.png,20
67_2_590_279_0.685.png,16
67_2_590_279_0.685.png,9
67_2_590_279_0.685.png,19
67_2_590_279_0.685.png,14
67_2_590_279_0.685.png,5
67_2_590_279_0.685.png,4
67_2_590_279_0.685.png,17
67_2_590_279_0.685.png,17
67_2_590_279_0.685.png,3
67_2_590_279_0.685.png,7
67_2_590_279_0.685.png,2
67_2_590_279_0.685.png,12
67_2_590_279_0.685.png,3
67_2_590_279_0.685.png,11
67_2_590_279_0.685.png,10
67_2_590_279_0.685.png,20
67_2_590_279_0.685.png,12
67_2_590_279_0.685.png,13
67_2_590_279_0.685.png,11
67_2_590_279_0.685.png,24
67_2_590_279_0.685.png,19
67_2_590_279_0.685.png,21
67_2_590_279_0.685.png,16
67_2_590_279_0.685.png,8
67_2_590_279_0.685.png,2
67_2_590_279_0.685.png,14
67_2_590_279_0.685.png,6
67_2_590_279_0.685.png,4
67_2_590_279_0.685.png,18
67_2_590_279_0.685.png,10
67_2_590_279_0.685.png,21
67_2_590_279_0.685.png,13
67_2_590_279_0.685.png,15
67_2_590_279_0.685.png,22
57_12_1080_246_0.903.png,12
57_12_1080_246_0.903.png,15
57_12_1080_246_0.903.png,4
57_12_1080_246_0.903.png,23
57_12_1080_246_0.903.png,22
57_12_1080_246_0.903.png,2
57_12_1080_246_0.903.png,5
57_12_1080_246_0.903.png,9
57_12_1080_246_0.903.png,16
57_12_1080_246_0.903.png,6
57_12_1080_246_0.903.png,13
57_12_1080_246_0.903.png,12
57_12_1080_246_0.903.png,10
57_12_1080_246_0.903.png,7
57_12_1080_246_0.903.png,1
57_12_1080_246_0.903.png,9
57_12_1080_246_0.903.png,3
57_12_1080_246_0.903.png,21
57_12_1080_246_0.903.png,13
57_12_1080_246_0.903.png,19
57_12_1080_246_0.903.png,1
57_12_1080_246_0.903.png,15
57_12_1080_246_0.903.png,11
57_12_1080_246_0.903.png,2
57_12_1080_246_0.903.png,21
57_12_1080_246_0.903.png,6
57_12_1080_246_0.903.png,14
57_12_1080_246_0.903.png,18
57_12_1080_246_0.903.png,19
57_12_1080_246_0.903.png,5
57_12_1080_246_0.903.png,18
57_12_1080_246_0.903.png,8
57_12_1080_246_0.903.png,17
57_12_1080_246_0.903.png,4
57_12_1080_246_0.903.png,10
57_12_1080_246_0.903.png,7
57_12_1080_246_0.903.png,8
57_12_1080_246_0.903.png,24
57_12_1080_246_0.903.png,22
57_12_1080_246_0.903.png,16
57_12_1080_246_0.903.png,14
57_12_1080_246_0.903.png,17
57_12_1080_246_0.903.png,11
57_12_1080_246_0.903.png,20
51_3_786_246_0.530.png,9
51_3_786_246_0.530.png,21
51_3_786_246_0.530.png,6
51_3_786_246_0.530.png,1
51_3_786_246_0.530.png,19
51_3_786_246_0.530.png,24
51_3_786_246_0.530.png,16
51_3_786_246_0.530.png,11
51_3_786_246_0.530.png,5
51_3_786_246_0.530.png,19
51_3_786_246_0.530.png,12
51_3_786_246_0.530.png,6
51_3_786_246_0.530.png,11
51_3_786_246_0.530.png,2
51_3_786_246_0.530.png,8
51_3_786_246_0.530.png,16
51_3_786_246_0.530.png,20
51_3_786_246_0.530.png,2
51_3_786_246_0.530.png,4
51_3_786_246_0.530.png,18
51_3_786_246_0.530.png,17
51_3_786_246_0.530.png,1
51_3_786_246_0.530.png,23
51_3_786_246_0.530.png,5
51_3_786_246_0.530.png,10
51_3_786_246_0.530.png,13
51_3_786_246_0.530.png,17
51_3_786_246_0.530.png,4
51_3_786_246_0.530.png,15
51_3_786_246_0.530.png,22
51_3_786_246_0.530.png,3
51_3_786_246_0.530.png,21
51_3_786_246_0.530.png,7
51_3_786_246_0.530.png,15
51_3_786_246_0.530.png,16
51_3_786_246_0.530.png,14
51_3_786_246_0.530.png,3
51_3_786_246_0.530.png,9
51_3_786_246_0.530.png,7
51_3_786_246_0.530.png,22
51_3_786_246_0.530.png,13
51_3_786_246_0.530.png,14
51_3_786_246_0.530.png,12
51_3_786_246_0.530.png,10
51_3_786_246_0.530.png,8
47_8_590_246_0.899.png,7
47_8_590_246_0.899.png,1
47_8_590_246_0.899.png,10
47_8_590_246_0.899.png,16
47_8_590_246_0.899.png,11
47_8_590_246_0.899.png,2
47_8_590_246_0.899.png,8
47_8_590_246_0.899.png,14
47_8_590_246_0.899.png,17
47_8_590_246_0.899.png,14
47_8_590_246_0.899.png,12
47_8_590_246_0.899.png,12
47_8_590_246_0.899.png,20
47_8_590_246_0.899.png,16
47_8_590_246_0.899.png,15
47_8_590_246_0.899.png,17
47_8_590_246_0.899.png,20
47_8_590_246_0.899.png,5
47_8_590_246_0.899.png,22
47_8_590_246_0.899.png,21
47_8_590_246_0.899.png,7
47_8_590_246_0.899.png,15
47_8_590_246_0.899.png,21
47_8_590_246_0.899.png,5
47_8_590_246_0.899.png,2
47_8_590_246_0.899.png,24
47_8_590_246_0.899.png,22
47_8_590_246_0.899.png,23
47_8_590_246_0.899.png,19
47_8_590_246_0.899.png,18
47_8_590_246_0.899.png,6
47_8_590_246_0.899.png,10
47_8_590_246_0.899.png,4
47_8_590_246_0.899.png,3
47_8_590_246_0.899.png,6
47_8_590_246_0.899.png,4
47_8_590_246_0.899.png,19
47_8_590_246_0.899.png,9
47_8_590_246_0.899.png,3
47_8_590_246_0.899.png,13
47_8_590_246_0.899.png,11
47_8_590_246_0.899.png,18
117_2_1080_345_0.512.png,11
117_2_1080_345_0.512.png,1
117_2_1080_345_0.512.png,15
117_2_1080_345_0.512.png,9
117_2_1080_345_0.512.png,18
117_2_1080_345_0.512.png,13
117_2_1080_345_0.512.png,17
117_2_1080_345_0.512.png,15
117_2_1080_345_0.512.png,3
117_2_1080_345_0.512.png,5
117_2_1080_345_0.512.png,8
117_2_1080_345_0.512.png,2
117_2_1080_345_0.512.png,2
117_2_1080_345_0.512.png,20
117_2_1080_345_0.512.png,16
117_2_1080_345_0.512.png,21
117_2_1080_345_0.512.png,9
117_2_1080_345_0.512.png,7
117_2_1080_345_0.512.png,3
117_2_1080_345_0.512.png,6
117_2_1080_345_0.512.png,10
117_2_1080_345_0.512.png,4
117_2_1080_345_0.512.png,13
117_2_1080_345_0.512.png,18
117_2_1080_345_0.512.png,5
117_2_1080_345_0.512.png,22
117_2_1080_345_0.512.png,17
117_2_1080_345_0.512.png,4
117_2_1080_345_0.512.png,19
117_2_1080_345_0.512.png,11
117_2_1080_345_0.512.png,21
117_2_1080_345_0.512.png,24
117_2_1080_345_0.512.png,7
117_2_1080_345_0.512.png,23
117_2_1080_345_0.512.png,6
117_2_1080_345_0.512.png,16
117_2_1080_345_0.512.png,22
117_2_1080_345_0.512.png,14
117_2_1080_345_0.512.png,1
117_2_1080_345_0.512.png,12
117_2_1080_345_0.512.png,19
117_2_1080_345_0.512.png,20
147_3_590_411_0.874.png,1
147_3_590_411_0.874.png,3
147_3_590_411_0.874.png,8
147_3_590_411_0.874.png,12
147_3_590_411_0.874.png,2
147_3_590_411_0.874.png,9
147_3_590_411_0.874.png,7
147_3_590_411_0.874.png,15
147_3_590_411_0.874.png,10
147_3_590_411_0.874.png,2
147_3_590_411_0.874.png,10
147_3_590_411_0.874.png,4
147_3_590_411_0.874.png,23
147_3_590_411_0.874.png,11
147_3_590_411_0.874.png,12
147_3_590_411_0.874.png,17
147_3_590_411_0.874.png,14
147_3_590_411_0.874.png,5
147_3_590_411_0.874.png,19
147_3_590_411_0.874.png,11
147_3_590_411_0.874.png,6
147_3_590_411_0.874.png,6
147_3_590_411_0.874.png,22
147_3_590_411_0.874.png,21
147_3_590_411_0.874.png,20
147_3_590_411_0.874.png,20
147_3_590_411_0.874.png,14
147_3_590_411_0.874.png,22
147_3_590_411_0.874.png,13
147_3_590_411_0.874.png,3
147_3_590_411_0.874.png,1
147_3_590_411_0.874.png,5
147_3_590_411_0.874.png,13
147_3_590_411_0.874.png,16
147_3_590_411_0.874.png,9
147_3_590_411_0.874.png,18
147_3_590_411_0.874.png,21
147_3_590_411_0.874.png,24
147_3_590_411_0.874.png,16
147_3_590_411_0.874.png,17
147_3_590_411_0.874.png,22
147_3_590_411_0.874.png,15
147_3_590_411_0.874.png,4
147_3_590_411_0.874.png,7
147_3_590_411_0.874.png,18
147_3_590_411_0.874.png,8
100_4_247_345_0.914.png,13
100_4_247_345_0.914.png,17
100_4_247_345_0.914.png,3
100_4_247_345_0.914.png,14
100_4_247_345_0.914.png,22
100_4_247_345_0.914.png,18
100_4_247_345_0.914.png,8
100_4_247_345_0.914.png,10
100_4_247_345_0.914.png,7
100_4_247_345_0.914.png,2
100_4_247_345_0.914.png,13
100_4_247_345_0.914.png,4
100_4_247_345_0.914.png,12
100_4_247_345_0.914.png,3
100_4_247_345_0.914.png,1
100_4_247_345_0.914.png,16
100_4_247_345_0.914.png,18
100_4_247_345_0.914.png,15
100_4_247_345_0.914.png,1
100_4_247_345_0.914.png,15
100_4_247_345_0.914.png,21
100_4_247_345_0.914.png,19
100_4_247_345_0.914.png,19
100_4_247_345_0.914.png,6
100_4_247_345_0.914.png,22
100_4_247_345_0.914.png,16
100_4_247_345_0.914.png,11
100_4_247_345_0.914.png,8
100_4_247_345_0.914.png,4
100_4_247_345_0.914.png,20
100_4_247_345_0.914.png,6
100_4_247_345_0.914.png,21
100_4_247_345_0.914.png,14
100_4_247_345_0.914.png,5
100_4_247_345_0.914.png,7
100_4_247_345_0.914.png,10
100_4_247_345_0.914.png,5
100_4_247_345_0.914.png,11
100_4_247_345_0.914.png,2
100_4_247_345_0.914.png,17
100_4_247_345_0.914.png,20
100_4_247_345_0.914.png,12
100_4_247_345_0.914.png,9
100_4_247_345_0.914.png,23
100_4_247_345_0.914.png,24
100_4_247_345_0.914.png,9
107_3_590_345_0.876.png,2
107_3_590_345_0.876.png,20
107_3_590_345_0.876.png,6
107_3_590_345_0.876.png,9
107_3_590_345_0.876.png,10
107_3_590_345_0.876.png,22
107_3_590_345_0.876.png,18
107_3_590_345_0.876.png,3
107_3_590_345_0.876.png,11
107_3_590_345_0.876.png,3
107_3_590_345_0.876.png,4
107_3_590_345_0.876.png,7
107_3_590_345_0.876.png,12
107_3_590_345_0.876.png,12
107_3_590_345_0.876.png,11
107_3_590_345_0.876.png,1
107_3_590_345_0.876.png,8
107_3_590_345_0.876.png,20
107_3_590_345_0.876.png,19
107_3_590_345_0.876.png,23
107_3_590_345_0.876.png,6
107_3_590_345_0.876.png,14
107_3_590_345_0.876.png,16
107_3_590_345_0.876.png,21
107_3_590_345_0.876.png,10
107_3_590_345_0.876.png,15
107_3_590_345_0.876.png,9
107_3_590_345_0.876.png,4
107_3_590_345_0.876.png,15
107_3_590_345_0.876.png,16
107_3_590_345_0.876.png,24
107_3_590_345_0.876.png,18
107_3_590_345_0.876.png,17
107_3_590_345_0.876.png,21
107_3_590_345_0.876.png,13
107_3_590_345_0.876.png,5
107_3_590_345_0.876.png,17
107_3_590_345_0.876.png,14
107_3_590_345_0.876.png,7
107_3_590_345_0.876.png,22
107_3_590_345_0.876.png,13
107_3_590_345_0.876.png,1
107_3_590_345_0.876.png,5
107_3_590_345_0.876.png,19
107_3_590_345_0.876.png,8
107_3_590_345_0.876.png,2
10_2_737_180_0.901.png,12
10_2_737_180_0.901.png,4
10_2_737_180_0.901.png,19
10_2_737_180_0.901.png,23
10_2_737_180_0.901.png,1
10_2_737_180_0.901.png,9
10_2_737_180_0.901.png,17
10_2_737_180_0.901.png,22
10_2_737_180_0.901.png,20
10_2_737_180_0.901.png,7
10_2_737_180_0.901.png,18
10_2_737_180_0.901.png,13
10_2_737_180_0.901.png,3
10_2_737_180_0.901.png,20
10_2_737_180_0.901.png,14
10_2_737_180_0.901.png,21
10_2_737_180_0.901.png,6
10_2_737_180_0.901.png,12
10_2_737_180_0.901.png,2
10_2_737_180_0.901.png,10
10_2_737_180_0.901.png,15
10_2_737_180_0.901.png,24
10_2_737_180_0.901.png,11
10_2_737_180_0.901.png,22
10_2_737_180_0.901.png,13
10_2_737_180_0.901.png,18
10_2_737_180_0.901.png,19
10_2_737_180_0.901.png,16
10_2_737_180_0.901.png,3
10_2_737_180_0.901.png,6
10_2_737_180_0.901.png,10
10_2_737_180_0.901.png,17
10_2_737_180_0.901.png,4
10_2_737_180_0.901.png,14
10_2_737_180_0.901.png,8
10_2_737_180_0.901.png,15
10_2_737_180_0.901.png,21
10_2_737_180_0.901.png,7
10_2_737_180_0.901.png,5
10_2_737_180_0.901.png,11
10_2_737_180_0.901.png,9
10_2_737_180_0.901.png,5
10_2_737_180_0.901.png,8
10_2_737_180_0.901.png,1
10_2_737_180_0.901.png,2
10_2_737_180_0.901.png,16
10_2_737_180_0.901.png,20
190_3_737_477_0.654.png,11
190_3_737_477_0.654.png,17
190_3_737_477_0.654.png,5
190_3_737_477_0.654.png,7
190_3_737_477_0.654.png,18
190_3_737_477_0.654.png,22
190_3_737_477_0.654.png,10
190_3_737_477_0.654.png,1
190_3_737_477_0.654.png,16
190_3_737_477_0.654.png,9
190_3_737_477_0.654.png,11
190_3_737_477_0.654.png,3
190_3_737_477_0.654.png,4
190_3_737_477_0.654.png,6
190_3_737_477_0.654.png,18
190_3_737_477_0.654.png,24
190_3_737_477_0.654.png,13
190_3_737_477_0.654.png,3
190_3_737_477_0.654.png,17
190_3_737_477_0.654.png,19
190_3_737_477_0.654.png,14
190_3_737_477_0.654.png,19
190_3_737_477_0.654.png,21
190_3_737_477_0.654.png,15
190_3_737_477_0.654.png,1
190_3_737_477_0.654.png,12
190_3_737_477_0.654.png,20
190_3_737_477_0.654.png,23
190_3_737_477_0.654.png,2
190_3_737_477_0.654.png,21
190_3_737_477_0.654.png,20
190_3_737_477_0.654.png,9
190_3_737_477_0.654.png,15
190_3_737_477_0.654.png,22
190_3_737_477_0.654.png,22
190_3_737_477_0.654.png,13
190_3_737_477_0.654.png,11
190_3_737_477_0.654.png,21
190_3_737_477_0.654.png,7
190_3_737_477_0.654.png,2
190_3_737_477_0.654.png,12
190_3_737_477_0.654.png,8
190_3_737_477_0.654.png,5
190_3_737_477_0.654.png,21
190_3_737_477_0.654.png,14
190_3_737_477_0.654.png,6
190_3_737_477_0.654.png,3
190_3_737_477_0.654.png,22
190_3_737_477_0.654.png,18
190_3_737_477_0.654.png,20
190_3_737_477_0.654.png,10
190_3_737_477_0.654.png,5
190_3_737_477_0.654.png,16
190_3_737_477_0.654.png,18
190_3_737_477_0.654.png,19
190_3_737_477_0.654.png,3
190_3_737_477_0.654.png,17
190_3_737_477_0.654.png,2
190_3_737_477_0.654.png,16
190_3_737_477_0.654.png,24
190_3_737_477_0.654.png,9
190_3_737_477_0.654.png,17
190_3_737_477_0.654.png,12
190_3_737_477_0.654.png,23
190_3_737_477_0.654.png,10
190_3_737_477_0.654.png,4
190_3_737_477_0.654.png,14
190_3_737_477_0.654.png,1
190_3_737_477_0.654.png,9
190_3_737_477_0.654.png,6
190_3_737_477_0.654.png,1
190_3_737_477_0.654.png,7
190_3_737_477_0.654.png,15
190_3_737_477_0.654.png,4
190_3_737_477_0.654.png,11
190_3_737_477_0.654.png,8
190_3_737_477_0.654.png,15
190_3_737_477_0.654.png,5
190_3_737_477_0.654.png,13
190_3_737_477_0.654.png,20
190_3_737_477_0.654.png,13
109_5_688_345_0.536.png,20
109_5_688_345_0.536.png,3
109_5_688_345_0.536.png,21
109_5_688_345_0.536.png,3
109_5_688_345_0.536.png,24
109_5_688_345_0.536.png,6
109_5_688_345_0.536.png,19
109_5_688_345_0.536.png,13
109_5_688_345_0.536.png,9
109_5_688_345_0.536.png,18
109_5_688_345_0.536.png,11
109_5_688_345_0.536.png,5
109_5_688_345_0.536.png,4
109_5_688_345_0.536.png,6
109_5_688_345_0.536.png,10
109_5_688_345_0.536.png,17
109_5_688_345_0.536.png,1
109_5_688_345_0.536.png,16
109_5_688_345_0.536.png,8
109_5_688_345_0.536.png,2
109_5_688_345_0.536.png,11
109_5_688_345_0.536.png,12
109_5_688_345_0.536.png,4
109_5_688_345_0.536.png,19
109_5_688_345_0.536.png,10
109_5_688_345_0.536.png,9
109_5_688_345_0.536.png,7
109_5_688_345_0.536.png,14
109_5_688_345_0.536.png,22
109_5_688_345_0.536.png,15
109_5_688_345_0.536.png,7
109_5_688_345_0.536.png,20
109_5_688_345_0.536.png,1
109_5_688_345_0.536.png,18
109_5_688_345_0.536.png,13
109_5_688_345_0.536.png,12
109_5_688_345_0.536.png,17
109_5_688_345_0.536.png,2
109_5_688_345_0.536.png,15
109_5_688_345_0.536.png,5
109_5_688_345_0.536.png,23
109_5_688_345_0.536.png,21
109_5_688_345_0.536.png,22
168_2_639_444_0.524.png,19
168_2_639_444_0.524.png,6
168_2_639_444_0.524.png,15
168_2_639_444_0.524.png,7
168_2_639_444_0.524.png,21
168_2_639_444_0.524.png,1
168_2_639_444_0.524.png,20
168_2_639_444_0.524.png,21
168_2_639_444_0.524.png,17
168_2_639_444_0.524.png,10
168_2_639_444_0.524.png,16
168_2_639_444_0.524.png,8
168_2_639_444_0.524.png,13
168_2_639_444_0.524.png,5
168_2_639_444_0.524.png,2
168_2_639_444_0.524.png,4
168_2_639_444_0.524.png,16
168_2_639_444_0.524.png,17
168_2_639_444_0.524.png,12
168_2_639_444_0.524.png,4
168_2_639_444_0.524.png,22
168_2_639_444_0.524.png,8
168_2_639_444_0.524.png,11
168_2_639_444_0.524.png,2
168_2_639_444_0.524.png,14
168_2_639_444_0.524.png,13
168_2_639_444_0.524.png,11
168_2_639_444_0.524.png,9
168_2_639_444_0.524.png,6
168_2_639_444_0.524.png,14
168_2_639_444_0.524.png,24
168_2_639_444_0.524.png,10
168_2_639_444_0.524.png,7
168_2_639_444_0.524.png,15
168_2_639_444_0.524.png,9
168_2_639_444_0.524.png,5
168_2_639_444_0.524.png,3
168_2_639_444_0.524.png,23
168_2_639_444_0.524.png,1
168_2_639_444_0.524.png,3
168_2_639_444_0.524.png,18
168_2_639_444_0.524.png,22
168_2_639_444_0.524.png,12
168_2_639_444_0.524.png,19
168_2_639_444_0.524.png,18
181_3_296_477_0.569.png,10
181_3_296_477_0.569.png,4
181_3_296_477_0.569.png,9
181_3_296_477_0.569.png,15
181_3_296_477_0.569.png,22
181_3_296_477_0.569.png,11
181_3_296_477_0.569.png,12
181_3_296_477_0.569.png,12
181_3_296_477_0.569.png,1
181_3_296_477_0.569.png,13
181_3_296_477_0.569.png,6
181_3_296_477_0.569.png,2
181_3_296_477_0.569.png,20
181_3_296_477_0.569.png,7
181_3_296_477_0.569.png,2
181_3_296_477_0.569.png,14
181_3_296_477_0.569.png,9
181_3_296_477_0.569.png,3
181_3_296_477_0.569.png,19
181_3_296_477_0.569.png,8
181_3_296_477_0.569.png,21
181_3_296_477_0.569.png,22
181_3_296_477_0.569.png,23
181_3_296_477_0.569.png,1
181_3_296_477_0.569.png,5
181_3_296_477_0.569.png,14
181_3_296_477_0.569.png,3
181_3_296_477_0.569.png,13
181_3_296_477_0.569.png,19
181_3_296_477_0.569.png,19
181_3_296_477_0.569.png,15
181_3_296_477_0.569.png,6
181_3_296_477_0.569.png,21
181_3_296_477_0.569.png,17
181_3_296_477_0.569.png,4
181_3_296_477_0.569.png,17
181_3_296_477_0.569.png,10
181_3_296_477_0.569.png,18
181_3_296_477_0.569.png,7
181_3_296_477_0.569.png,18
181_3_296_477_0.569.png,20
181_3_296_477_0.569.png,5
181_3_296_477_0.569.png,8
181_3_296_477_0.569.png,11
181_3_296_477_0.569.png,24
181_3_296_477_0.569.png,19
5_4_492_180_0.897.png,6
5_4_492_180_0.897.png,23
5_4_492_180_0.897.png,13
5_4_492_180_0.897.png,6
5_4_492_180_0.897.png,7
5_4_492_180_0.897.png,8
5_4_492_180_0.897.png,3
5_4_492_180_0.897.png,24
5_4_492_180_0.897.png,13
5_4_492_180_0.897.png,4
5_4_492_180_0.897.png,10
5_4_492_180_0.897.png,14
5_4_492_180_0.897.png,15
5_4_492_180_0.897.png,9
5_4_492_180_0.897.png,22
5_4_492_180_0.897.png,4
5_4_492_180_0.897.png,18
5_4_492_180_0.897.png,21
5_4_492_180_0.897.png,1
5_4_492_180_0.897.png,11
5_4_492_180_0.897.png,10
5_4_492_180_0.897.png,8
5_4_492_180_0.897.png,2
5_4_492_180_0.897.png,5
5_4_492_180_0.897.png,7
5_4_492_180_0.897.png,1
5_4_492_180_0.897.png,22
5_4_492_180_0.897.png,9
5_4_492_180_0.897.png,17
5_4_492_180_0.897.png,13
5_4_492_180_0.897.png,2
5_4_492_180_0.897.png,18
5_4_492_180_0.897.png,19
5_4_492_180_0.897.png,17
5_4_492_180_0.897.png,12
5_4_492_180_0.897.png,12
5_4_492_180_0.897.png,21
5_4_492_180_0.897.png,3
5_4_492_180_0.897.png,5
5_4_492_180_0.897.png,20
5_4_492_180_0.897.png,15
5_4_492_180_0.897.png,20
5_4_492_180_0.897.png,16
5_4_492_180_0.897.png,11
5_4_492_180_0.897.png,19
5_4_492_180_0.897.png,16
256_2_1031_576_0.693.png,6
256_2_1031_576_0.693.png,8
256_2_1031_576_0.693.png,4
256_2_1031_576_0.693.png,6
256_2_1031_576_0.693.png,13
256_2_1031_576_0.693.png,1
256_2_1031_576_0.693.png,14
256_2_1031_576_0.693.png,2
256_2_1031_576_0.693.png,14
256_2_1031_576_0.693.png,20
256_2_1031_576_0.693.png,16
256_2_1031_576_0.693.png,22
256_2_1031_576_0.693.png,7
256_2_1031_576_0.693.png,21
256_2_1031_576_0.693.png,16
256_2_1031_576_0.693.png,10
256_2_1031_576_0.693.png,12
256_2_1031_576_0.693.png,3
256_2_1031_576_0.693.png,19
256_2_1031_576_0.693.png,10
256_2_1031_576_0.693.png,5
256_2_1031_576_0.693.png,18
256_2_1031_576_0.693.png,15
256_2_1031_576_0.693.png,5
256_2_1031_576_0.693.png,9
256_2_1031_576_0.693.png,17
256_2_1031_576_0.693.png,11
256_2_1031_576_0.693.png,7
256_2_1031_576_0.693.png,11
256_2_1031_576_0.693.png,23
256_2_1031_576_0.693.png,13
256_2_1031_576_0.693.png,22
256_2_1031_576_0.693.png,4
256_2_1031_576_0.693.png,18
256_2_1031_576_0.693.png,12
256_2_1031_576_0.693.png,20
256_2_1031_576_0.693.png,3
256_2_1031_576_0.693.png,8
256_2_1031_576_0.693.png,17
256_2_1031_576_0.693.png,24
256_2_1031_576_0.693.png,1
256_2_1031_576_0.693.png,2
256_2_1031_576_0.693.png,9
256_2_1031_576_0.693.png,15
256_2_1031_576_0.693.png,19
238_1_1129_543_0.792.png,18
238_1_1129_543_0.792.png,19
238_1_1129_543_0.792.png,21
238_1_1129_543_0.792.png,10
238_1_1129_543_0.792.png,5
238_1_1129_543_0.792.png,6
238_1_1129_543_0.792.png,14
238_1_1129_543_0.792.png,3
238_1_1129_543_0.792.png,23
238_1_1129_543_0.792.png,9
238_1_1129_543_0.792.png,3
238_1_1129_543_0.792.png,13
238_1_1129_543_0.792.png,12
238_1_1129_543_0.792.png,19
238_1_1129_543_0.792.png,1
238_1_1129_543_0.792.png,12
238_1_1129_543_0.792.png,8
238_1_1129_543_0.792.png,22
238_1_1129_543_0.792.png,20
238_1_1129_543_0.792.png,2
238_1_1129_543_0.792.png,16
238_1_1129_543_0.792.png,15
238_1_1129_543_0.792.png,4
238_1_1129_543_0.792.png,18
238_1_1129_543_0.792.png,10
238_1_1129_543_0.792.png,2
238_1_1129_543_0.792.png,22
238_1_1129_543_0.792.png,12
238_1_1129_543_0.792.png,11
238_1_1129_543_0.792.png,17
238_1_1129_543_0.792.png,1
238_1_1129_543_0.792.png,7
238_1_1129_543_0.792.png,4
238_1_1129_543_0.792.png,7
238_1_1129_543_0.792.png,13
238_1_1129_543_0.792.png,17
238_1_1129_543_0.792.png,16
238_1_1129_543_0.792.png,6
238_1_1129_543_0.792.png,20
238_1_1129_543_0.792.png,21
238_1_1129_543_0.792.png,15
238_1_1129_543_0.792.png,24
238_1_1129_543_0.792.png,14
238_1_1129_543_0.792.png,11
238_1_1129_543_0.792.png,5
18_4_1129_180_0.781.png,6
18_4_1129_180_0.781.png,24
18_4_1129_180_0.781.png,16
18_4_1129_180_0.781.png,16
18_4_1129_180_0.781.png,9
18_4_1129_180_0.781.png,15
18_4_1129_180_0.781.png,17
18_4_1129_180_0.781.png,12
18_4_1129_180_0.781.png,18
18_4_1129_180_0.781.png,21
18_4_1129_180_0.781.png,1
18_4_1129_180_0.781.png,2
18_4_1129_180_0.781.png,1
18_4_1129_180_0.781.png,10
18_4_1129_180_0.781.png,23
18_4_1129_180_0.781.png,12
18_4_1129_180_0.781.png,8
18_4_1129_180_0.781.png,20
18_4_1129_180_0.781.png,11
18_4_1129_180_0.781.png,8
18_4_1129_180_0.781.png,20
18_4_1129_180_0.781.png,2
18_4_1129_180_0.781.png,13
18_4_1129_180_0.781.png,5
18_4_1129_180_0.781.png,19
18_4_1129_180_0.781.png,4
18_4_1129_180_0.781.png,7
18_4_1129_180_0.781.png,21
18_4_1129_180_0.781.png,22
18_4_1129_180_0.781.png,6
18_4_1129_180_0.781.png,5
18_4_1129_180_0.781.png,7
18_4_1129_180_0.781.png,19
18_4_1129_180_0.781.png,14
18_4_1129_180_0.781.png,17
18_4_1129_180_0.781.png,3
18_4_1129_180_0.781.png,18
18_4_1129_180_0.781.png,13
18_4_1129_180_0.781.png,15
18_4_1129_180_0.781.png,4
18_4_1129_180_0.781.png,3
18_4_1129_180_0.781.png,9
18_4_1129_180_0.781.png,10
18_4_1129_180_0.781.png,22
155_3_982_411_0.804.png,7
155_3_982_411_0.804.png,9
155_3_982_411_0.804.png,13
155_3_982_411_0.804.png,16
155_3_982_411_0.804.png,9
155_3_982_411_0.804.png,1
155_3_982_411_0.804.png,20
155_3_982_411_0.804.png,21
155_3_982_411_0.804.png,8
155_3_982_411_0.804.png,10
155_3_982_411_0.804.png,20
155_3_982_411_0.804.png,6
155_3_982_411_0.804.png,19
155_3_982_411_0.804.png,3
155_3_982_411_0.804.png,11
155_3_982_411_0.804.png,17
155_3_982_411_0.804.png,15
155_3_982_411_0.804.png,14
155_3_982_411_0.804.png,15
155_3_982_411_0.804.png,5
155_3_982_411_0.804.png,22
155_3_982_411_0.804.png,6
155_3_982_411_0.804.png,14
155_3_982_411_0.804.png,8
155_3_982_411_0.804.png,10
155_3_982_411_0.804.png,3
155_3_982_411_0.804.png,7
155_3_982_411_0.804.png,2
155_3_982_411_0.804.png,19
155_3_982_411_0.804.png,21
155_3_982_411_0.804.png,4
155_3_982_411_0.804.png,12
155_3_982_411_0.804.png,18
155_3_982_411_0.804.png,11
155_3_982_411_0.804.png,16
155_3_982_411_0.804.png,17
155_3_982_411_0.804.png,4
155_3_982_411_0.804.png,1
155_3_982_411_0.804.png,24
155_3_982_411_0.804.png,23
155_3_982_411_0.804.png,5
155_3_982_411_0.804.png,2
155_3_982_411_0.804.png,18
155_3_982_411_0.804.png,13
155_3_982_411_0.804.png,22
155_3_982_411_0.804.png,12
116_2_1031_345_0.814.png,14
116_2_1031_345_0.814.png,22
116_2_1031_345_0.814.png,16
116_2_1031_345_0.814.png,3
116_2_1031_345_0.814.png,7
116_2_1031_345_0.814.png,9
116_2_1031_345_0.814.png,1
116_2_1031_345_0.814.png,8
116_2_1031_345_0.814.png,18
116_2_1031_345_0.814.png,8
116_2_1031_345_0.814.png,17
116_2_1031_345_0.814.png,18
116_2_1031_345_0.814.png,6
116_2_1031_345_0.814.png,5
116_2_1031_345_0.814.png,1
116_2_1031_345_0.814.png,11
116_2_1031_345_0.814.png,10
116_2_1031_345_0.814.png,6
116_2_1031_345_0.814.png,24
116_2_1031_345_0.814.png,2
116_2_1031_345_0.814.png,17
116_2_1031_345_0.814.png,4
116_2_1031_345_0.814.png,20
116_2_1031_345_0.814.png,3
116_2_1031_345_0.814.png,21
116_2_1031_345_0.814.png,13
116_2_1031_345_0.814.png,5
116_2_1031_345_0.814.png,20
116_2_1031_345_0.814.png,15
116_2_1031_345_0.814.png,23
116_2_1031_345_0.814.png,10
116_2_1031_345_0.814.png,13
116_2_1031_345_0.814.png,21
116_2_1031_345_0.814.png,16
116_2_1031_345_0.814.png,12
116_2_1031_345_0.814.png,15
116_2_1031_345_0.814.png,11
116_2_1031_345_0.814.png,9
116_2_1031_345_0.814.png,22
116_2_1031_345_0.814.png,12
116_2_1031_345_0.814.png,21
116_2_1031_345_0.814.png,4
116_2_1031_345_0.814.png,2
116_2_1031_345_0.814.png,14
116_2_1031_345_0.814.png,7
116_2_1031_345_0.814.png,21
193_2_884_477_0.862.png,10
193_2_884_477_0.862.png,9
193_2_884_477_0.862.png,5
193_2_884_477_0.862.png,10
193_2_884_477_0.862.png,8
193_2_884_477_0.862.png,6
193_2_884_477_0.862.png,15
193_2_884_477_0.862.png,23
193_2_884_477_0.862.png,18
193_2_884_477_0.862.png,13
193_2_884_477_0.862.png,19
193_2_884_477_0.862.png,18
193_2_884_477_0.862.png,6
193_2_884_477_0.862.png,13
193_2_884_477_0.862.png,20
193_2_884_477_0.862.png,22
193_2_884_477_0.862.png,5
193_2_884_477_0.862.png,17
193_2_884_477_0.862.png,22
193_2_884_477_0.862.png,4
193_2_884_477_0.862.png,8
193_2_884_477_0.862.png,15
193_2_884_477_0.862.png,1
193_2_884_477_0.862.png,9
193_2_884_477_0.862.png,24
193_2_884_477_0.862.png,7
193_2_884_477_0.862.png,20
193_2_884_477_0.862.png,14
193_2_884_477_0.862.png,17
193_2_884_477_0.862.png,11
193_2_884_477_0.862.png,2
193_2_884_477_0.862.png,14
193_2_884_477_0.862.png,21
193_2_884_477_0.862.png,21
193_2_884_477_0.862.png,12
193_2_884_477_0.862.png,19
193_2_884_477_0.862.png,16
193_2_884_477_0.862.png,16
193_2_884_477_0.862.png,12
193_2_884_477_0.862.png,2
193_2_884_477_0.862.png,3
117_2_1080_345_0.824.png,21
117_2_1080_345_0.824.png,12
117_2_1080_345_0.824.png,19
117_2_1080_345_0.824.png,17
117_2_1080_345_0.824.png,4
117_2_1080_345_0.824.png,14
117_2_1080_345_0.824.png,9
117_2_1080_345_0.824.png,10
117_2_1080_345_0.824.png,3
117_2_1080_345_0.824.png,2
117_2_1080_345_0.824.png,5
117_2_1080_345_0.824.png,13
117_2_1080_345_0.824.png,10
117_2_1080_345_0.824.png,19
117_2_1080_345_0.824.png,17
117_2_1080_345_0.824.png,13
117_2_1080_345_0.824.png,7
117_2_1080_345_0.824.png,16
117_2_1080_345_0.824.png,6
117_2_1080_345_0.824.png,11
117_2_1080_345_0.824.png,22
117_2_1080_345_0.824.png,18
117_2_1080_345_0.824.png,16
117_2_1080_345_0.824.png,5
117_2_1080_345_0.824.png,14
117_2_1080_345_0.824.png,15
117_2_1080_345_0.824.png,4
117_2_1080_345_0.824.png,2
117_2_1080_345_0.824.png,23
117_2_1080_345_0.824.png,8
117_2_1080_345_0.824.png,11
117_2_1080_345_0.824.png,18
117_2_1080_345_0.824.png,8
117_2_1080_345_0.824.png,12
117_2_1080_345_0.824.png,1
117_2_1080_345_0.824.png,7
117_2_1080_345_0.824.png,22
117_2_1080_345_0.824.png,24
117_2_1080_345_0.824.png,1
117_2_1080_345_0.824.png,20
117_2_1080_345_0.824.png,3
117_2_1080_345_0.824.png,6
117_2_1080_345_0.824.png,9
117_2_1080_345_0.824.png,20
117_2_1080_345_0.824.png,21
117_2_1080_345_0.824.png,15
218_3_1129_510_0.685.png,18
218_3_1129_510_0.685.png,19
218_3_1129_510_0.685.png,21
218_3_1129_510_0.685.png,10
218_3_1129_510_0.685.png,6
218_3_1129_510_0.685.png,13
218_3_1129_510_0.685.png,15
218_3_1129_510_0.685.png,14
218_3_1129_510_0.685.png,3
218_3_1129_510_0.685.png,23
218_3_1129_510_0.685.png,19
218_3_1129_510_0.685.png,12
218_3_1129_510_0.685.png,9
218_3_1129_510_0.685.png,24
218_3_1129_510_0.685.png,5
218_3_1129_510_0.685.png,6
218_3_1129_510_0.685.png,9
218_3_1129_510_0.685.png,3
218_3_1129_510_0.685.png,8
218_3_1129_510_0.685.png,22
218_3_1129_510_0.685.png,12
218_3_1129_510_0.685.png,14
218_3_1129_510_0.685.png,20
218_3_1129_510_0.685.png,2
218_3_1129_510_0.685.png,16
218_3_1129_510_0.685.png,15
218_3_1129_510_0.685.png,10
218_3_1129_510_0.685.png,18
218_3_1129_510_0.685.png,22
218_3_1129_510_0.685.png,4
218_3_1129_510_0.685.png,7
218_3_1129_510_0.685.png,17
218_3_1129_510_0.685.png,11
218_3_1129_510_0.685.png,2
218_3_1129_510_0.685.png,1
218_3_1129_510_0.685.png,1
218_3_1129_510_0.685.png,7
218_3_1129_510_0.685.png,4
218_3_1129_510_0.685.png,17
218_3_1129_510_0.685.png,13
218_3_1129_510_0.685.png,16
218_3_1129_510_0.685.png,20
218_3_1129_510_0.685.png,11
218_3_1129_510_0.685.png,5
90_1_737_312_0.871.png,4
90_1_737_312_0.871.png,13
90_1_737_312_0.871.png,15
90_1_737_312_0.871.png,1
90_1_737_312_0.871.png,10
90_1_737_312_0.871.png,10
90_1_737_312_0.871.png,12
90_1_737_312_0.871.png,6
90_1_737_312_0.871.png,19
90_1_737_312_0.871.png,8
90_1_737_312_0.871.png,5
90_1_737_312_0.871.png,12
90_1_737_312_0.871.png,8
90_1_737_312_0.871.png,17
90_1_737_312_0.871.png,4
90_1_737_312_0.871.png,16
90_1_737_312_0.871.png,7
90_1_737_312_0.871.png,2
90_1_737_312_0.871.png,9
90_1_737_312_0.871.png,20
90_1_737_312_0.871.png,2
90_1_737_312_0.871.png,3
90_1_737_312_0.871.png,11
90_1_737_312_0.871.png,7
90_1_737_312_0.871.png,24
90_1_737_312_0.871.png,21
90_1_737_312_0.871.png,18
90_1_737_312_0.871.png,6
90_1_737_312_0.871.png,14
90_1_737_312_0.871.png,17
90_1_737_312_0.871.png,3
90_1_737_312_0.871.png,20
90_1_737_312_0.871.png,22
90_1_737_312_0.871.png,13
90_1_737_312_0.871.png,1
90_1_737_312_0.871.png,14
90_1_737_312_0.871.png,11
90_1_737_312_0.871.png,18
90_1_737_312_0.871.png,5
90_1_737_312_0.871.png,23
90_1_737_312_0.871.png,15
90_1_737_312_0.871.png,21
90_1_737_312_0.871.png,22
90_1_737_312_0.871.png,16
90_1_737_312_0.871.png,9
90_1_737_312_0.871.png,19
27_1_590_213_0.881.png,17
27_1_590_213_0.881.png,22
27_1_590_213_0.881.png,6
27_1_590_213_0.881.png,16
27_1_590_213_0.881.png,20
27_1_590_213_0.881.png,17
27_1_590_213_0.881.png,9
27_1_590_213_0.881.png,7
27_1_590_213_0.881.png,23
27_1_590_213_0.881.png,19
27_1_590_213_0.881.png,12
27_1_590_213_0.881.png,14
27_1_590_213_0.881.png,1
27_1_590_213_0.881.png,8
27_1_590_213_0.881.png,2
27_1_590_213_0.881.png,4
27_1_590_213_0.881.png,13
27_1_590_213_0.881.png,5
27_1_590_213_0.881.png,18
27_1_590_213_0.881.png,1
27_1_590_213_0.881.png,12
27_1_590_213_0.881.png,6
27_1_590_213_0.881.png,23
27_1_590_213_0.881.png,15
27_1_590_213_0.881.png,13
27_1_590_213_0.881.png,11
27_1_590_213_0.881.png,4
27_1_590_213_0.881.png,10
27_1_590_213_0.881.png,20
27_1_590_213_0.881.png,5
27_1_590_213_0.881.png,22
27_1_590_213_0.881.png,11
27_1_590_213_0.881.png,14
27_1_590_213_0.881.png,10
27_1_590_213_0.881.png,16
27_1_590_213_0.881.png,7
27_1_590_213_0.881.png,9
27_1_590_213_0.881.png,21
27_1_590_213_0.881.png,2
27_1_590_213_0.881.png,8
27_1_590_213_0.881.png,19
27_1_590_213_0.881.png,18
27_1_590_213_0.881.png,3
27_1_590_213_0.881.png,21
27_1_590_213_0.881.png,15
27_1_590_213_0.881.png,3
89_2_688_312_0.893.png,17
89_2_688_312_0.893.png,13
89_2_688_312_0.893.png,15
89_2_688_312_0.893.png,22
89_2_688_312_0.893.png,20
89_2_688_312_0.893.png,12
89_2_688_312_0.893.png,16
89_2_688_312_0.893.png,8
89_2_688_312_0.893.png,15
89_2_688_312_0.893.png,19
89_2_688_312_0.893.png,23
89_2_688_312_0.893.png,9
89_2_688_312_0.893.png,14
89_2_688_312_0.893.png,5
89_2_688_312_0.893.png,3
89_2_688_312_0.893.png,4
89_2_688_312_0.893.png,2
89_2_688_312_0.893.png,16
89_2_688_312_0.893.png,14
89_2_688_312_0.893.png,6
89_2_688_312_0.893.png,8
89_2_688_312_0.893.png,19
89_2_688_312_0.893.png,23
89_2_688_312_0.893.png,12
89_2_688_312_0.893.png,9
89_2_688_312_0.893.png,22
89_2_688_312_0.893.png,10
89_2_688_312_0.893.png,6
89_2_688_312_0.893.png,7
89_2_688_312_0.893.png,13
89_2_688_312_0.893.png,7
89_2_688_312_0.893.png,11
89_2_688_312_0.893.png,17
89_2_688_312_0.893.png,21
89_2_688_312_0.893.png,10
89_2_688_312_0.893.png,2
89_2_688_312_0.893.png,1
89_2_688_312_0.893.png,1
89_2_688_312_0.893.png,21
89_2_688_312_0.893.png,3
89_2_688_312_0.893.png,11
89_2_688_312_0.893.png,4
89_2_688_312_0.893.png,20
89_2_688_312_0.893.png,18
89_2_688_312_0.893.png,18
177_1_1080_444_0.463.png,15
177_1_1080_444_0.463.png,10
177_1_1080_444_0.463.png,17
177_1_1080_444_0.463.png,21
177_1_1080_444_0.463.png,18
177_1_1080_444_0.463.png,14
177_1_1080_444_0.463.png,2
177_1_1080_444_0.463.png,18
177_1_1080_444_0.463.png,19
177_1_1080_444_0.463.png,8
177_1_1080_444_0.463.png,21
177_1_1080_444_0.463.png,16
177_1_1080_444_0.463.png,2
177_1_1080_444_0.463.png,12
177_1_1080_444_0.463.png,17
177_1_1080_444_0.463.png,12
177_1_1080_444_0.463.png,23
177_1_1080_444_0.463.png,22
177_1_1080_444_0.463.png,10
177_1_1080_444_0.463.png,3
177_1_1080_444_0.463.png,23
177_1_1080_444_0.463.png,5
177_1_1080_444_0.463.png,16
177_1_1080_444_0.463.png,9
177_1_1080_444_0.463.png,20
177_1_1080_444_0.463.png,11
177_1_1080_444_0.463.png,1
177_1_1080_444_0.463.png,19
177_1_1080_444_0.463.png,6
177_1_1080_444_0.463.png,15
177_1_1080_444_0.463.png,8
177_1_1080_444_0.463.png,1
177_1_1080_444_0.463.png,7
177_1_1080_444_0.463.png,13
177_1_1080_444_0.463.png,3
177_1_1080_444_0.463.png,4
177_1_1080_444_0.463.png,7
177_1_1080_444_0.463.png,13
177_1_1080_444_0.463.png,6
177_1_1080_444_0.463.png,11
177_1_1080_444_0.463.png,9
265_2_492_609_0.897.png,8
265_2_492_609_0.897.png,5
265_2_492_609_0.897.png,18
265_2_492_609_0.897.png,14
265_2_492_609_0.897.png,12
265_2_492_609_0.897.png,22
265_2_492_609_0.897.png,20
265_2_492_609_0.897.png,23
265_2_492_609_0.897.png,7
265_2_492_609_0.897.png,16
265_2_492_609_0.897.png,1
265_2_492_609_0.897.png,5
265_2_492_609_0.897.png,13
265_2_492_609_0.897.png,9
265_2_492_609_0.897.png,2
265_2_492_609_0.897.png,11
265_2_492_609_0.897.png,17
265_2_492_609_0.897.png,3
265_2_492_609_0.897.png,10
265_2_492_609_0.897.png,18
265_2_492_609_0.897.png,7
265_2_492_609_0.897.png,12
265_2_492_609_0.897.png,21
265_2_492_609_0.897.png,16
265_2_492_609_0.897.png,1
265_2_492_609_0.897.png,17
265_2_492_609_0.897.png,10
265_2_492_609_0.897.png,6
265_2_492_609_0.897.png,21
265_2_492_609_0.897.png,14
265_2_492_609_0.897.png,15
265_2_492_609_0.897.png,15
265_2_492_609_0.897.png,22
265_2_492_609_0.897.png,19
265_2_492_609_0.897.png,8
265_2_492_609_0.897.png,20
265_2_492_609_0.897.png,2
265_2_492_609_0.897.png,11
265_2_492_609_0.897.png,3
265_2_492_609_0.897.png,23
265_2_492_609_0.897.png,13
265_2_492_609_0.897.png,4
265_2_492_609_0.897.png,9
265_2_492_609_0.897.png,19
265_2_492_609_0.897.png,4
265_2_492_609_0.897.png,6
172_1_835_444_0.782.png,6
172_1_835_444_0.782.png,12
172_1_835_444_0.782.png,20
172_1_835_444_0.782.png,7
172_1_835_444_0.782.png,7
172_1_835_444_0.782.png,10
172_1_835_444_0.782.png,19
172_1_835_444_0.782.png,4
172_1_835_444_0.782.png,23
172_1_835_444_0.782.png,8
172_1_835_444_0.782.png,16
172_1_835_444_0.782.png,15
172_1_835_444_0.782.png,5
172_1_835_444_0.782.png,13
172_1_835_444_0.782.png,12
172_1_835_444_0.782.png,9
172_1_835_444_0.782.png,2
172_1_835_444_0.782.png,11
172_1_835_444_0.782.png,14
172_1_835_444_0.782.png,21
172_1_835_444_0.782.png,21
172_1_835_444_0.782.png,16
172_1_835_444_0.782.png,1
172_1_835_444_0.782.png,17
172_1_835_444_0.782.png,22
172_1_835_444_0.782.png,9
172_1_835_444_0.782.png,4
172_1_835_444_0.782.png,19
172_1_835_444_0.782.png,3
172_1_835_444_0.782.png,18
172_1_835_444_0.782.png,14
172_1_835_444_0.782.png,8
172_1_835_444_0.782.png,22
172_1_835_444_0.782.png,1
262_2_345_609_0.568.png,11
262_2_345_609_0.568.png,18
262_2_345_609_0.568.png,10
262_2_345_609_0.568.png,4
262_2_345_609_0.568.png,5
262_2_345_609_0.568.png,7
262_2_345_609_0.568.png,23
262_2_345_609_0.568.png,12
262_2_345_609_0.568.png,17
262_2_345_609_0.568.png,7
262_2_345_609_0.568.png,6
262_2_345_609_0.568.png,3
262_2_345_609_0.568.png,1
262_2_345_609_0.568.png,8
262_2_345_609_0.568.png,10
262_2_345_609_0.568.png,1
262_2_345_609_0.568.png,5
262_2_345_609_0.568.png,11
262_2_345_609_0.568.png,4
262_2_345_609_0.568.png,9
262_2_345_609_0.568.png,3
262_2_345_609_0.568.png,21
262_2_345_609_0.568.png,14
262_2_345_609_0.568.png,16
262_2_345_609_0.568.png,20
262_2_345_609_0.568.png,2
262_2_345_609_0.568.png,15
262_2_345_609_0.568.png,20
262_2_345_609_0.568.png,15
262_2_345_609_0.568.png,21
262_2_345_609_0.568.png,22
262_2_345_609_0.568.png,13
262_2_345_609_0.568.png,14
262_2_345_609_0.568.png,18
262_2_345_609_0.568.png,16
262_2_345_609_0.568.png,13
262_2_345_609_0.568.png,22
154_1_933_411_0.549.png,12
154_1_933_411_0.549.png,18
154_1_933_411_0.549.png,1
154_1_933_411_0.549.png,16
154_1_933_411_0.549.png,18
154_1_933_411_0.549.png,3
154_1_933_411_0.549.png,5
154_1_933_411_0.549.png,6
154_1_933_411_0.549.png,13
154_1_933_411_0.549.png,14
154_1_933_411_0.549.png,15
154_1_933_411_0.549.png,19
154_1_933_411_0.549.png,6
154_1_933_411_0.549.png,7
154_1_933_411_0.549.png,23
154_1_933_411_0.549.png,17
154_1_933_411_0.549.png,9
154_1_933_411_0.549.png,11
154_1_933_411_0.549.png,2
154_1_933_411_0.549.png,1
154_1_933_411_0.549.png,17
154_1_933_411_0.549.png,5
154_1_933_411_0.549.png,11
154_1_933_411_0.549.png,21
154_1_933_411_0.549.png,2
154_1_933_411_0.549.png,12
154_1_933_411_0.549.png,16
154_1_933_411_0.549.png,13
264_4_443_609_0.528.png,18
264_4_443_609_0.528.png,10
264_4_443_609_0.528.png,6
264_4_443_609_0.528.png,10
264_4_443_609_0.528.png,5
264_4_443_609_0.528.png,17
264_4_443_609_0.528.png,2
264_4_443_609_0.528.png,15
264_4_443_609_0.528.png,23
264_4_443_609_0.528.png,3
264_4_443_609_0.528.png,16
264_4_443_609_0.528.png,19
264_4_443_609_0.528.png,1
264_4_443_609_0.528.png,8
264_4_443_609_0.528.png,7
264_4_443_609_0.528.png,18
264_4_443_609_0.528.png,1
264_4_443_609_0.528.png,9
264_4_443_609_0.528.png,20
264_4_443_609_0.528.png,4
264_4_443_609_0.528.png,22
264_4_443_609_0.528.png,7
264_4_443_609_0.528.png,2
264_4_443_609_0.528.png,3
264_4_443_609_0.528.png,21
264_4_443_609_0.528.png,12
264_4_443_609_0.528.png,20
264_4_443_609_0.528.png,11
264_4_443_609_0.528.png,11
264_4_443_609_0.528.png,12
264_4_443_609_0.528.png,8
264_4_443_609_0.528.png,6
264_4_443_609_0.528.png,13
264_4_443_609_0.528.png,14
264_4_443_609_0.528.png,5
264_4_443_609_0.528.png,23
264_4_443_609_0.528.png,4
264_4_443_609_0.528.png,16
264_4_443_609_0.528.png,15
264_4_443_609_0.528.png,13
264_4_443_609_0.528.png,22
264_4_443_609_0.528.png,19
264_4_443_609_0.528.png,21
264_4_443_609_0.528.png,9
264_4_443_609_0.528.png,17
264_4_443_609_0.528.png,14
